descriptor,feature,importance
acoustic,lowLevel.hfc.mean,11.051522871755878
acoustic,lowLevel.spectral_energyband_middle_high.mean,4.386181523807409
acoustic,lowLevel.spectral_energy.mean,2.2450793497446284
acoustic,lowLevel.barkbands.mean.16,2.230477115524991
acoustic,lowLevel.spectral_rms.stdev,2.13099111696647
acoustic,lowLevel.spectral_strongpeak.mean,1.3883426958800555
acoustic,lowLevel.barkbands.mean.18,1.213816586896428
acoustic,lowLevel.mfcc.stdev.8,1.0707853764361062
acoustic,lowLevel.spectral_strongpeak.stdev,1.0167185192931356
acoustic,lowLevel.barkbands.mean.17,0.9047899665674777
acoustic,lowLevel.scvalleys.mean.4,0.8647701978588884
acoustic,lowLevel.spectral_energyband_high.mean,0.8612199194212735
acoustic,lowLevel.spectral_flux.mean,0.8462040884624003
acoustic,lowLevel.spectral_energyband_middle_low.stdev,0.8019168218452251
acoustic,lowLevel.spectral_complexity.stdev,0.7852555113495328
acoustic,lowLevel.pitch_instantaneous_confidence.stdev,0.7597742103753262
acoustic,lowLevel.barkbands.mean.26,0.7471442692990422
acoustic,lowLevel.sccoeffs.mean.5,0.7085106760860072
acoustic,lowLevel.mfcc.stdev.7,0.6899748349023866
acoustic,lowLevel.spectral_complexity.mean,0.644628749731055
acoustic,lowLevel.barkbands.mean.21,0.5990077710212063
acoustic,lowLevel.spectral_rms.mean,0.5488918018745608
acoustic,lowLevel.barkbands.mean.15,0.5398539659727248
acoustic,lowLevel.mfcc.stdev.9,0.5076938040324421
acoustic,lowLevel.spectral_energy.stdev,0.5036551181292452
acoustic,lowLevel.scvalleys.mean.3,0.4808253793089534
acoustic,lowLevel.hfc.stdev,0.47854560079576913
acoustic,lowLevel.silence_rate_60dB.mean,0.4727456628534128
acoustic,lowLevel.mfcc.stdev.10,0.4566351151033814
acoustic,lowLevel.barkbands.mean.14,0.4527465600549476
acoustic,lowLevel.barkbands.mean.22,0.4422398075257661
acoustic,lowLevel.barkbands.stdev.3,0.4333966074627824
acoustic,lowLevel.mfcc.stdev.0,0.4093648393509284
acoustic,lowLevel.scvalleys.mean.5,0.3985855452774558
acoustic,lowLevel.barkbands.stdev.26,0.39149519632428564
acoustic,lowLevel.mfcc.stdev.11,0.38360773389285896
acoustic,lowLevel.mfcc.stdev.6,0.37414765910216374
acoustic,lowLevel.barkbands.mean.4,0.36600216123952123
acoustic,lowLevel.spectral_kurtosis.mean,0.3501689164677373
acoustic,lowLevel.barkbands.stdev.9,0.34618193375717965
acoustic,lowLevel.dissonance.mean,0.3432974632596597
acoustic,lowLevel.spectral_energyband_middle_low.mean,0.34248745814329595
acoustic,lowLevel.barkbands.mean.5,0.30911163689324894
acoustic,lowLevel.mfcc.mean.7,0.30810500946608954
acoustic,lowLevel.spectral_decrease.mean,0.307311471333378
acoustic,lowLevel.barkbands.mean.8,0.3030563967186026
acoustic,lowLevel.spectral_energyband_middle_high.stdev,0.2973607116200583
acoustic,lowLevel.barkbands_spread.stdev,0.2958033102004265
acoustic,lowLevel.barkbands.mean.20,0.2852044557512272
acoustic,lowLevel.pitch_salience.mean,0.28056776385346893
acoustic,lowLevel.barkbands.stdev.5,0.2795446806876498
acoustic,lowLevel.barkbands.mean.25,0.2784866568763391
acoustic,lowLevel.barkbands.stdev.4,0.27438196538423654
acoustic,lowLevel.barkbands.mean.10,0.271391904225311
acoustic,lowLevel.barkbands.stdev.23,0.2629256072323187
acoustic,lowLevel.barkbands.stdev.25,0.2538489318831125
acoustic,lowLevel.barkbands.mean.3,0.24341567715600831
acoustic,lowLevel.mfcc.mean.0,0.24315684625616996
acoustic,lowLevel.mfcc.stdev.5,0.24284519921639003
acoustic,sfx.inharmonicity.stdev,0.23430772832216462
acoustic,lowLevel.sccoeffs.mean.2,0.2250291996042506
acoustic,sfx.tristimulus.stdev.0,0.22423922876441793
acoustic,lowLevel.barkbands.mean.12,0.22205276252134354
acoustic,lowLevel.spectral_decrease.stdev,0.22118519543801085
acoustic,lowLevel.barkbands.stdev.16,0.21973779215841205
acoustic,lowLevel.spectral_flatness_db.mean,0.21893337805158808
acoustic,lowLevel.pitch_instantaneous_confidence.mean,0.21241436042328132
acoustic,lowLevel.barkbands.mean.11,0.2097611273129587
acoustic,lowLevel.barkbands.mean.0,0.2018991902095877
acoustic,sfx.tristimulus.stdev.1,0.20048601617327222
acoustic,lowLevel.mfcc.stdev.12,0.19591923947177747
acoustic,lowLevel.mfcc.stdev.1,0.1924628595879767
acoustic,lowLevel.scvalleys.stdev.1,0.19186338848976447
acoustic,lowLevel.mfcc.stdev.2,0.19138471509904775
acoustic,lowLevel.barkbands.stdev.7,0.18394050177448662
acoustic,lowLevel.barkbands.mean.19,0.17688981781248003
acoustic,lowLevel.sccoeffs.mean.0,0.1741760610275378
acoustic,lowLevel.sccoeffs.mean.1,0.17392196114815306
acoustic,lowLevel.barkbands.stdev.11,0.17336335480376874
acoustic,lowLevel.barkbands.stdev.6,0.17180328326503513
acoustic,lowLevel.barkbands.stdev.19,0.16979753342457116
acoustic,lowLevel.scvalleys.mean.1,0.16828489757608622
acoustic,lowLevel.barkbands.stdev.21,0.16821187315508723
acoustic,sfx.inharmonicity.mean,0.16613536059958278
acoustic,lowLevel.pitch.mean,0.16196257121748658
acoustic,lowLevel.spectral_kurtosis.stdev,0.15609487088340757
acoustic,lowLevel.mfcc.mean.1,0.15285892693282221
acoustic,lowLevel.barkbands.stdev.12,0.14908011108491337
acoustic,lowLevel.barkbands.stdev.15,0.1473376444191672
acoustic,lowLevel.barkbands.mean.24,0.14586138121921977
acoustic,lowLevel.barkbands.mean.7,0.1446713837540301
acoustic,lowLevel.barkbands.mean.23,0.14423236325819744
acoustic,lowLevel.zerocrossingrate.mean,0.14167599481152138
acoustic,lowLevel.barkbands_kurtosis.mean,0.14076952022514888
acoustic,lowLevel.pitch.stdev,0.13901568344954285
acoustic,lowLevel.spectral_crest.stdev,0.13308743187371874
acoustic,sfx.oddtoevenharmonicenergyratio.stdev,0.13253334543696837
acoustic,lowLevel.mfcc.mean.6,0.13128002488883794
acoustic,lowLevel.barkbands.stdev.10,0.12966517301174463
acoustic,lowLevel.sccoeffs.mean.4,0.12870839349125163
acoustic,lowLevel.barkbands.stdev.17,0.12694894200467388
acoustic,lowLevel.sccoeffs.stdev.4,0.12531126604153542
acoustic,lowLevel.sccoeffs.mean.3,0.12375043688734877
acoustic,lowLevel.mfcc.mean.3,0.12171320925699547
acoustic,lowLevel.mfcc.mean.8,0.12159562612214359
acoustic,lowLevel.spectral_centroid.mean,0.12092010480046156
acoustic,lowLevel.mfcc.mean.2,0.12064452867343789
acoustic,sfx.tristimulus.stdev.2,0.12064377884235
acoustic,lowLevel.spectral_spread.mean,0.11521669638750609
acoustic,lowLevel.barkbands.mean.13,0.11441167885868708
acoustic,sfx.oddtoevenharmonicenergyratio.mean,0.1133026264142245
acoustic,lowLevel.sccoeffs.stdev.1,0.11323768496367848
acoustic,lowLevel.mfcc.stdev.3,0.1130815522847115
acoustic,lowLevel.barkbands.stdev.18,0.10986170533760742
acoustic,lowLevel.barkbands.stdev.13,0.1089637245954691
acoustic,lowLevel.dissonance.stdev,0.10865089961953345
acoustic,lowLevel.barkbands.stdev.0,0.1078337460385228
acoustic,lowLevel.zerocrossingrate.stdev,0.09988311455344956
acoustic,lowLevel.spectral_skewness.stdev,0.09760495003138203
acoustic,lowLevel.spectral_flux.stdev,0.09742139809532091
acoustic,lowLevel.mfcc.mean.4,0.09578866730407753
acoustic,lowLevel.barkbands.stdev.20,0.0956655767877237
acoustic,sfx.tristimulus.mean.0,0.0955544200114673
acoustic,lowLevel.spectral_energyband_high.stdev,0.0949691589376016
acoustic,lowLevel.scvalleys.stdev.0,0.09406752361428516
acoustic,lowLevel.sccoeffs.stdev.5,0.08902155798932654
acoustic,lowLevel.spectral_spread.stdev,0.08804940168920439
acoustic,sfx.tristimulus.mean.1,0.08582255362307478
acoustic,lowLevel.spectral_rolloff.mean,0.08490220455132658
acoustic,lowLevel.barkbands.stdev.24,0.08327627887047129
acoustic,lowLevel.barkbands.stdev.2,0.08209315862040967
acoustic,lowLevel.spectral_skewness.mean,0.08203049211442703
acoustic,lowLevel.spectral_rolloff.stdev,0.081660103489412
acoustic,lowLevel.scvalleys.mean.2,0.07943871944735292
acoustic,lowLevel.sccoeffs.stdev.2,0.07929422657980467
acoustic,lowLevel.barkbands.stdev.8,0.07885510491541936
acoustic,lowLevel.mfcc.mean.5,0.07615482679761953
acoustic,lowLevel.barkbands.stdev.14,0.07416289678849353
acoustic,lowLevel.spectral_energyband_low.mean,0.07075747822818812
acoustic,lowLevel.barkbands.mean.6,0.07019054636111832
acoustic,lowLevel.barkbands.mean.2,0.06943950018830947
acoustic,lowLevel.spectral_energyband_low.stdev,0.06917021199478768
acoustic,lowLevel.mfcc.stdev.4,0.06853253790541203
acoustic,lowLevel.barkbands_skewness.mean,0.06835281396342907
acoustic,lowLevel.scvalleys.stdev.2,0.06761467496835394
acoustic,lowLevel.scvalleys.mean.0,0.06546020992027479
acoustic,lowLevel.scvalleys.stdev.5,0.06397187105176272
acoustic,lowLevel.barkbands.stdev.22,0.06139149896171148
acoustic,lowLevel.mfcc.mean.9,0.060295259521808475
acoustic,lowLevel.sccoeffs.stdev.3,0.05591027993068565
acoustic,lowLevel.spectral_centroid.stdev,0.05229845813119027
acoustic,lowLevel.spectral_crest.mean,0.052211173926480114
acoustic,sfx.tristimulus.mean.2,0.04981041737119085
acoustic,lowLevel.mfcc.mean.10,0.04877272796147736
acoustic,lowLevel.barkbands_spread.mean,0.04529236819507787
acoustic,lowLevel.mfcc.mean.12,0.044373718320457556
acoustic,lowLevel.silence_rate_60dB.stdev,0.04156077112929779
acoustic,lowLevel.barkbands.mean.1,0.04146959201898426
acoustic,lowLevel.scvalleys.stdev.4,0.04129538360211882
acoustic,lowLevel.barkbands.mean.9,0.04007610271582962
acoustic,lowLevel.scvalleys.stdev.3,0.03872727768612094
acoustic,lowLevel.sccoeffs.stdev.0,0.0379919133047224
acoustic,lowLevel.spectral_flatness_db.stdev,0.035459964336041594
acoustic,lowLevel.barkbands_kurtosis.stdev,0.031167229302809574
acoustic,lowLevel.pitch_salience.stdev,0.028719697473206907
acoustic,lowLevel.barkbands.stdev.1,0.018216016645965283
acoustic,lowLevel.barkbands_skewness.stdev,0.013629703127662651
acoustic,lowLevel.mfcc.mean.11,0.012293575317016803
acoustic,lowLevel.silence_rate_30dB.stdev,0.0
acoustic,lowLevel.silence_rate_30dB.mean,0.0
acoustic,lowLevel.silence_rate_20dB.stdev,0.0
acoustic,lowLevel.silence_rate_20dB.mean,0.0
aggressive,lowLevel.hfc.mean,707.6207615783533
aggressive,lowLevel.spectral_complexity.stdev,107.5926621821418
aggressive,lowLevel.spectral_energy.mean,81.75979319994804
aggressive,lowLevel.spectral_complexity.mean,75.53233797859866
aggressive,lowLevel.hfc.stdev,27.682786088436842
aggressive,lowLevel.spectral_energyband_middle_high.mean,24.77228671488683
aggressive,lowLevel.spectral_energyband_middle_high.stdev,19.10055444034515
aggressive,lowLevel.mfcc.mean.0,9.813041609675565
aggressive,lowLevel.spectral_strongpeak.mean,7.984324520301016
aggressive,lowLevel.barkbands.mean.12,5.327456020400859
aggressive,lowLevel.barkbands.mean.11,4.733993477304466
aggressive,lowLevel.spectral_energyband_middle_low.mean,3.3600613356393296
aggressive,lowLevel.spectral_rms.mean,2.6304982361689326
aggressive,lowLevel.spectral_energyband_middle_low.stdev,1.9833309523446587
aggressive,lowLevel.barkbands.stdev.8,1.793724687449867
aggressive,lowLevel.silence_rate_60dB.mean,1.37897508952301
aggressive,lowLevel.barkbands.mean.22,1.2328908703448178
aggressive,lowLevel.barkbands.mean.17,1.1665460465592332
aggressive,lowLevel.scvalleys.mean.3,1.1183221419341862
aggressive,lowLevel.barkbands.mean.8,1.0795441397785908
aggressive,lowLevel.spectral_energyband_high.mean,1.0193160851486027
aggressive,lowLevel.barkbands.stdev.9,0.9077316168841207
aggressive,lowLevel.barkbands.mean.13,0.7593959655496292
aggressive,lowLevel.barkbands.stdev.11,0.7506939025188331
aggressive,lowLevel.barkbands.stdev.12,0.7418142879614606
aggressive,lowLevel.barkbands.mean.26,0.739192358290893
aggressive,lowLevel.mfcc.stdev.9,0.7156083441514056
aggressive,lowLevel.spectral_skewness.stdev,0.6982348991150502
aggressive,lowLevel.pitch_instantaneous_confidence.stdev,0.6749475346878171
aggressive,lowLevel.barkbands.mean.24,0.6520565169048496
aggressive,lowLevel.mfcc.stdev.7,0.5549045007210225
aggressive,lowLevel.mfcc.stdev.8,0.5391135771787958
aggressive,lowLevel.barkbands.mean.10,0.5373149060915239
aggressive,sfx.tristimulus.stdev.1,0.5163635469913288
aggressive,lowLevel.sccoeffs.stdev.2,0.5146715971524003
aggressive,lowLevel.spectral_kurtosis.stdev,0.4258356823283975
aggressive,lowLevel.mfcc.mean.8,0.42093999024655204
aggressive,lowLevel.barkbands.mean.14,0.3745925568291568
aggressive,lowLevel.mfcc.stdev.2,0.35453974502161145
aggressive,lowLevel.barkbands.stdev.17,0.34370089159347117
aggressive,lowLevel.mfcc.stdev.10,0.3417151037929642
aggressive,sfx.tristimulus.stdev.0,0.3359976432475378
aggressive,lowLevel.sccoeffs.mean.2,0.32944338474044343
aggressive,lowLevel.sccoeffs.mean.1,0.3161336051634862
aggressive,lowLevel.barkbands.stdev.26,0.3149100687878672
aggressive,lowLevel.barkbands.stdev.7,0.3106274868478067
aggressive,lowLevel.mfcc.stdev.0,0.307530001118721
aggressive,lowLevel.barkbands.mean.7,0.30680814325023675
aggressive,lowLevel.spectral_rms.stdev,0.2797906086780131
aggressive,lowLevel.barkbands.mean.18,0.26131883563266456
aggressive,lowLevel.barkbands.mean.25,0.261099689087132
aggressive,lowLevel.barkbands.stdev.10,0.2502274004800711
aggressive,lowLevel.pitch.mean,0.2473080316776759
aggressive,lowLevel.spectral_spread.mean,0.23210531240692944
aggressive,lowLevel.barkbands.mean.6,0.23166529648005962
aggressive,lowLevel.spectral_skewness.mean,0.2196553427602339
aggressive,lowLevel.spectral_flux.mean,0.21625586460140767
aggressive,sfx.tristimulus.stdev.2,0.20055383459657605
aggressive,lowLevel.scvalleys.stdev.1,0.19415083406784106
aggressive,lowLevel.barkbands.mean.16,0.18999465845990926
aggressive,lowLevel.spectral_kurtosis.mean,0.18627744778041233
aggressive,lowLevel.sccoeffs.mean.3,0.18442293931002496
aggressive,lowLevel.barkbands.mean.15,0.17568099668278592
aggressive,lowLevel.barkbands.mean.5,0.1670679314993322
aggressive,sfx.oddtoevenharmonicenergyratio.stdev,0.16288704577891622
aggressive,lowLevel.barkbands.stdev.5,0.16061486484341003
aggressive,lowLevel.dissonance.mean,0.14724825394296204
aggressive,lowLevel.scvalleys.stdev.2,0.13338300616305787
aggressive,lowLevel.scvalleys.stdev.3,0.13215865257097903
aggressive,lowLevel.spectral_crest.stdev,0.12906339268374722
aggressive,lowLevel.barkbands.mean.9,0.12076134982635267
aggressive,lowLevel.mfcc.mean.12,0.11416799250582699
aggressive,sfx.oddtoevenharmonicenergyratio.mean,0.11221261415630579
aggressive,lowLevel.scvalleys.stdev.4,0.11083270615199581
aggressive,lowLevel.barkbands_skewness.mean,0.10937094170367345
aggressive,lowLevel.mfcc.stdev.12,0.10266215240244492
aggressive,lowLevel.pitch.stdev,0.10236810135552332
aggressive,lowLevel.mfcc.stdev.5,0.09520587595761754
aggressive,lowLevel.barkbands.stdev.23,0.09300432500458555
aggressive,lowLevel.barkbands.stdev.6,0.08577711309771985
aggressive,lowLevel.sccoeffs.mean.5,0.08338523664860986
aggressive,lowLevel.zerocrossingrate.mean,0.07883001177106053
aggressive,lowLevel.spectral_rolloff.mean,0.07826151263725478
aggressive,lowLevel.sccoeffs.stdev.3,0.0780093123394181
aggressive,sfx.tristimulus.mean.2,0.07566483315167716
aggressive,lowLevel.mfcc.stdev.6,0.07067550119109
aggressive,lowLevel.barkbands.stdev.18,0.06734217964549316
aggressive,lowLevel.barkbands.stdev.16,0.06582856204477139
aggressive,lowLevel.pitch_instantaneous_confidence.mean,0.06431861546298023
aggressive,lowLevel.silence_rate_30dB.mean,0.06356529984623194
aggressive,lowLevel.spectral_centroid.mean,0.05998269241536036
aggressive,lowLevel.barkbands.stdev.3,0.05850756837753579
aggressive,lowLevel.barkbands.stdev.25,0.057052395364735276
aggressive,lowLevel.barkbands_kurtosis.stdev,0.05539376148954034
aggressive,lowLevel.spectral_flatness_db.stdev,0.05523544523748569
aggressive,lowLevel.scvalleys.stdev.0,0.05354744812939316
aggressive,lowLevel.mfcc.mean.10,0.05259046075116203
aggressive,lowLevel.spectral_strongpeak.stdev,0.04731713904766366
aggressive,lowLevel.mfcc.mean.3,0.044276797510974575
aggressive,lowLevel.mfcc.mean.2,0.043765083835751284
aggressive,lowLevel.pitch_salience.stdev,0.04115855290001491
aggressive,lowLevel.scvalleys.mean.0,0.040813917465129634
aggressive,sfx.tristimulus.mean.1,0.03885368414921686
aggressive,lowLevel.barkbands_skewness.stdev,0.03843846739619039
aggressive,lowLevel.mfcc.stdev.3,0.03778764721516836
aggressive,lowLevel.barkbands.mean.4,0.03720330217720402
aggressive,lowLevel.mfcc.mean.1,0.03696668436168693
aggressive,lowLevel.sccoeffs.stdev.1,0.036372803326230496
aggressive,lowLevel.barkbands.mean.0,0.03623746533412486
aggressive,lowLevel.sccoeffs.mean.0,0.035611626983154565
aggressive,lowLevel.barkbands.mean.1,0.034309520704482566
aggressive,lowLevel.mfcc.mean.11,0.03320515304221772
aggressive,lowLevel.barkbands.mean.3,0.032532756886212155
aggressive,lowLevel.barkbands.mean.21,0.03242766859898438
aggressive,lowLevel.mfcc.mean.4,0.03133170549699571
aggressive,lowLevel.scvalleys.mean.2,0.030795958992712258
aggressive,lowLevel.mfcc.mean.5,0.02893174806376919
aggressive,sfx.inharmonicity.mean,0.028820028324844316
aggressive,lowLevel.mfcc.stdev.4,0.026835453891180805
aggressive,lowLevel.barkbands.stdev.19,0.025764116435311735
aggressive,lowLevel.barkbands.stdev.2,0.024634793466248084
aggressive,lowLevel.barkbands_spread.stdev,0.024256078599137254
aggressive,lowLevel.scvalleys.mean.1,0.02301932021509856
aggressive,lowLevel.scvalleys.stdev.5,0.022735218197340146
aggressive,sfx.inharmonicity.stdev,0.02240576987969689
aggressive,lowLevel.scvalleys.mean.4,0.020621806907001883
aggressive,lowLevel.pitch_salience.mean,0.019073304429184645
aggressive,lowLevel.silence_rate_30dB.stdev,0.01826305064605549
aggressive,lowLevel.barkbands_kurtosis.mean,0.015730166063804063
aggressive,lowLevel.sccoeffs.stdev.4,0.015557402250124142
aggressive,lowLevel.mfcc.mean.7,0.01520186911734811
aggressive,lowLevel.scvalleys.mean.5,0.014874540429445915
aggressive,lowLevel.spectral_rolloff.stdev,0.01477148404228501
aggressive,lowLevel.dissonance.stdev,0.014354142069350928
aggressive,lowLevel.spectral_decrease.mean,0.01397578784963116
aggressive,lowLevel.barkbands.mean.23,0.013625214982312173
aggressive,lowLevel.mfcc.mean.9,0.012989312032004818
aggressive,lowLevel.barkbands.mean.20,0.012034457926347386
aggressive,lowLevel.sccoeffs.stdev.5,0.01189115439865418
aggressive,lowLevel.barkbands.mean.19,0.011176030930073466
aggressive,lowLevel.barkbands.stdev.13,0.011032867547328351
aggressive,lowLevel.barkbands.stdev.1,0.010944143170490861
aggressive,lowLevel.barkbands_spread.mean,0.010775023081805557
aggressive,lowLevel.spectral_flux.stdev,0.010347314062528312
aggressive,lowLevel.spectral_decrease.stdev,0.009780969936400652
aggressive,lowLevel.spectral_energy.stdev,0.009723807743284851
aggressive,lowLevel.spectral_spread.stdev,0.009312272231909446
aggressive,lowLevel.barkbands.mean.2,0.009096655063331127
aggressive,lowLevel.zerocrossingrate.stdev,0.009030026936670765
aggressive,lowLevel.mfcc.mean.6,0.008752933179493994
aggressive,lowLevel.mfcc.stdev.1,0.0082473155016487
aggressive,lowLevel.spectral_energyband_high.stdev,0.008235697110649198
aggressive,sfx.tristimulus.mean.0,0.007957549765706062
aggressive,lowLevel.sccoeffs.stdev.0,0.007791989257384557
aggressive,lowLevel.barkbands.stdev.15,0.007258157658725395
aggressive,lowLevel.barkbands.stdev.4,0.0072076764481607825
aggressive,lowLevel.spectral_energyband_low.mean,0.006276861560763791
aggressive,lowLevel.barkbands.stdev.20,0.005662683692207793
aggressive,lowLevel.spectral_crest.mean,0.005486396806190896
aggressive,lowLevel.sccoeffs.mean.4,0.005366848023044213
aggressive,lowLevel.barkbands.stdev.14,0.004371726041426882
aggressive,lowLevel.barkbands.stdev.0,0.00386717572928319
aggressive,lowLevel.mfcc.stdev.11,0.0037143229601497296
aggressive,lowLevel.barkbands.stdev.24,0.0036767800338566303
aggressive,lowLevel.spectral_flatness_db.mean,0.0034591450094012544
aggressive,lowLevel.silence_rate_60dB.stdev,0.0023873049940448254
aggressive,lowLevel.barkbands.stdev.21,0.0019421123569713927
aggressive,lowLevel.spectral_energyband_low.stdev,0.0013144849799573421
aggressive,lowLevel.barkbands.stdev.22,0.0012432759685907513
aggressive,lowLevel.spectral_centroid.stdev,0.00044365641224430874
aggressive,lowLevel.silence_rate_20dB.mean,0.0
aggressive,lowLevel.silence_rate_20dB.stdev,0.0
airy,lowLevel.spectral_energyband_middle_high.mean,32.9216100997146
airy,lowLevel.hfc.mean,29.936008302145638
airy,lowLevel.spectral_energyband_middle_low.mean,18.099585055897478
airy,lowLevel.barkbands.stdev.4,12.592716807615943
airy,lowLevel.barkbands.mean.18,9.623539164604153
airy,lowLevel.spectral_complexity.mean,7.485399473865982
airy,lowLevel.spectral_energyband_middle_low.stdev,5.9748111587250605
airy,lowLevel.mfcc.stdev.0,5.590389825927559
airy,lowLevel.hfc.stdev,5.356463623174932
airy,lowLevel.mfcc.stdev.8,5.026655765977921
airy,lowLevel.barkbands.mean.17,4.638146412646165
airy,lowLevel.barkbands.stdev.3,4.365698707057163
airy,lowLevel.spectral_complexity.stdev,4.066342786187306
airy,lowLevel.spectral_energy.stdev,3.9602465645002667
airy,lowLevel.mfcc.stdev.10,3.363653172214981
airy,lowLevel.sccoeffs.mean.4,3.2963663385016844
airy,lowLevel.spectral_rms.stdev,3.0275177964067552
airy,lowLevel.spectral_energyband_middle_high.stdev,3.0065462505153846
airy,lowLevel.spectral_energyband_high.mean,2.977963975223247
airy,lowLevel.barkbands.stdev.26,2.876300437928876
airy,lowLevel.scvalleys.stdev.4,2.6826741113036405
airy,lowLevel.sccoeffs.mean.5,2.640754322783323
airy,lowLevel.mfcc.stdev.9,2.5473997798690107
airy,lowLevel.spectral_spread.mean,2.323352664883714
airy,lowLevel.barkbands.mean.20,1.9964379757002462
airy,lowLevel.pitch_instantaneous_confidence.stdev,1.8907549013383687
airy,lowLevel.spectral_energy.mean,1.8316631700727157
airy,lowLevel.mfcc.mean.1,1.68509333813563
airy,lowLevel.spectral_strongpeak.mean,1.5677305990830064
airy,lowLevel.spectral_strongpeak.stdev,1.5379439910466317
airy,lowLevel.scvalleys.stdev.3,1.4790047757851426
airy,lowLevel.spectral_kurtosis.mean,1.410405365866609
airy,lowLevel.silence_rate_60dB.mean,1.271886584290769
airy,lowLevel.barkbands.mean.5,1.270658392837504
airy,lowLevel.scvalleys.mean.5,1.2656034591927892
airy,lowLevel.mfcc.stdev.7,1.2308852575661149
airy,lowLevel.spectral_rms.mean,1.1884135522996075
airy,lowLevel.sccoeffs.mean.3,1.1647402035305277
airy,lowLevel.zerocrossingrate.stdev,0.9429185228073038
airy,lowLevel.scvalleys.stdev.2,0.9376992279430851
airy,lowLevel.mfcc.stdev.12,0.9120326750125969
airy,lowLevel.sccoeffs.mean.2,0.8609673006285448
airy,lowLevel.mfcc.stdev.11,0.8605845172423869
airy,lowLevel.sccoeffs.stdev.2,0.8428946339117829
airy,lowLevel.barkbands.stdev.20,0.8368353868136182
airy,lowLevel.barkbands.mean.19,0.7858070701477118
airy,lowLevel.scvalleys.mean.4,0.7641258229268715
airy,lowLevel.spectral_energyband_high.stdev,0.7218699437798932
airy,sfx.oddtoevenharmonicenergyratio.stdev,0.7044378564169165
airy,lowLevel.barkbands.mean.25,0.6769036766199861
airy,lowLevel.scvalleys.stdev.1,0.6499570257728919
airy,lowLevel.barkbands.stdev.12,0.627185632387409
airy,lowLevel.spectral_flux.mean,0.6192017354769632
airy,lowLevel.silence_rate_60dB.stdev,0.5993323218426667
airy,lowLevel.mfcc.mean.8,0.5834099854691885
airy,lowLevel.barkbands_spread.stdev,0.5674353296926711
airy,sfx.tristimulus.stdev.1,0.5636990068596788
airy,lowLevel.spectral_decrease.mean,0.5573300709365867
airy,lowLevel.barkbands.stdev.11,0.5250308770919219
airy,lowLevel.barkbands.mean.26,0.5175883691408671
airy,lowLevel.spectral_crest.stdev,0.5143428481533192
airy,lowLevel.barkbands.mean.10,0.5117884431383573
airy,lowLevel.barkbands.mean.21,0.48746832567849196
airy,lowLevel.barkbands.stdev.10,0.4689744641073048
airy,lowLevel.sccoeffs.stdev.1,0.46431879702140577
airy,lowLevel.spectral_flux.stdev,0.4567864511627704
airy,lowLevel.barkbands.stdev.22,0.455410201306222
airy,lowLevel.barkbands.stdev.16,0.43208627292187884
airy,lowLevel.scvalleys.mean.2,0.41542845591902733
airy,lowLevel.barkbands.mean.22,0.38633942819433287
airy,lowLevel.pitch_salience.stdev,0.3808849254855886
airy,lowLevel.mfcc.stdev.2,0.374815498420503
airy,lowLevel.scvalleys.mean.3,0.3709070564364083
airy,lowLevel.barkbands.mean.16,0.36760962405242026
airy,lowLevel.pitch.mean,0.36577531963121146
airy,lowLevel.pitch_instantaneous_confidence.mean,0.3631504491204396
airy,lowLevel.spectral_skewness.mean,0.3575163298373809
airy,lowLevel.barkbands.stdev.18,0.3444901679176837
airy,sfx.inharmonicity.stdev,0.33746265814988874
airy,lowLevel.sccoeffs.stdev.5,0.32993993925629184
airy,lowLevel.scvalleys.stdev.0,0.32598121860064566
airy,lowLevel.spectral_rolloff.stdev,0.32025210894062184
airy,lowLevel.barkbands.mean.24,0.30541471886681393
airy,lowLevel.barkbands.stdev.25,0.3028957571950741
airy,lowLevel.barkbands.mean.0,0.3027643066307064
airy,lowLevel.barkbands.stdev.5,0.2906530793989077
airy,lowLevel.barkbands.mean.12,0.2875382044003345
airy,lowLevel.barkbands.mean.14,0.28078717819880694
airy,lowLevel.pitch.stdev,0.2787693052669056
airy,lowLevel.barkbands.mean.11,0.2648668170440942
airy,lowLevel.barkbands.stdev.17,0.2636223589943256
airy,sfx.oddtoevenharmonicenergyratio.mean,0.2571648462326266
airy,lowLevel.mfcc.stdev.5,0.24982077053573448
airy,lowLevel.spectral_skewness.stdev,0.24350350146414712
airy,lowLevel.barkbands.mean.8,0.2433296278177295
airy,lowLevel.mfcc.mean.12,0.24164683787967078
airy,lowLevel.sccoeffs.stdev.3,0.24078546365490183
airy,sfx.inharmonicity.mean,0.24000640904705506
airy,lowLevel.barkbands_kurtosis.stdev,0.23781745220185257
airy,lowLevel.sccoeffs.stdev.4,0.2225058074691333
airy,lowLevel.mfcc.mean.0,0.21901868635904975
airy,lowLevel.barkbands.stdev.9,0.216075359727256
airy,lowLevel.mfcc.mean.6,0.204726926778676
airy,lowLevel.scvalleys.mean.0,0.2032251300988719
airy,lowLevel.zerocrossingrate.mean,0.19487942568957806
airy,lowLevel.spectral_energyband_low.mean,0.19471211891504936
airy,lowLevel.mfcc.mean.4,0.19344592120614834
airy,lowLevel.barkbands.mean.9,0.19265929132234305
airy,lowLevel.mfcc.mean.10,0.18867468836833723
airy,lowLevel.mfcc.stdev.6,0.17469078616704792
airy,lowLevel.mfcc.mean.3,0.1732996979408199
airy,lowLevel.mfcc.stdev.1,0.1728923345799558
airy,lowLevel.mfcc.stdev.3,0.1696631638915278
airy,lowLevel.barkbands.stdev.13,0.16002898884471506
airy,lowLevel.barkbands.mean.2,0.15861127332027536
airy,lowLevel.barkbands.stdev.7,0.15478663437534124
airy,lowLevel.spectral_spread.stdev,0.14922427263809368
airy,lowLevel.spectral_decrease.stdev,0.14911846816539764
airy,sfx.tristimulus.stdev.2,0.1468565634568222
airy,lowLevel.mfcc.mean.7,0.14681619170005433
airy,lowLevel.mfcc.mean.5,0.14589955325936899
airy,lowLevel.sccoeffs.mean.1,0.1442303856019862
airy,lowLevel.barkbands.mean.1,0.1409009035269264
airy,lowLevel.barkbands.mean.4,0.13978458155179396
airy,lowLevel.sccoeffs.mean.0,0.1375237681204453
airy,lowLevel.barkbands.mean.6,0.13247812096960843
airy,lowLevel.scvalleys.stdev.5,0.13214537280146033
airy,lowLevel.mfcc.stdev.4,0.12337465416931082
airy,lowLevel.barkbands.mean.15,0.11743920875596814
airy,lowLevel.pitch_salience.mean,0.11518684765906073
airy,lowLevel.barkbands_skewness.stdev,0.10599038086365908
airy,lowLevel.mfcc.mean.9,0.10361662576906383
airy,lowLevel.mfcc.mean.2,0.1033808424253948
airy,lowLevel.barkbands.stdev.6,0.10320115390641149
airy,lowLevel.spectral_centroid.stdev,0.09254132173373364
airy,lowLevel.mfcc.mean.11,0.09118808369385079
airy,sfx.tristimulus.mean.2,0.09104446816490963
airy,lowLevel.barkbands_spread.mean,0.0881679770827759
airy,lowLevel.sccoeffs.stdev.0,0.08664518216392025
airy,lowLevel.spectral_kurtosis.stdev,0.08539325938909315
airy,lowLevel.scvalleys.mean.1,0.08110221798415296
airy,lowLevel.barkbands.stdev.8,0.08029797684866935
airy,sfx.tristimulus.stdev.0,0.0776918577903416
airy,lowLevel.barkbands.mean.13,0.07587151345796883
airy,lowLevel.barkbands.mean.3,0.07562020886689425
airy,sfx.tristimulus.mean.0,0.07470890032709576
airy,lowLevel.barkbands_kurtosis.mean,0.07393203495303169
airy,lowLevel.barkbands_skewness.mean,0.06944660175940953
airy,lowLevel.spectral_flatness_db.mean,0.0686344400892267
airy,lowLevel.barkbands.stdev.21,0.06828982409206219
airy,lowLevel.barkbands.stdev.14,0.06791993364458904
airy,lowLevel.spectral_crest.mean,0.06687281193444505
airy,lowLevel.barkbands.mean.7,0.06428409897489473
airy,lowLevel.dissonance.stdev,0.06304926483426243
airy,lowLevel.spectral_energyband_low.stdev,0.06283483147853985
airy,sfx.tristimulus.mean.1,0.062359519535675645
airy,lowLevel.barkbands.stdev.0,0.05553607706679031
airy,lowLevel.barkbands.stdev.1,0.05414238417870365
airy,lowLevel.barkbands.mean.23,0.05404216570605058
airy,lowLevel.dissonance.mean,0.051504336355719715
airy,lowLevel.barkbands.stdev.19,0.049768377910368145
airy,lowLevel.spectral_rolloff.mean,0.04557089711306617
airy,lowLevel.barkbands.stdev.2,0.043969064427074045
airy,lowLevel.barkbands.stdev.15,0.04368422398692928
airy,lowLevel.barkbands.stdev.23,0.020378413231810555
airy,lowLevel.spectral_flatness_db.stdev,0.020149578631389886
airy,lowLevel.barkbands.stdev.24,0.01175070708268322
airy,lowLevel.spectral_centroid.mean,0.009072846063645557
airy,lowLevel.silence_rate_30dB.stdev,0.0
airy,lowLevel.silence_rate_30dB.mean,0.0
airy,lowLevel.silence_rate_20dB.stdev,0.0
airy,lowLevel.silence_rate_20dB.mean,0.0
alarming,lowLevel.hfc.mean,349.8826604316964
alarming,lowLevel.hfc.stdev,122.01067841322583
alarming,lowLevel.spectral_complexity.mean,82.80580971905692
alarming,lowLevel.barkbands.mean.15,72.70519702730235
alarming,lowLevel.spectral_energyband_middle_high.stdev,64.97956093850371
alarming,lowLevel.spectral_energy.mean,34.61401371966349
alarming,lowLevel.spectral_strongpeak.mean,18.72856600806699
alarming,lowLevel.spectral_energyband_middle_high.mean,15.677586406000046
alarming,lowLevel.barkbands.mean.14,7.3721349718416604
alarming,lowLevel.spectral_complexity.stdev,5.846135348001553
alarming,lowLevel.barkbands.stdev.9,4.726858024067042
alarming,lowLevel.mfcc.mean.0,4.094741791333945
alarming,lowLevel.barkbands.mean.11,3.83076178196643
alarming,lowLevel.barkbands.mean.17,3.6602624454499164
alarming,lowLevel.spectral_flux.mean,2.6321318639966194
alarming,lowLevel.silence_rate_60dB.mean,2.081011897751523
alarming,lowLevel.barkbands.mean.12,1.8106343023719091
alarming,lowLevel.barkbands.mean.22,1.7261062621091696
alarming,lowLevel.barkbands.mean.20,1.5845252697836258
alarming,lowLevel.barkbands.mean.9,1.5221552105504088
alarming,lowLevel.spectral_strongpeak.stdev,1.3909662357236812
alarming,lowLevel.barkbands.mean.24,1.2085816998660448
alarming,lowLevel.barkbands.mean.18,1.1132288488151971
alarming,lowLevel.spectral_energyband_high.mean,1.1024715115127037
alarming,lowLevel.barkbands.stdev.8,1.1005996459207381
alarming,lowLevel.barkbands.mean.23,1.0625553977261006
alarming,lowLevel.spectral_energyband_middle_low.mean,0.979786564817914
alarming,lowLevel.spectral_rms.mean,0.9137175142241176
alarming,lowLevel.spectral_kurtosis.stdev,0.8077062631564331
alarming,lowLevel.barkbands.stdev.11,0.7951081324827101
alarming,lowLevel.barkbands.mean.19,0.7826555712308618
alarming,lowLevel.mfcc.stdev.9,0.5842600728865364
alarming,lowLevel.barkbands.mean.10,0.5784753214793454
alarming,lowLevel.barkbands.mean.6,0.5687022075198911
alarming,lowLevel.barkbands.mean.26,0.5634362708569824
alarming,lowLevel.mfcc.stdev.7,0.5623915641990607
alarming,lowLevel.barkbands.stdev.5,0.5524918912597059
alarming,lowLevel.barkbands.mean.8,0.5521371942668338
alarming,lowLevel.scvalleys.mean.5,0.5443356271425728
alarming,lowLevel.barkbands.mean.5,0.4434452625519043
alarming,lowLevel.spectral_decrease.mean,0.42751467898415285
alarming,lowLevel.barkbands.stdev.12,0.4114031589924707
alarming,lowLevel.barkbands.stdev.7,0.3977862014926359
alarming,lowLevel.spectral_kurtosis.mean,0.3877847860348993
alarming,lowLevel.sccoeffs.mean.3,0.3875686471037625
alarming,lowLevel.barkbands.stdev.21,0.343914443426911
alarming,sfx.tristimulus.stdev.0,0.3383372540210985
alarming,lowLevel.mfcc.stdev.10,0.33128537956872606
alarming,lowLevel.barkbands.mean.13,0.3089501678823581
alarming,lowLevel.sccoeffs.mean.5,0.30567691824035137
alarming,lowLevel.barkbands.stdev.18,0.28728182263148483
alarming,sfx.tristimulus.stdev.1,0.27812241373794677
alarming,lowLevel.mfcc.mean.8,0.25314591586175084
alarming,lowLevel.barkbands.mean.7,0.2493939455052896
alarming,lowLevel.barkbands_skewness.stdev,0.2480354224680923
alarming,lowLevel.sccoeffs.stdev.2,0.24479279798924836
alarming,lowLevel.spectral_rms.stdev,0.24215911689316272
alarming,lowLevel.spectral_energyband_middle_low.stdev,0.24079779920430155
alarming,lowLevel.barkbands.stdev.20,0.22871861916792113
alarming,lowLevel.spectral_skewness.stdev,0.22428330157708842
alarming,lowLevel.mfcc.stdev.8,0.22079822561863693
alarming,lowLevel.barkbands.stdev.6,0.21155759580506128
alarming,lowLevel.scvalleys.mean.4,0.21091180769144557
alarming,lowLevel.barkbands_kurtosis.stdev,0.19986986956064356
alarming,lowLevel.spectral_energyband_low.mean,0.19368980854414986
alarming,sfx.tristimulus.mean.2,0.19085609681496862
alarming,lowLevel.barkbands.mean.16,0.18991402726896922
alarming,lowLevel.spectral_rolloff.mean,0.18940234786714427
alarming,lowLevel.sccoeffs.mean.0,0.18764389517673408
alarming,lowLevel.barkbands.stdev.14,0.18743963314409484
alarming,lowLevel.mfcc.stdev.2,0.1809173380715947
alarming,lowLevel.pitch_instantaneous_confidence.stdev,0.17428517277767241
alarming,lowLevel.barkbands.stdev.17,0.16542203363133012
alarming,lowLevel.sccoeffs.mean.2,0.16357020822579216
alarming,lowLevel.spectral_crest.stdev,0.15387044716408127
alarming,lowLevel.barkbands.stdev.4,0.15031021665708977
alarming,lowLevel.sccoeffs.mean.1,0.14699136878516583
alarming,lowLevel.barkbands.stdev.15,0.1448473846012348
alarming,lowLevel.sccoeffs.mean.4,0.14484591283689952
alarming,lowLevel.dissonance.mean,0.13714996825365233
alarming,lowLevel.spectral_energy.stdev,0.13679071910155471
alarming,lowLevel.mfcc.stdev.5,0.13619846296751348
alarming,sfx.oddtoevenharmonicenergyratio.stdev,0.13059252594212012
alarming,lowLevel.mfcc.mean.11,0.12832958957187657
alarming,lowLevel.mfcc.mean.2,0.12732744139793795
alarming,lowLevel.mfcc.stdev.3,0.12468738143797964
alarming,lowLevel.barkbands.stdev.25,0.12446535509661771
alarming,lowLevel.spectral_spread.mean,0.12205655246179958
alarming,lowLevel.barkbands.stdev.24,0.1205534494620224
alarming,lowLevel.barkbands.stdev.2,0.11721731247234857
alarming,lowLevel.barkbands_skewness.mean,0.11711031386585091
alarming,lowLevel.mfcc.mean.1,0.11452686271150014
alarming,lowLevel.mfcc.mean.6,0.11353222593425016
alarming,lowLevel.scvalleys.mean.3,0.11323020621057367
alarming,lowLevel.sccoeffs.stdev.3,0.11131926749658305
alarming,lowLevel.barkbands.mean.25,0.11100698395239306
alarming,lowLevel.pitch.mean,0.10597300904555595
alarming,lowLevel.mfcc.mean.9,0.10426207143245847
alarming,lowLevel.mfcc.stdev.1,0.10239615245518507
alarming,lowLevel.scvalleys.mean.2,0.1016020588176616
alarming,sfx.oddtoevenharmonicenergyratio.mean,0.09940915095376113
alarming,lowLevel.spectral_centroid.mean,0.09875864303830895
alarming,lowLevel.dissonance.stdev,0.09836818491385202
alarming,lowLevel.barkbands_spread.stdev,0.09726073541605729
alarming,lowLevel.mfcc.stdev.4,0.09691775436567696
alarming,lowLevel.barkbands.stdev.13,0.09598883627404575
alarming,lowLevel.barkbands.stdev.23,0.09236866034552804
alarming,sfx.tristimulus.stdev.2,0.09170826235640561
alarming,lowLevel.mfcc.mean.3,0.09105222202197183
alarming,lowLevel.barkbands.stdev.1,0.08943004553657374
alarming,sfx.tristimulus.mean.0,0.08864214699315198
alarming,lowLevel.pitch_instantaneous_confidence.mean,0.08789524529129267
alarming,lowLevel.mfcc.stdev.11,0.0861454774512822
alarming,lowLevel.sccoeffs.stdev.1,0.08497787415763014
alarming,lowLevel.barkbands.mean.3,0.08134930939195328
alarming,lowLevel.scvalleys.mean.1,0.07961820549098775
alarming,lowLevel.barkbands.stdev.10,0.07726778836513404
alarming,lowLevel.spectral_skewness.mean,0.07106853268123814
alarming,lowLevel.spectral_flux.stdev,0.0700755928965009
alarming,lowLevel.spectral_spread.stdev,0.06939168169083132
alarming,lowLevel.scvalleys.stdev.2,0.06904985816800036
alarming,lowLevel.mfcc.stdev.12,0.06473961044139287
alarming,lowLevel.scvalleys.stdev.1,0.06404996463970747
alarming,sfx.tristimulus.mean.1,0.06385906392642937
alarming,lowLevel.scvalleys.mean.0,0.06280864339350956
alarming,lowLevel.scvalleys.stdev.4,0.061770913685904816
alarming,lowLevel.spectral_flatness_db.stdev,0.0617359206025867
alarming,lowLevel.barkbands.mean.4,0.060812336751041585
alarming,lowLevel.zerocrossingrate.mean,0.059401241625892
alarming,lowLevel.mfcc.stdev.6,0.056282807930983836
alarming,lowLevel.mfcc.stdev.0,0.05460433315238333
alarming,lowLevel.barkbands.stdev.22,0.05382040254517051
alarming,sfx.inharmonicity.mean,0.05329802334745182
alarming,lowLevel.mfcc.mean.4,0.05273015764396405
alarming,lowLevel.pitch_salience.mean,0.05212124081663205
alarming,lowLevel.mfcc.mean.5,0.05082800778109231
alarming,lowLevel.pitch_salience.stdev,0.05082590027814149
alarming,lowLevel.sccoeffs.stdev.4,0.048123599466634914
alarming,lowLevel.mfcc.mean.7,0.04740488078459748
alarming,lowLevel.spectral_centroid.stdev,0.04724260240618605
alarming,lowLevel.barkbands.mean.0,0.045090921374139725
alarming,lowLevel.barkbands.mean.1,0.04435796126927016
alarming,lowLevel.sccoeffs.stdev.5,0.043202728965297865
alarming,lowLevel.silence_rate_60dB.stdev,0.041679981812194455
alarming,lowLevel.barkbands.stdev.26,0.04121692285843892
alarming,lowLevel.barkbands.stdev.16,0.04111226355053077
alarming,lowLevel.barkbands.mean.21,0.040778867678454844
alarming,lowLevel.barkbands.stdev.19,0.03955621570457879
alarming,lowLevel.mfcc.mean.12,0.03801219683373347
alarming,lowLevel.mfcc.mean.10,0.037844502527150325
alarming,lowLevel.spectral_flatness_db.mean,0.03562156569751096
alarming,lowLevel.spectral_energyband_high.stdev,0.0352932582172798
alarming,lowLevel.barkbands.stdev.3,0.034512548616476124
alarming,lowLevel.barkbands.mean.2,0.033935158053282066
alarming,lowLevel.scvalleys.stdev.5,0.03296991185743536
alarming,lowLevel.spectral_rolloff.stdev,0.03211381027904281
alarming,lowLevel.barkbands_spread.mean,0.031685209538409254
alarming,lowLevel.spectral_decrease.stdev,0.02999454114251421
alarming,lowLevel.zerocrossingrate.stdev,0.029111943527823314
alarming,lowLevel.barkbands_kurtosis.mean,0.024689569381735055
alarming,lowLevel.scvalleys.stdev.0,0.0241900662331318
alarming,sfx.inharmonicity.stdev,0.021233071234746603
alarming,lowLevel.spectral_crest.mean,0.018459298607922392
alarming,lowLevel.pitch.stdev,0.0174369740216207
alarming,lowLevel.scvalleys.stdev.3,0.015163773414315074
alarming,lowLevel.sccoeffs.stdev.0,0.01501959905908734
alarming,lowLevel.barkbands.stdev.0,0.013171451781090582
alarming,lowLevel.silence_rate_30dB.stdev,0.011543859509401955
alarming,lowLevel.spectral_energyband_low.stdev,0.009583486180417822
alarming,lowLevel.silence_rate_20dB.mean,0.0032472899183630943
alarming,lowLevel.silence_rate_20dB.stdev,0.0011104452023573685
alarming,lowLevel.silence_rate_30dB.mean,0.00018016700050793588
analogue,lowLevel.hfc.mean,46.14989711708064
analogue,lowLevel.spectral_energyband_middle_high.mean,27.58939405821286
analogue,lowLevel.barkbands.mean.17,22.30447588767356
analogue,lowLevel.spectral_energy.stdev,13.311279714815402
analogue,lowLevel.spectral_strongpeak.stdev,13.121666740531936
analogue,lowLevel.hfc.stdev,11.361560732945378
analogue,lowLevel.barkbands.mean.18,9.666098736194709
analogue,lowLevel.barkbands.stdev.26,8.198166460922781
analogue,lowLevel.spectral_strongpeak.mean,7.898937434899967
analogue,lowLevel.spectral_energyband_middle_low.stdev,6.376459795109302
analogue,lowLevel.spectral_rms.stdev,5.9718863234024155
analogue,lowLevel.barkbands.mean.19,5.381453403069372
analogue,lowLevel.sccoeffs.mean.5,4.784572038863594
analogue,lowLevel.spectral_energyband_middle_low.mean,3.6498402598190296
analogue,lowLevel.spectral_complexity.stdev,3.356274276565273
analogue,lowLevel.barkbands.mean.10,3.1757279884276386
analogue,lowLevel.sccoeffs.mean.4,2.9857025814152323
analogue,lowLevel.spectral_energy.mean,2.929886794381673
analogue,lowLevel.barkbands.stdev.25,2.8827942391514796
analogue,lowLevel.mfcc.stdev.10,2.481577779796325
analogue,lowLevel.mfcc.stdev.9,2.4098942328623423
analogue,lowLevel.barkbands.mean.20,2.1729675666392723
analogue,lowLevel.barkbands.stdev.3,2.067571195960454
analogue,lowLevel.mfcc.mean.0,2.034718433677881
analogue,lowLevel.spectral_energyband_high.mean,2.0141385373626353
analogue,lowLevel.spectral_complexity.mean,1.9045760917804557
analogue,lowLevel.barkbands.mean.26,1.7931172200003402
analogue,lowLevel.scvalleys.stdev.2,1.7859785315440604
analogue,lowLevel.mfcc.stdev.12,1.7450827303656524
analogue,lowLevel.spectral_spread.mean,1.7255474221510667
analogue,lowLevel.scvalleys.stdev.3,1.6437013807509935
analogue,lowLevel.mfcc.stdev.11,1.6261800487638993
analogue,lowLevel.mfcc.stdev.8,1.5998850148500097
analogue,lowLevel.sccoeffs.mean.2,1.5833384688704264
analogue,lowLevel.pitch_instantaneous_confidence.stdev,1.5612640831814948
analogue,lowLevel.spectral_skewness.stdev,1.5544584387380382
analogue,lowLevel.mfcc.stdev.7,1.5393623203940479
analogue,lowLevel.mfcc.stdev.2,1.5038037546929814
analogue,lowLevel.barkbands.mean.9,1.4579638135713395
analogue,lowLevel.spectral_kurtosis.stdev,1.416483235409828
analogue,lowLevel.mfcc.stdev.0,1.3736476126875914
analogue,lowLevel.spectral_energyband_middle_high.stdev,1.3228977972202216
analogue,lowLevel.barkbands.stdev.11,1.3086057624041132
analogue,lowLevel.spectral_flux.stdev,1.2960233161653605
analogue,lowLevel.spectral_kurtosis.mean,1.2697799458709795
analogue,lowLevel.scvalleys.stdev.4,1.245003569201799
analogue,lowLevel.spectral_flux.mean,1.2360578120683794
analogue,lowLevel.barkbands.stdev.4,1.234583978007592
analogue,lowLevel.scvalleys.stdev.1,1.210292093821863
analogue,lowLevel.sccoeffs.stdev.2,1.17176828971661
analogue,lowLevel.barkbands.stdev.9,1.1652755491886637
analogue,lowLevel.barkbands.mean.14,1.1246881432137457
analogue,lowLevel.sccoeffs.mean.3,1.0970913051584148
analogue,lowLevel.sccoeffs.stdev.1,1.0449318796792113
analogue,lowLevel.spectral_rms.mean,1.0128474264396345
analogue,lowLevel.barkbands.stdev.12,0.9240565609050861
analogue,lowLevel.pitch.mean,0.8760419243925526
analogue,lowLevel.barkbands.stdev.10,0.8427468042768851
analogue,lowLevel.scvalleys.stdev.0,0.8247310527705096
analogue,lowLevel.barkbands.mean.8,0.8052872483740998
analogue,lowLevel.scvalleys.mean.4,0.7978244648198256
analogue,lowLevel.scvalleys.mean.5,0.7784047959394229
analogue,lowLevel.barkbands.mean.25,0.7316099026931226
analogue,lowLevel.barkbands.mean.7,0.7143648449273314
analogue,lowLevel.spectral_skewness.mean,0.7027271972567632
analogue,lowLevel.barkbands.stdev.8,0.6719854085916097
analogue,lowLevel.barkbands.mean.23,0.6694831804888963
analogue,lowLevel.mfcc.mean.1,0.6693624205672677
analogue,lowLevel.barkbands.mean.24,0.6690195804732184
analogue,lowLevel.silence_rate_60dB.mean,0.6607670989444614
analogue,lowLevel.barkbands.mean.6,0.6501680843012636
analogue,lowLevel.pitch_instantaneous_confidence.mean,0.625066211026251
analogue,lowLevel.barkbands.stdev.6,0.5794321792808006
analogue,lowLevel.mfcc.stdev.5,0.5584542695554084
analogue,lowLevel.barkbands.mean.12,0.539910440743995
analogue,sfx.inharmonicity.stdev,0.5390641264582428
analogue,lowLevel.scvalleys.mean.3,0.5350052553844762
analogue,lowLevel.barkbands.mean.21,0.5337826586919618
analogue,lowLevel.mfcc.stdev.6,0.5141797640765162
analogue,lowLevel.pitch.stdev,0.5126048552178553
analogue,lowLevel.barkbands.stdev.7,0.49514161168463033
analogue,lowLevel.sccoeffs.stdev.3,0.4873939753438208
analogue,lowLevel.barkbands.mean.4,0.4834609579586413
analogue,lowLevel.barkbands.mean.22,0.4783942939435235
analogue,lowLevel.mfcc.stdev.1,0.4714226017362506
analogue,lowLevel.barkbands.mean.11,0.45969455385795754
analogue,lowLevel.barkbands.mean.16,0.45780098294414984
analogue,lowLevel.scvalleys.stdev.5,0.4553743355354811
analogue,lowLevel.spectral_flatness_db.mean,0.4397446211778515
analogue,lowLevel.sccoeffs.stdev.4,0.40943753731221477
analogue,lowLevel.spectral_spread.stdev,0.3917681988992605
analogue,sfx.inharmonicity.mean,0.37744700644082485
analogue,lowLevel.spectral_decrease.mean,0.37193411580358315
analogue,lowLevel.spectral_decrease.stdev,0.3632153429958329
analogue,lowLevel.barkbands.mean.3,0.36239684501285296
analogue,lowLevel.barkbands.mean.15,0.35940259093632676
analogue,lowLevel.barkbands.mean.5,0.35593487611728314
analogue,lowLevel.sccoeffs.mean.1,0.35246392555788475
analogue,lowLevel.barkbands.stdev.15,0.3521148659917799
analogue,lowLevel.scvalleys.mean.0,0.342609297468897
analogue,lowLevel.spectral_energyband_low.mean,0.3345625343383176
analogue,lowLevel.mfcc.stdev.3,0.3295102102311489
analogue,lowLevel.spectral_energyband_high.stdev,0.3176571726245925
analogue,lowLevel.dissonance.mean,0.31544566487161774
analogue,lowLevel.mfcc.mean.4,0.2611319058571553
analogue,sfx.tristimulus.stdev.0,0.2545550687063951
analogue,lowLevel.barkbands.mean.0,0.25360104735284494
analogue,lowLevel.barkbands.stdev.5,0.25126072829300483
analogue,lowLevel.barkbands.mean.2,0.2502683119558924
analogue,lowLevel.barkbands_skewness.mean,0.24933047613559722
analogue,lowLevel.scvalleys.mean.1,0.24000885527129867
analogue,lowLevel.spectral_centroid.stdev,0.23962229300911986
analogue,sfx.tristimulus.stdev.1,0.23741007138266923
analogue,sfx.tristimulus.mean.2,0.2304691769420799
analogue,lowLevel.spectral_flatness_db.stdev,0.22959294004496655
analogue,lowLevel.sccoeffs.mean.0,0.22944873313917924
analogue,lowLevel.pitch_salience.mean,0.22299527305806066
analogue,lowLevel.barkbands.stdev.17,0.22294940277765818
analogue,lowLevel.barkbands.stdev.18,0.2221849801856024
analogue,lowLevel.barkbands_spread.stdev,0.2198791584645221
analogue,lowLevel.scvalleys.mean.2,0.2160587158002727
analogue,lowLevel.spectral_rolloff.mean,0.2131817439999395
analogue,lowLevel.sccoeffs.stdev.5,0.2116619744576269
analogue,lowLevel.dissonance.stdev,0.20455089945000182
analogue,lowLevel.barkbands.stdev.13,0.2025634565034693
analogue,lowLevel.mfcc.mean.8,0.18299795110274886
analogue,lowLevel.barkbands.stdev.19,0.17770956589214393
analogue,lowLevel.barkbands.stdev.23,0.17317123505927157
analogue,lowLevel.mfcc.mean.11,0.17114765789062858
analogue,lowLevel.spectral_crest.mean,0.17075679474260141
analogue,lowLevel.silence_rate_60dB.stdev,0.16878942108015593
analogue,lowLevel.barkbands.stdev.24,0.16711548959278844
analogue,sfx.tristimulus.stdev.2,0.16566734860953147
analogue,lowLevel.barkbands.stdev.22,0.1635852284862267
analogue,sfx.tristimulus.mean.1,0.16219189448202087
analogue,lowLevel.barkbands_spread.mean,0.15575462560606468
analogue,lowLevel.barkbands.mean.13,0.15561767164313667
analogue,lowLevel.barkbands.stdev.14,0.15354017123627273
analogue,lowLevel.mfcc.mean.6,0.1517822864755516
analogue,lowLevel.zerocrossingrate.mean,0.15030629251396022
analogue,lowLevel.barkbands.stdev.16,0.14993999853516016
analogue,lowLevel.spectral_crest.stdev,0.14871900713854735
analogue,lowLevel.mfcc.mean.12,0.14579917240967433
analogue,lowLevel.barkbands_kurtosis.mean,0.14482556308473704
analogue,lowLevel.barkbands.stdev.1,0.14151191261589702
analogue,lowLevel.mfcc.mean.7,0.12960910681601945
analogue,lowLevel.mfcc.stdev.4,0.12182390985935854
analogue,lowLevel.barkbands.stdev.2,0.11116164702207243
analogue,lowLevel.pitch_salience.stdev,0.10141234997399806
analogue,lowLevel.sccoeffs.stdev.0,0.10092837332445015
analogue,lowLevel.zerocrossingrate.stdev,0.09659790956220604
analogue,lowLevel.barkbands_skewness.stdev,0.0917610937272002
analogue,sfx.oddtoevenharmonicenergyratio.stdev,0.09103895482076041
analogue,lowLevel.barkbands.stdev.0,0.08423268231433667
analogue,lowLevel.spectral_rolloff.stdev,0.08319951618591404
analogue,lowLevel.mfcc.mean.3,0.0791384446778629
analogue,lowLevel.mfcc.mean.2,0.07867740097344722
analogue,lowLevel.barkbands.stdev.20,0.07792501073936364
analogue,lowLevel.mfcc.mean.9,0.07235319506470511
analogue,lowLevel.spectral_energyband_low.stdev,0.07206385030372076
analogue,sfx.oddtoevenharmonicenergyratio.mean,0.07073920930952227
analogue,lowLevel.mfcc.mean.5,0.06694184616890198
analogue,lowLevel.barkbands.stdev.21,0.06576741840126488
analogue,lowLevel.barkbands_kurtosis.stdev,0.06269082662970504
analogue,lowLevel.barkbands.mean.1,0.061250532462509
analogue,lowLevel.spectral_centroid.mean,0.04868364297209382
analogue,lowLevel.mfcc.mean.10,0.031562388772535144
analogue,sfx.tristimulus.mean.0,0.02766729719304095
analogue,lowLevel.silence_rate_20dB.stdev,0.0
analogue,lowLevel.silence_rate_30dB.mean,0.0
analogue,lowLevel.silence_rate_30dB.stdev,0.0
analogue,lowLevel.silence_rate_20dB.mean,0.0
artificial,lowLevel.hfc.mean,96.86782037146804
artificial,lowLevel.hfc.stdev,59.93978265107762
artificial,lowLevel.spectral_energy.mean,26.585989171129768
artificial,lowLevel.spectral_energy.stdev,10.974311357455008
artificial,lowLevel.spectral_energyband_middle_low.mean,6.119357032697735
artificial,lowLevel.spectral_complexity.mean,3.4385243398974126
artificial,lowLevel.barkbands.stdev.18,3.3549916229458177
artificial,lowLevel.spectral_energyband_middle_high.mean,2.489681416334861
artificial,lowLevel.barkbands.mean.5,2.4424377165214537
artificial,lowLevel.spectral_strongpeak.stdev,2.396541745691138
artificial,lowLevel.spectral_complexity.stdev,1.5391551806369534
artificial,lowLevel.barkbands.stdev.12,1.4952433742018911
artificial,lowLevel.spectral_kurtosis.stdev,1.4744605433224933
artificial,lowLevel.barkbands.mean.11,1.418991017366352
artificial,lowLevel.spectral_energyband_middle_low.stdev,1.3877571801785962
artificial,lowLevel.sccoeffs.stdev.2,1.304551348388486
artificial,lowLevel.mfcc.stdev.2,1.2813396515703062
artificial,lowLevel.barkbands.stdev.26,1.2136975683224591
artificial,lowLevel.barkbands.mean.16,1.1775956323363062
artificial,lowLevel.scvalleys.stdev.1,1.1535928315825004
artificial,lowLevel.barkbands.mean.26,1.1253788826543314
artificial,lowLevel.spectral_energyband_middle_high.stdev,1.048828025956027
artificial,lowLevel.sccoeffs.mean.2,0.9932413812857703
artificial,lowLevel.pitch_instantaneous_confidence.stdev,0.9773379583984934
artificial,lowLevel.barkbands.mean.18,0.951701952770236
artificial,lowLevel.mfcc.stdev.8,0.9056043852906441
artificial,lowLevel.scvalleys.stdev.2,0.8938143483701424
artificial,lowLevel.spectral_rms.stdev,0.8432223971985877
artificial,lowLevel.spectral_energyband_high.mean,0.8294608052765398
artificial,lowLevel.scvalleys.stdev.3,0.7957158161234474
artificial,lowLevel.barkbands.mean.12,0.7822469042812372
artificial,lowLevel.mfcc.stdev.10,0.7563398316669918
artificial,lowLevel.spectral_strongpeak.mean,0.7358257502492052
artificial,lowLevel.barkbands.stdev.25,0.7343161090902868
artificial,lowLevel.spectral_skewness.stdev,0.6281670157259214
artificial,lowLevel.spectral_spread.mean,0.6061414071227773
artificial,lowLevel.silence_rate_60dB.mean,0.6017082918533561
artificial,lowLevel.sccoeffs.mean.4,0.5893562949149782
artificial,lowLevel.spectral_kurtosis.mean,0.5489099265141704
artificial,lowLevel.barkbands.stdev.9,0.5115675859651674
artificial,lowLevel.barkbands.stdev.4,0.4941583688123501
artificial,lowLevel.mfcc.stdev.9,0.48626865796813945
artificial,lowLevel.barkbands.mean.25,0.4811297870037379
artificial,lowLevel.mfcc.mean.3,0.41223683464704663
artificial,lowLevel.zerocrossingrate.stdev,0.3961739737442258
artificial,lowLevel.barkbands.stdev.7,0.39183296249393607
artificial,lowLevel.barkbands.mean.3,0.3867176792864484
artificial,lowLevel.mfcc.stdev.7,0.3716989484219084
artificial,lowLevel.barkbands.mean.23,0.3223588928249228
artificial,lowLevel.barkbands.stdev.6,0.32163270497039775
artificial,lowLevel.barkbands.mean.10,0.3138451343183988
artificial,lowLevel.spectral_decrease.mean,0.3093229295354831
artificial,lowLevel.mfcc.stdev.5,0.3080073305845872
artificial,sfx.tristimulus.stdev.0,0.26813825576937234
artificial,lowLevel.scvalleys.mean.5,0.2657578149355686
artificial,lowLevel.mfcc.stdev.4,0.2502438666342641
artificial,lowLevel.spectral_crest.stdev,0.24815469611166918
artificial,lowLevel.mfcc.mean.0,0.24597761371660454
artificial,lowLevel.sccoeffs.mean.3,0.23513778514461592
artificial,lowLevel.barkbands.mean.20,0.22349014857354632
artificial,lowLevel.sccoeffs.mean.1,0.2230174063006416
artificial,lowLevel.scvalleys.stdev.0,0.2200706847370384
artificial,lowLevel.spectral_rolloff.stdev,0.21381325262518658
artificial,lowLevel.spectral_centroid.mean,0.20990111353785323
artificial,lowLevel.barkbands.stdev.10,0.20497353966129594
artificial,lowLevel.pitch.mean,0.20261938931798795
artificial,lowLevel.barkbands.stdev.14,0.2014941260094929
artificial,lowLevel.mfcc.mean.8,0.19792646051064366
artificial,lowLevel.barkbands.mean.0,0.19033428077818826
artificial,lowLevel.mfcc.stdev.11,0.18282184856798267
artificial,lowLevel.spectral_skewness.mean,0.17773546223543235
artificial,lowLevel.pitch.stdev,0.16919035735554644
artificial,lowLevel.barkbands.mean.19,0.16815922198657063
artificial,lowLevel.barkbands.stdev.24,0.1648008138363366
artificial,lowLevel.sccoeffs.stdev.3,0.15868904841408948
artificial,sfx.tristimulus.stdev.1,0.15784323228581343
artificial,lowLevel.scvalleys.stdev.5,0.15702213709664647
artificial,lowLevel.barkbands.mean.17,0.1557869737753208
artificial,sfx.oddtoevenharmonicenergyratio.stdev,0.14615608883832465
artificial,lowLevel.barkbands.mean.6,0.1414172371787572
artificial,lowLevel.silence_rate_60dB.stdev,0.13375376038675313
artificial,lowLevel.mfcc.mean.9,0.13373483209579717
artificial,lowLevel.barkbands.stdev.11,0.13274479192477884
artificial,lowLevel.mfcc.stdev.12,0.13191223224021087
artificial,lowLevel.barkbands.stdev.13,0.12163701755162037
artificial,lowLevel.scvalleys.mean.2,0.11871273707038199
artificial,lowLevel.barkbands.mean.4,0.11820385637656727
artificial,lowLevel.barkbands_spread.stdev,0.117956754831539
artificial,lowLevel.pitch_salience.stdev,0.11709761478778091
artificial,lowLevel.spectral_flux.mean,0.11251715334947221
artificial,lowLevel.mfcc.mean.11,0.1103919287552344
artificial,sfx.tristimulus.mean.2,0.1041543770716089
artificial,lowLevel.barkbands.mean.2,0.10414032182416122
artificial,lowLevel.sccoeffs.mean.5,0.10343310463758826
artificial,lowLevel.barkbands.stdev.21,0.10068089556625637
artificial,lowLevel.dissonance.stdev,0.10015715947156423
artificial,lowLevel.scvalleys.mean.3,0.10006458984753408
artificial,lowLevel.sccoeffs.stdev.0,0.0985092241789971
artificial,lowLevel.barkbands.mean.22,0.09417335414764239
artificial,lowLevel.scvalleys.mean.4,0.09348103762931714
artificial,lowLevel.spectral_flatness_db.stdev,0.09296775357779552
artificial,lowLevel.barkbands_kurtosis.mean,0.09271086051649036
artificial,lowLevel.sccoeffs.stdev.5,0.0893352286911977
artificial,lowLevel.mfcc.stdev.0,0.08641675206854416
artificial,lowLevel.barkbands.mean.15,0.08626371173522784
artificial,lowLevel.barkbands.stdev.20,0.08551439336406474
artificial,lowLevel.barkbands_skewness.stdev,0.0846949203796612
artificial,lowLevel.scvalleys.mean.0,0.0835301944953244
artificial,lowLevel.pitch_instantaneous_confidence.mean,0.08173112907024915
artificial,lowLevel.scvalleys.mean.1,0.07980743250664091
artificial,lowLevel.spectral_spread.stdev,0.07902778814423073
artificial,lowLevel.sccoeffs.stdev.4,0.07454608899206505
artificial,lowLevel.scvalleys.stdev.4,0.07444598150686943
artificial,lowLevel.mfcc.stdev.1,0.07374381863155577
artificial,lowLevel.barkbands_kurtosis.stdev,0.07269059722602833
artificial,lowLevel.mfcc.mean.12,0.07066255050631298
artificial,lowLevel.sccoeffs.stdev.1,0.06717649272832205
artificial,lowLevel.mfcc.stdev.6,0.06381624001005548
artificial,lowLevel.spectral_rms.mean,0.062120286227582255
artificial,sfx.tristimulus.stdev.2,0.06200073819491081
artificial,lowLevel.barkbands.mean.24,0.061036284736474045
artificial,lowLevel.barkbands.stdev.8,0.05908719010403729
artificial,lowLevel.barkbands.mean.1,0.05871930320063257
artificial,lowLevel.barkbands.stdev.3,0.05658913728984771
artificial,lowLevel.barkbands.stdev.17,0.05650759074342204
artificial,lowLevel.pitch_salience.mean,0.05607263159345166
artificial,lowLevel.dissonance.mean,0.05503470311850833
artificial,lowLevel.mfcc.stdev.3,0.054129128893691814
artificial,sfx.inharmonicity.stdev,0.053320096150855534
artificial,lowLevel.barkbands.stdev.5,0.05294697457247821
artificial,lowLevel.mfcc.mean.1,0.05210537170569296
artificial,lowLevel.barkbands.mean.14,0.04845398230099818
artificial,lowLevel.barkbands.stdev.2,0.048324532089282
artificial,lowLevel.mfcc.mean.7,0.046377736809517955
artificial,lowLevel.zerocrossingrate.mean,0.045177847088780254
artificial,lowLevel.mfcc.mean.4,0.0451741736214899
artificial,lowLevel.spectral_centroid.stdev,0.044444511830079136
artificial,lowLevel.barkbands.stdev.15,0.04343994850569288
artificial,lowLevel.barkbands.stdev.19,0.04333649863292521
artificial,lowLevel.barkbands.stdev.0,0.043126848697284004
artificial,lowLevel.spectral_energyband_high.stdev,0.042830192716792226
artificial,lowLevel.sccoeffs.mean.0,0.04202334776346106
artificial,lowLevel.barkbands_skewness.mean,0.041408283101191046
artificial,lowLevel.barkbands.stdev.16,0.04121405201476591
artificial,lowLevel.barkbands.mean.9,0.03882736798914266
artificial,sfx.oddtoevenharmonicenergyratio.mean,0.03439927226827422
artificial,sfx.tristimulus.mean.0,0.033695648217872076
artificial,lowLevel.mfcc.mean.2,0.03356841066488414
artificial,lowLevel.barkbands.mean.7,0.0333841806395867
artificial,lowLevel.mfcc.mean.5,0.033222180216398556
artificial,lowLevel.barkbands.mean.8,0.03221973663312383
artificial,lowLevel.mfcc.mean.10,0.028725703966301808
artificial,lowLevel.spectral_decrease.stdev,0.02869916378040216
artificial,lowLevel.spectral_flux.stdev,0.02722170945708058
artificial,lowLevel.barkbands.mean.13,0.02385489966854948
artificial,lowLevel.barkbands.stdev.1,0.020658921808717423
artificial,lowLevel.spectral_flatness_db.mean,0.019448279141215608
artificial,lowLevel.mfcc.mean.6,0.01744301663529768
artificial,sfx.inharmonicity.mean,0.014167797118716408
artificial,sfx.tristimulus.mean.1,0.01259217046208505
artificial,lowLevel.barkbands.stdev.22,0.012028603005092009
artificial,lowLevel.barkbands_spread.mean,0.010472559246409219
artificial,lowLevel.barkbands.mean.21,0.009929777535944595
artificial,lowLevel.spectral_rolloff.mean,0.0060581239449675195
artificial,lowLevel.spectral_energyband_low.stdev,0.006007534952004789
artificial,lowLevel.spectral_energyband_low.mean,0.005541236399949412
artificial,lowLevel.barkbands.stdev.23,0.0038879591193108354
artificial,lowLevel.spectral_crest.mean,0.0031726387296657776
artificial,lowLevel.silence_rate_30dB.stdev,0.0011469444070826285
artificial,lowLevel.silence_rate_20dB.stdev,0.0001543240068713203
artificial,lowLevel.silence_rate_30dB.mean,0.0
artificial,lowLevel.silence_rate_20dB.mean,0.0
ascending,lowLevel.silence_rate_60dB.mean,31.627523260164708
ascending,lowLevel.spectral_energy.mean,29.75784362496597
ascending,lowLevel.spectral_complexity.mean,20.17713523801494
ascending,lowLevel.barkbands.mean.5,5.1071161274193315
ascending,lowLevel.hfc.mean,5.082940341016823
ascending,lowLevel.mfcc.stdev.10,4.637129901157614
ascending,lowLevel.mfcc.stdev.9,4.211919777325306
ascending,lowLevel.spectral_complexity.stdev,4.186677731123719
ascending,lowLevel.spectral_energyband_middle_high.mean,4.106002038904762
ascending,lowLevel.spectral_energyband_middle_low.mean,3.9443355613005835
ascending,lowLevel.spectral_energy.stdev,3.134389124500217
ascending,lowLevel.mfcc.stdev.12,2.733845808144096
ascending,lowLevel.mfcc.stdev.8,2.616969229754975
ascending,lowLevel.barkbands.stdev.26,2.276813473003955
ascending,lowLevel.mfcc.stdev.7,2.164601954776657
ascending,lowLevel.mfcc.stdev.11,2.1287025841022142
ascending,lowLevel.scvalleys.stdev.4,1.9309398066570225
ascending,lowLevel.sccoeffs.mean.3,1.8875711224670226
ascending,lowLevel.spectral_energyband_high.mean,1.846714031216834
ascending,lowLevel.hfc.stdev,1.6617948603617947
ascending,lowLevel.spectral_energyband_middle_low.stdev,1.5774633780837348
ascending,lowLevel.pitch_instantaneous_confidence.stdev,1.5593887106402933
ascending,lowLevel.spectral_rms.stdev,1.4640872897669368
ascending,lowLevel.barkbands.mean.15,1.3909729120112928
ascending,lowLevel.barkbands.stdev.5,1.3578357004962527
ascending,lowLevel.barkbands.mean.3,1.3274173422854503
ascending,lowLevel.barkbands.stdev.18,1.320878033630322
ascending,lowLevel.spectral_strongpeak.stdev,1.3096399492769422
ascending,lowLevel.scvalleys.stdev.3,1.3034007257583795
ascending,lowLevel.barkbands.mean.17,1.157801855341276
ascending,lowLevel.barkbands.stdev.6,1.113401617868099
ascending,lowLevel.sccoeffs.mean.2,1.0591913419439436
ascending,lowLevel.barkbands.mean.26,1.0493551062390338
ascending,lowLevel.barkbands.stdev.4,0.9971117292566305
ascending,lowLevel.sccoeffs.mean.4,0.9551957367228852
ascending,lowLevel.mfcc.mean.0,0.9432655601949591
ascending,lowLevel.scvalleys.mean.4,0.9173016071756024
ascending,lowLevel.mfcc.stdev.0,0.8934454041143738
ascending,lowLevel.mfcc.mean.8,0.873999984241749
ascending,lowLevel.zerocrossingrate.stdev,0.8655650818145375
ascending,lowLevel.spectral_skewness.mean,0.8597058310598271
ascending,lowLevel.scvalleys.stdev.1,0.8104655987663136
ascending,lowLevel.sccoeffs.mean.5,0.8038168086710051
ascending,lowLevel.spectral_spread.mean,0.7936858447973236
ascending,lowLevel.spectral_kurtosis.mean,0.7533904634235569
ascending,lowLevel.spectral_strongpeak.mean,0.6936184718399119
ascending,lowLevel.spectral_energyband_middle_high.stdev,0.6164251578863968
ascending,lowLevel.barkbands.stdev.15,0.6109122122752524
ascending,lowLevel.scvalleys.stdev.2,0.6055263996376254
ascending,lowLevel.scvalleys.stdev.0,0.5967164687319126
ascending,lowLevel.mfcc.stdev.5,0.5777106525352167
ascending,lowLevel.spectral_kurtosis.stdev,0.5775829410529241
ascending,lowLevel.barkbands.mean.18,0.5665249137025512
ascending,lowLevel.barkbands.stdev.12,0.5458603593731937
ascending,lowLevel.barkbands.mean.20,0.5400814760304229
ascending,lowLevel.barkbands.stdev.10,0.5209007088291742
ascending,lowLevel.mfcc.mean.7,0.48505135307680547
ascending,lowLevel.sccoeffs.stdev.2,0.4747675074677886
ascending,lowLevel.spectral_skewness.stdev,0.46850026796586697
ascending,lowLevel.spectral_crest.stdev,0.45676594289407824
ascending,sfx.tristimulus.stdev.1,0.4482590944458167
ascending,lowLevel.barkbands.stdev.14,0.43826720854690393
ascending,lowLevel.silence_rate_60dB.stdev,0.43302571103930276
ascending,lowLevel.barkbands.stdev.3,0.4280667486600578
ascending,lowLevel.barkbands.stdev.8,0.40146691786924293
ascending,lowLevel.barkbands.mean.4,0.3869759137026696
ascending,lowLevel.sccoeffs.stdev.4,0.3798120615614735
ascending,lowLevel.barkbands.mean.25,0.37562257188726456
ascending,lowLevel.spectral_rolloff.stdev,0.3674256349272582
ascending,lowLevel.barkbands.mean.10,0.3624254449615787
ascending,lowLevel.barkbands.stdev.25,0.35114200816241237
ascending,lowLevel.scvalleys.mean.5,0.3495884503432194
ascending,lowLevel.barkbands.mean.16,0.34338797130260446
ascending,lowLevel.mfcc.stdev.2,0.34222625214310787
ascending,lowLevel.barkbands.mean.19,0.34064836923181474
ascending,lowLevel.barkbands.stdev.17,0.3373329529044895
ascending,lowLevel.barkbands.mean.7,0.33456111906323827
ascending,lowLevel.barkbands.stdev.7,0.3237191738074161
ascending,lowLevel.scvalleys.stdev.5,0.32131709404313824
ascending,sfx.oddtoevenharmonicenergyratio.stdev,0.30622967746544383
ascending,lowLevel.barkbands.mean.11,0.29204389405105147
ascending,lowLevel.scvalleys.mean.3,0.2840375131569033
ascending,sfx.tristimulus.stdev.0,0.28341069085126946
ascending,lowLevel.spectral_flux.mean,0.28329918512929453
ascending,lowLevel.sccoeffs.stdev.3,0.275783867840687
ascending,lowLevel.barkbands.mean.24,0.2746796636116642
ascending,lowLevel.sccoeffs.mean.1,0.2732346706463318
ascending,lowLevel.barkbands.mean.8,0.27292793595933773
ascending,lowLevel.spectral_rms.mean,0.255630073335567
ascending,lowLevel.barkbands.mean.22,0.2521510528352451
ascending,lowLevel.barkbands.mean.21,0.2341055630297717
ascending,lowLevel.mfcc.mean.9,0.23094235218935583
ascending,lowLevel.scvalleys.mean.2,0.2237894109222367
ascending,lowLevel.barkbands.mean.1,0.2234589324641547
ascending,lowLevel.barkbands.stdev.13,0.21654271478722364
ascending,lowLevel.barkbands_spread.stdev,0.21645442421112193
ascending,lowLevel.sccoeffs.stdev.5,0.215601171443339
ascending,lowLevel.mfcc.mean.6,0.21518706645422725
ascending,lowLevel.barkbands_skewness.stdev,0.2114971521807547
ascending,lowLevel.barkbands.mean.9,0.21025703796537698
ascending,lowLevel.mfcc.stdev.6,0.2096166225558136
ascending,lowLevel.pitch_salience.mean,0.20692927445850273
ascending,sfx.oddtoevenharmonicenergyratio.mean,0.2049341675526417
ascending,lowLevel.barkbands.mean.0,0.20343303897652731
ascending,lowLevel.barkbands.stdev.9,0.20188238431286853
ascending,lowLevel.barkbands.mean.6,0.1987462570486116
ascending,lowLevel.barkbands_skewness.mean,0.19826128667081377
ascending,lowLevel.spectral_flatness_db.stdev,0.19269770901371638
ascending,lowLevel.mfcc.stdev.4,0.18632992672350746
ascending,lowLevel.dissonance.mean,0.18586125572856815
ascending,lowLevel.barkbands.mean.2,0.18419047623109464
ascending,lowLevel.spectral_spread.stdev,0.1753908483172184
ascending,lowLevel.barkbands.stdev.1,0.16712031792076232
ascending,lowLevel.mfcc.mean.10,0.16398498305500198
ascending,lowLevel.barkbands.stdev.16,0.16273696329703569
ascending,lowLevel.barkbands.mean.14,0.16157757668099748
ascending,sfx.tristimulus.mean.1,0.1575654202432304
ascending,lowLevel.barkbands.stdev.21,0.1573169525901701
ascending,lowLevel.spectral_centroid.stdev,0.15089843167748995
ascending,lowLevel.barkbands.stdev.22,0.1488182895543133
ascending,lowLevel.barkbands.mean.12,0.1457745895359892
ascending,lowLevel.pitch_instantaneous_confidence.mean,0.14488203926543974
ascending,lowLevel.pitch.mean,0.14190445063343304
ascending,lowLevel.mfcc.mean.4,0.139827258194142
ascending,lowLevel.barkbands.stdev.23,0.13888315772805981
ascending,lowLevel.spectral_decrease.mean,0.13722766826079713
ascending,lowLevel.mfcc.mean.1,0.13179064564440068
ascending,lowLevel.pitch.stdev,0.13113950819599296
ascending,lowLevel.dissonance.stdev,0.12826471429065123
ascending,lowLevel.barkbands_kurtosis.stdev,0.12318366833818573
ascending,sfx.tristimulus.mean.2,0.12312083697508902
ascending,lowLevel.barkbands.stdev.11,0.12234809417071801
ascending,lowLevel.mfcc.mean.12,0.12039493744768492
ascending,lowLevel.mfcc.mean.3,0.11909292843901653
ascending,lowLevel.scvalleys.mean.1,0.11746828143208177
ascending,lowLevel.spectral_energyband_low.mean,0.11703034246588828
ascending,sfx.inharmonicity.mean,0.11141722478436122
ascending,lowLevel.barkbands.mean.13,0.10905530851778167
ascending,lowLevel.pitch_salience.stdev,0.10606303075968526
ascending,lowLevel.mfcc.stdev.3,0.10577059789579835
ascending,lowLevel.mfcc.stdev.1,0.10527110723437261
ascending,lowLevel.spectral_decrease.stdev,0.1045216499092021
ascending,lowLevel.sccoeffs.stdev.1,0.09721174480847594
ascending,lowLevel.spectral_flux.stdev,0.09458117077521422
ascending,lowLevel.barkbands.stdev.20,0.09415782073756418
ascending,lowLevel.spectral_energyband_high.stdev,0.09183224770555398
ascending,sfx.inharmonicity.stdev,0.08563950290251299
ascending,lowLevel.mfcc.mean.11,0.08321461239749794
ascending,sfx.tristimulus.stdev.2,0.08138445589281318
ascending,lowLevel.mfcc.mean.2,0.07493744766799182
ascending,lowLevel.barkbands.stdev.2,0.06843363496162169
ascending,lowLevel.barkbands_spread.mean,0.06800471462598523
ascending,lowLevel.barkbands.stdev.0,0.06789287236574637
ascending,lowLevel.scvalleys.mean.0,0.06724894644102619
ascending,lowLevel.barkbands.stdev.19,0.06555075887628448
ascending,lowLevel.spectral_centroid.mean,0.06490924096547701
ascending,lowLevel.mfcc.mean.5,0.06210705404737382
ascending,lowLevel.sccoeffs.mean.0,0.05911660537140051
ascending,lowLevel.spectral_energyband_low.stdev,0.05493076737839431
ascending,lowLevel.spectral_flatness_db.mean,0.05021772366971078
ascending,lowLevel.spectral_rolloff.mean,0.04930762508411135
ascending,lowLevel.barkbands_kurtosis.mean,0.04832760521933466
ascending,lowLevel.barkbands.stdev.24,0.047896567473003415
ascending,lowLevel.zerocrossingrate.mean,0.04260445396494106
ascending,lowLevel.sccoeffs.stdev.0,0.04211352498778709
ascending,sfx.tristimulus.mean.0,0.03931001324730232
ascending,lowLevel.barkbands.mean.23,0.03617268114885519
ascending,lowLevel.spectral_crest.mean,0.02682111989057913
ascending,lowLevel.silence_rate_30dB.stdev,0.00966869509954904
ascending,lowLevel.silence_rate_30dB.mean,0.0057917480456710635
ascending,lowLevel.silence_rate_20dB.stdev,0.00011997000183328055
ascending,lowLevel.silence_rate_20dB.mean,0.0
assertive,lowLevel.hfc.mean,57.37242353662077
assertive,lowLevel.hfc.stdev,29.57629725120205
assertive,lowLevel.spectral_energy.mean,12.335420786301256
assertive,lowLevel.spectral_energyband_middle_high.mean,5.969657018518774
assertive,lowLevel.silence_rate_60dB.mean,3.0517861835760414
assertive,lowLevel.spectral_energyband_middle_low.mean,2.937960741459392
assertive,lowLevel.spectral_complexity.mean,2.918559845616983
assertive,lowLevel.spectral_complexity.stdev,2.8358962081256323
assertive,lowLevel.spectral_energy.stdev,2.7610857672189013
assertive,lowLevel.spectral_energyband_middle_low.stdev,2.5661041274943273
assertive,lowLevel.pitch_instantaneous_confidence.stdev,2.0212671739864163
assertive,lowLevel.barkbands.stdev.25,1.6361687470052857
assertive,lowLevel.barkbands.mean.26,1.6312308197375387
assertive,lowLevel.spectral_energyband_middle_high.stdev,1.6045106511810445
assertive,lowLevel.barkbands.mean.18,1.4549460604321212
assertive,lowLevel.scvalleys.mean.4,1.3469537225028034
assertive,lowLevel.spectral_strongpeak.stdev,1.3416309021267807
assertive,lowLevel.sccoeffs.stdev.2,1.2466570325341308
assertive,lowLevel.spectral_flux.mean,1.1750607489375398
assertive,lowLevel.spectral_strongpeak.mean,1.1538929184098379
assertive,lowLevel.spectral_flux.stdev,1.1494160268339328
assertive,lowLevel.spectral_decrease.mean,1.1453757674680674
assertive,lowLevel.barkbands.stdev.26,1.1072269070136826
assertive,lowLevel.mfcc.stdev.8,0.9348205027199583
assertive,lowLevel.mfcc.stdev.10,0.9327092254825402
assertive,lowLevel.barkbands.mean.15,0.895604989171261
assertive,lowLevel.barkbands.mean.25,0.8278050367662217
assertive,lowLevel.mfcc.stdev.2,0.7846680391885457
assertive,lowLevel.spectral_energyband_high.mean,0.767945983359823
assertive,lowLevel.barkbands.mean.11,0.7579241390521929
assertive,lowLevel.spectral_rms.mean,0.7482346866163425
assertive,lowLevel.mfcc.stdev.11,0.7017815770741436
assertive,lowLevel.spectral_rms.stdev,0.6206538185506361
assertive,lowLevel.sccoeffs.mean.3,0.6080920189706376
assertive,lowLevel.scvalleys.mean.3,0.6061497960108682
assertive,lowLevel.mfcc.stdev.7,0.6024421190486464
assertive,lowLevel.scvalleys.mean.1,0.552626698219683
assertive,lowLevel.sccoeffs.mean.2,0.5366334999998799
assertive,lowLevel.sccoeffs.stdev.5,0.5356380516859645
assertive,lowLevel.scvalleys.stdev.3,0.522172631273861
assertive,lowLevel.sccoeffs.mean.5,0.4911286853021011
assertive,lowLevel.pitch.mean,0.4815312370774336
assertive,lowLevel.pitch.stdev,0.47235948299930897
assertive,lowLevel.spectral_skewness.stdev,0.4621843507338781
assertive,lowLevel.dissonance.stdev,0.45272559745353647
assertive,lowLevel.scvalleys.stdev.0,0.4295683925593039
assertive,lowLevel.barkbands.stdev.12,0.41076630712086626
assertive,lowLevel.mfcc.stdev.3,0.38673798882518895
assertive,lowLevel.sccoeffs.stdev.4,0.3735568714037072
assertive,lowLevel.mfcc.mean.0,0.35691023684921674
assertive,lowLevel.barkbands.stdev.9,0.3546143009152729
assertive,lowLevel.barkbands.mean.10,0.34354743703079293
assertive,lowLevel.mfcc.stdev.9,0.33895451333228266
assertive,lowLevel.spectral_spread.mean,0.3282696015521651
assertive,lowLevel.scvalleys.stdev.2,0.32229233501129784
assertive,lowLevel.barkbands.mean.19,0.31450214351934846
assertive,lowLevel.spectral_kurtosis.stdev,0.31256575147563126
assertive,lowLevel.pitch_instantaneous_confidence.mean,0.30323367936944123
assertive,lowLevel.scvalleys.stdev.4,0.30170172594080213
assertive,lowLevel.mfcc.mean.3,0.3010471015586518
assertive,lowLevel.barkbands_spread.stdev,0.2831252413452603
assertive,lowLevel.barkbands.stdev.13,0.27413425681879744
assertive,lowLevel.scvalleys.mean.5,0.2708502566383686
assertive,lowLevel.scvalleys.stdev.1,0.26928073714952916
assertive,lowLevel.sccoeffs.stdev.3,0.26353828705032356
assertive,lowLevel.spectral_kurtosis.mean,0.2587695470720064
assertive,lowLevel.barkbands.stdev.11,0.25782392073597293
assertive,lowLevel.mfcc.mean.8,0.24215857046510791
assertive,lowLevel.sccoeffs.mean.4,0.2413253988197539
assertive,lowLevel.barkbands.stdev.4,0.23886892769951373
assertive,sfx.inharmonicity.stdev,0.2357459761424252
assertive,lowLevel.barkbands.mean.24,0.21560693468927639
assertive,lowLevel.dissonance.mean,0.21447682411235292
assertive,lowLevel.barkbands.mean.12,0.20983830385375768
assertive,lowLevel.spectral_centroid.stdev,0.20702693995554
assertive,lowLevel.barkbands.mean.13,0.20685627436614595
assertive,lowLevel.scvalleys.stdev.5,0.20479370453540469
assertive,lowLevel.spectral_energyband_high.stdev,0.2036266395880375
assertive,lowLevel.mfcc.stdev.6,0.19696086474868935
assertive,lowLevel.spectral_spread.stdev,0.1949529732373776
assertive,lowLevel.barkbands_skewness.stdev,0.18365842608909588
assertive,lowLevel.spectral_crest.stdev,0.1772760410021874
assertive,lowLevel.sccoeffs.mean.1,0.17100479090004228
assertive,lowLevel.scvalleys.mean.0,0.16695292152871843
assertive,sfx.tristimulus.mean.1,0.16500819390057586
assertive,lowLevel.mfcc.mean.11,0.16458657218026929
assertive,sfx.tristimulus.mean.2,0.16169634147081524
assertive,lowLevel.spectral_flatness_db.mean,0.16146290133474395
assertive,lowLevel.barkbands.mean.8,0.1613916140049696
assertive,lowLevel.spectral_energyband_low.mean,0.1613687030840083
assertive,lowLevel.barkbands.mean.17,0.1594743211826426
assertive,lowLevel.barkbands.stdev.1,0.15320365500519983
assertive,lowLevel.barkbands.mean.23,0.1472670268994989
assertive,lowLevel.barkbands.stdev.19,0.13525921682594344
assertive,lowLevel.barkbands_skewness.mean,0.1335632675800298
assertive,lowLevel.pitch_salience.mean,0.13157989585306495
assertive,lowLevel.mfcc.mean.4,0.12992391983425478
assertive,lowLevel.mfcc.stdev.12,0.12663171582607902
assertive,lowLevel.barkbands.stdev.17,0.12456558219855651
assertive,lowLevel.barkbands.mean.5,0.12061209691455588
assertive,lowLevel.mfcc.mean.9,0.11784110587905161
assertive,lowLevel.barkbands.stdev.18,0.11634238402621122
assertive,lowLevel.zerocrossingrate.stdev,0.11617350729648024
assertive,sfx.tristimulus.stdev.0,0.11250386942265322
assertive,lowLevel.mfcc.stdev.0,0.11013919294782681
assertive,lowLevel.barkbands.stdev.7,0.10655759695509914
assertive,lowLevel.barkbands.stdev.22,0.10602331094560213
assertive,lowLevel.mfcc.stdev.5,0.1053262601053575
assertive,lowLevel.barkbands.stdev.21,0.10280866063112626
assertive,lowLevel.barkbands_spread.mean,0.10221529079717584
assertive,lowLevel.barkbands_kurtosis.stdev,0.10111302455334226
assertive,lowLevel.mfcc.mean.10,0.10051547597686294
assertive,lowLevel.barkbands.stdev.0,0.09946441600914113
assertive,lowLevel.barkbands.mean.14,0.09681693641323363
assertive,lowLevel.sccoeffs.stdev.1,0.09548274057306116
assertive,lowLevel.barkbands.stdev.5,0.09481004998087883
assertive,lowLevel.barkbands.mean.22,0.09444604639429599
assertive,lowLevel.barkbands.mean.20,0.09292806391385966
assertive,lowLevel.spectral_rolloff.mean,0.09157788404263556
assertive,lowLevel.sccoeffs.stdev.0,0.09081580876954831
assertive,lowLevel.spectral_skewness.mean,0.08869592312839814
assertive,lowLevel.mfcc.mean.7,0.08801378148200456
assertive,lowLevel.mfcc.mean.5,0.08798584452597424
assertive,lowLevel.spectral_decrease.stdev,0.08645072891522432
assertive,lowLevel.barkbands.mean.4,0.08206553100899328
assertive,lowLevel.barkbands.stdev.10,0.08118205446953652
assertive,sfx.tristimulus.stdev.2,0.08008281423826702
assertive,lowLevel.barkbands.stdev.16,0.07859062253555749
assertive,sfx.tristimulus.stdev.1,0.07600165937219572
assertive,lowLevel.barkbands.mean.0,0.07594697905005887
assertive,lowLevel.barkbands.mean.21,0.07562839778984198
assertive,lowLevel.pitch_salience.stdev,0.07428077286022017
assertive,lowLevel.spectral_centroid.mean,0.07394791470142081
assertive,lowLevel.mfcc.mean.1,0.0734808022971265
assertive,sfx.oddtoevenharmonicenergyratio.mean,0.07233375147916377
assertive,lowLevel.barkbands.stdev.8,0.07162526674801484
assertive,lowLevel.barkbands.mean.9,0.07121422741329297
assertive,lowLevel.barkbands.mean.3,0.07111191934382077
assertive,lowLevel.scvalleys.mean.2,0.07051959593081847
assertive,lowLevel.barkbands.stdev.15,0.07037948958895868
assertive,lowLevel.barkbands.stdev.6,0.06941883231047541
assertive,lowLevel.spectral_rolloff.stdev,0.06881748192972736
assertive,lowLevel.barkbands.mean.1,0.06759742671420099
assertive,lowLevel.mfcc.mean.2,0.06273850266006775
assertive,lowLevel.mfcc.stdev.4,0.06203953205840662
assertive,lowLevel.barkbands.stdev.24,0.06043139492976479
assertive,lowLevel.barkbands.mean.7,0.06019100986304693
assertive,sfx.tristimulus.mean.0,0.05759530948125757
assertive,lowLevel.spectral_flatness_db.stdev,0.05625151435378939
assertive,lowLevel.barkbands.stdev.14,0.05126375088002533
assertive,sfx.oddtoevenharmonicenergyratio.stdev,0.04700997398322215
assertive,lowLevel.barkbands.mean.6,0.04529701638966799
assertive,lowLevel.barkbands.mean.16,0.044299112443695776
assertive,lowLevel.barkbands.stdev.23,0.04237107012886554
assertive,lowLevel.mfcc.mean.6,0.04171000116184587
assertive,lowLevel.barkbands.stdev.2,0.04101643123431131
assertive,lowLevel.mfcc.stdev.1,0.03984903122182004
assertive,lowLevel.barkbands_kurtosis.mean,0.03965097080799751
assertive,sfx.inharmonicity.mean,0.039077091714716516
assertive,lowLevel.mfcc.mean.12,0.0379689750225225
assertive,lowLevel.sccoeffs.mean.0,0.03512430909904651
assertive,lowLevel.barkbands.stdev.20,0.02960368141066283
assertive,lowLevel.barkbands.mean.2,0.027630935277557
assertive,lowLevel.zerocrossingrate.mean,0.027162923710420728
assertive,lowLevel.spectral_energyband_low.stdev,0.023283947783056647
assertive,lowLevel.barkbands.stdev.3,0.01795733015751466
assertive,lowLevel.silence_rate_60dB.stdev,0.011262468018685468
assertive,lowLevel.spectral_crest.mean,0.010430847076349892
assertive,lowLevel.silence_rate_30dB.mean,0.0
assertive,lowLevel.silence_rate_20dB.stdev,0.0
assertive,lowLevel.silence_rate_30dB.stdev,0.0
assertive,lowLevel.silence_rate_20dB.mean,0.0
awful,lowLevel.hfc.mean,254.65243007964455
awful,lowLevel.spectral_energyband_middle_high.mean,41.47157131833956
awful,lowLevel.spectral_complexity.mean,41.14049971656641
awful,lowLevel.spectral_complexity.stdev,23.338239248842
awful,lowLevel.silence_rate_60dB.mean,16.303546987473965
awful,lowLevel.spectral_energy.mean,8.787370396661572
awful,lowLevel.mfcc.stdev.9,3.6548767997301184
awful,lowLevel.spectral_energyband_middle_low.mean,3.1543227302026935
awful,lowLevel.spectral_energyband_middle_low.stdev,2.591457136790268
awful,lowLevel.barkbands.mean.26,1.9435288690729067
awful,lowLevel.mfcc.stdev.7,1.800678849045653
awful,lowLevel.hfc.stdev,1.6132872221642174
awful,lowLevel.barkbands.stdev.12,1.5904934797436
awful,lowLevel.mfcc.stdev.8,1.432105798390694
awful,lowLevel.barkbands.mean.4,1.375526655698195
awful,lowLevel.spectral_rms.stdev,1.3627624965738505
awful,lowLevel.pitch_instantaneous_confidence.stdev,1.1166347696562298
awful,lowLevel.barkbands.stdev.26,1.0981677656527609
awful,lowLevel.spectral_skewness.mean,1.059160795470234
awful,lowLevel.barkbands.mean.17,1.0560953217791393
awful,lowLevel.spectral_kurtosis.stdev,1.0108268331969157
awful,lowLevel.scvalleys.stdev.3,1.0065438079182059
awful,lowLevel.mfcc.mean.8,0.9405922401929274
awful,lowLevel.mfcc.stdev.12,0.9307053572265431
awful,lowLevel.barkbands.mean.5,0.8766125976108015
awful,sfx.tristimulus.stdev.1,0.8673370282049291
awful,lowLevel.barkbands.mean.12,0.74220099626109
awful,lowLevel.mfcc.stdev.10,0.7188135349424556
awful,lowLevel.barkbands.stdev.6,0.6912940297333989
awful,lowLevel.mfcc.stdev.11,0.6298598952125758
awful,lowLevel.barkbands.stdev.5,0.5984455866273493
awful,lowLevel.barkbands.mean.8,0.5512927091913298
awful,lowLevel.barkbands.stdev.11,0.5097194519476034
awful,lowLevel.scvalleys.stdev.4,0.49633973464369774
awful,lowLevel.spectral_flatness_db.stdev,0.48249509412562475
awful,lowLevel.spectral_kurtosis.mean,0.4727389645995572
awful,lowLevel.barkbands.mean.11,0.43551080336328596
awful,lowLevel.barkbands_skewness.mean,0.4193581124418415
awful,lowLevel.barkbands.mean.13,0.39441555098164827
awful,lowLevel.mfcc.stdev.0,0.384235592209734
awful,lowLevel.barkbands.mean.6,0.3820883750449866
awful,lowLevel.spectral_spread.mean,0.35236505820648745
awful,lowLevel.spectral_energyband_high.mean,0.3463572517503053
awful,lowLevel.barkbands.mean.7,0.3260805489262566
awful,lowLevel.pitch.mean,0.29733717325143516
awful,lowLevel.barkbands.stdev.7,0.29389900533715263
awful,lowLevel.sccoeffs.stdev.2,0.28998344056890346
awful,lowLevel.mfcc.stdev.5,0.28706220688764006
awful,lowLevel.spectral_rms.mean,0.27609099308028817
awful,lowLevel.zerocrossingrate.mean,0.27164259960409254
awful,lowLevel.barkbands.mean.25,0.23082209180574864
awful,lowLevel.spectral_skewness.stdev,0.22938075952697545
awful,sfx.oddtoevenharmonicenergyratio.stdev,0.20311864372342825
awful,lowLevel.sccoeffs.mean.5,0.18733567875460722
awful,lowLevel.spectral_strongpeak.mean,0.18305301590589806
awful,lowLevel.mfcc.mean.0,0.17667386692482978
awful,sfx.tristimulus.stdev.2,0.16780878277495503
awful,lowLevel.scvalleys.stdev.5,0.16158540442120284
awful,lowLevel.barkbands.stdev.3,0.16101745463674888
awful,lowLevel.mfcc.stdev.2,0.16079924799851142
awful,lowLevel.sccoeffs.mean.2,0.15889227099251002
awful,lowLevel.scvalleys.stdev.2,0.15671738237142563
awful,lowLevel.scvalleys.stdev.1,0.1542816295986995
awful,sfx.inharmonicity.stdev,0.15333043521968648
awful,lowLevel.scvalleys.stdev.0,0.15063920407555997
awful,lowLevel.spectral_energy.stdev,0.14908248034771532
awful,lowLevel.spectral_rolloff.mean,0.14275591960176826
awful,lowLevel.barkbands.mean.16,0.1370710110059008
awful,lowLevel.mfcc.mean.12,0.13660688223899342
awful,lowLevel.barkbands.mean.22,0.13232326647266746
awful,lowLevel.dissonance.stdev,0.12507035213639028
awful,lowLevel.mfcc.stdev.4,0.1241915745777078
awful,lowLevel.scvalleys.mean.1,0.12367471866309643
awful,lowLevel.scvalleys.mean.5,0.1208294698735699
awful,lowLevel.barkbands.mean.18,0.11732379323802888
awful,sfx.tristimulus.stdev.0,0.11492429475765675
awful,lowLevel.barkbands.mean.0,0.10879010171629488
awful,lowLevel.barkbands.mean.21,0.1050190704409033
awful,lowLevel.spectral_decrease.stdev,0.10225372749846429
awful,lowLevel.mfcc.mean.10,0.09475782857043669
awful,sfx.inharmonicity.mean,0.09257740268367343
awful,lowLevel.barkbands.mean.15,0.08878702111542225
awful,lowLevel.barkbands.stdev.8,0.08301216847030446
awful,lowLevel.spectral_crest.stdev,0.07757884461898357
awful,lowLevel.barkbands.stdev.18,0.07597280014306307
awful,lowLevel.mfcc.mean.2,0.07096619822550565
awful,lowLevel.mfcc.stdev.6,0.06886839575599879
awful,lowLevel.barkbands.stdev.19,0.06796030083205551
awful,lowLevel.pitch.stdev,0.06263624934945256
awful,lowLevel.sccoeffs.stdev.4,0.06260253657819703
awful,lowLevel.sccoeffs.stdev.5,0.0619100802578032
awful,lowLevel.mfcc.mean.3,0.06145862297853455
awful,lowLevel.scvalleys.mean.3,0.05827472941018641
awful,lowLevel.barkbands_spread.stdev,0.05622758902609348
awful,lowLevel.sccoeffs.stdev.3,0.05557643773499876
awful,sfx.oddtoevenharmonicenergyratio.mean,0.05553295474965125
awful,lowLevel.spectral_strongpeak.stdev,0.05415819020709023
awful,lowLevel.barkbands.mean.1,0.050390776130370796
awful,lowLevel.spectral_flatness_db.mean,0.05005865980638191
awful,lowLevel.sccoeffs.mean.4,0.0494025400839746
awful,lowLevel.mfcc.mean.4,0.04923653192236088
awful,sfx.tristimulus.mean.2,0.04834449605550617
awful,lowLevel.scvalleys.mean.0,0.04764514940325171
awful,lowLevel.sccoeffs.mean.3,0.04719266080064699
awful,lowLevel.spectral_centroid.mean,0.04475508659379557
awful,lowLevel.barkbands.stdev.9,0.04426368104759604
awful,lowLevel.mfcc.mean.6,0.04196144614252262
awful,lowLevel.mfcc.stdev.3,0.04167965828673914
awful,lowLevel.spectral_energyband_middle_high.stdev,0.041385771008208394
awful,lowLevel.barkbands.stdev.20,0.04061854991596192
awful,lowLevel.spectral_centroid.stdev,0.04024598211981356
awful,lowLevel.sccoeffs.mean.1,0.03920604716404341
awful,lowLevel.barkbands.stdev.17,0.03866198915056884
awful,lowLevel.spectral_flux.mean,0.0386567396344617
awful,lowLevel.mfcc.mean.5,0.03673931889352389
awful,lowLevel.barkbands.stdev.21,0.036474639928201213
awful,lowLevel.barkbands_kurtosis.stdev,0.03570901809143834
awful,lowLevel.scvalleys.mean.4,0.034851380391046405
awful,lowLevel.pitch_instantaneous_confidence.mean,0.034826161339879036
awful,lowLevel.barkbands_kurtosis.mean,0.03409632231341675
awful,lowLevel.sccoeffs.stdev.1,0.0336565746110864
awful,lowLevel.mfcc.mean.7,0.03228129557101056
awful,lowLevel.dissonance.mean,0.03132585424464196
awful,sfx.tristimulus.mean.0,0.031122977088671178
awful,lowLevel.scvalleys.mean.2,0.030985408433480188
awful,lowLevel.barkbands.stdev.14,0.028924298763740808
awful,lowLevel.mfcc.mean.9,0.02851949376054108
awful,lowLevel.barkbands_spread.mean,0.02793467993615195
awful,lowLevel.barkbands.stdev.25,0.027616879669949412
awful,lowLevel.spectral_spread.stdev,0.02757458615815267
awful,lowLevel.mfcc.mean.11,0.0273082384665031
awful,lowLevel.barkbands.stdev.4,0.027159889577887952
awful,lowLevel.mfcc.stdev.1,0.02676504966802895
awful,lowLevel.barkbands.mean.10,0.02557238016743213
awful,lowLevel.barkbands.stdev.13,0.024393039639107883
awful,lowLevel.barkbands.stdev.1,0.023601570283062756
awful,lowLevel.barkbands.stdev.15,0.023349171911831945
awful,lowLevel.barkbands.mean.3,0.023049260140396655
awful,sfx.tristimulus.mean.1,0.0228220010176301
awful,lowLevel.spectral_crest.mean,0.021081319893710315
awful,lowLevel.silence_rate_60dB.stdev,0.020633039996027946
awful,lowLevel.silence_rate_30dB.stdev,0.019288774870801717
awful,lowLevel.spectral_decrease.mean,0.018800669931806624
awful,lowLevel.barkbands.mean.2,0.018631060025654733
awful,lowLevel.barkbands.stdev.24,0.018591149942949414
awful,lowLevel.barkbands.mean.9,0.018443574896082282
awful,lowLevel.spectral_energyband_high.stdev,0.01683846046216786
awful,lowLevel.sccoeffs.mean.0,0.01621329999761656
awful,lowLevel.spectral_flux.stdev,0.015680819982662797
awful,lowLevel.pitch_salience.mean,0.015254184312652797
awful,lowLevel.barkbands.stdev.0,0.014532539993524551
awful,lowLevel.barkbands.mean.19,0.014233600348234177
awful,lowLevel.barkbands.mean.23,0.013706280034966767
awful,lowLevel.mfcc.mean.1,0.013364694954361767
awful,lowLevel.barkbands.stdev.23,0.012896970147266984
awful,lowLevel.barkbands.mean.24,0.012231431028340012
awful,lowLevel.barkbands_skewness.stdev,0.012029285950120538
awful,lowLevel.pitch_salience.stdev,0.011043772014090791
awful,lowLevel.zerocrossingrate.stdev,0.010611535864882171
awful,lowLevel.sccoeffs.stdev.0,0.010343067871872336
awful,lowLevel.barkbands.mean.14,0.010101259918883443
awful,lowLevel.barkbands.stdev.10,0.007821650011464953
awful,lowLevel.spectral_energyband_low.stdev,0.0069846599362790585
awful,lowLevel.barkbands.stdev.22,0.005103979958221316
awful,lowLevel.barkbands.mean.20,0.004582848981954157
awful,lowLevel.barkbands.stdev.16,0.004361619940027595
awful,lowLevel.spectral_rolloff.stdev,0.0037646598648279905
awful,lowLevel.spectral_energyband_low.mean,0.003599260002374649
awful,lowLevel.barkbands.stdev.2,0.0027475100941956043
awful,lowLevel.silence_rate_30dB.mean,0.0007523500244133174
awful,lowLevel.silence_rate_20dB.mean,0.0
awful,lowLevel.silence_rate_20dB.stdev,0.0
balanced,lowLevel.hfc.mean,1382.8120768021763
balanced,lowLevel.spectral_energy.mean,355.00464337434096
balanced,lowLevel.spectral_complexity.stdev,118.93608049239992
balanced,lowLevel.hfc.stdev,86.41608492213345
balanced,lowLevel.spectral_complexity.mean,35.747483772465785
balanced,lowLevel.spectral_energyband_middle_high.mean,35.73960067306325
balanced,lowLevel.spectral_energyband_middle_low.stdev,26.092431561090052
balanced,lowLevel.barkbands.stdev.12,19.668854720846866
balanced,lowLevel.spectral_energyband_middle_low.mean,18.082416409823054
balanced,lowLevel.spectral_energyband_middle_high.stdev,13.495954951773456
balanced,lowLevel.silence_rate_60dB.mean,13.441253114142455
balanced,lowLevel.spectral_strongpeak.mean,12.889714419885422
balanced,lowLevel.spectral_rms.stdev,8.357465571098146
balanced,lowLevel.pitch_instantaneous_confidence.stdev,8.033589020160434
balanced,lowLevel.barkbands.stdev.26,7.823583178535046
balanced,lowLevel.barkbands.mean.26,6.059776528090879
balanced,lowLevel.barkbands.stdev.11,6.041305950930109
balanced,lowLevel.mfcc.stdev.9,6.032640648656525
balanced,lowLevel.barkbands.stdev.7,5.9149670176557265
balanced,lowLevel.barkbands.mean.18,5.863541452148638
balanced,lowLevel.spectral_rms.mean,5.714302844833583
balanced,lowLevel.barkbands.mean.25,5.122663369082147
balanced,lowLevel.barkbands.stdev.5,4.933251031899999
balanced,lowLevel.mfcc.stdev.11,4.817683652669075
balanced,lowLevel.barkbands.stdev.6,4.8138790109951515
balanced,lowLevel.sccoeffs.mean.4,4.787224103005428
balanced,lowLevel.spectral_energyband_high.mean,4.635489088614122
balanced,lowLevel.spectral_strongpeak.stdev,4.426682212135347
balanced,lowLevel.scvalleys.stdev.3,4.13829038523545
balanced,lowLevel.mfcc.stdev.8,4.086860031733522
balanced,lowLevel.barkbands.stdev.8,4.017861576445284
balanced,lowLevel.sccoeffs.mean.3,3.7577406079071807
balanced,lowLevel.barkbands.mean.8,3.606043813924771
balanced,lowLevel.barkbands.mean.17,3.563209069048753
balanced,lowLevel.mfcc.mean.0,3.439646531965991
balanced,lowLevel.barkbands.stdev.9,3.4144861423010298
balanced,lowLevel.spectral_energyband_high.stdev,3.2726736566837644
balanced,lowLevel.mfcc.stdev.10,3.108354941345169
balanced,lowLevel.barkbands.mean.12,3.106465157252387
balanced,lowLevel.spectral_decrease.mean,3.085379955766257
balanced,lowLevel.barkbands.mean.7,3.0183353343163617
balanced,lowLevel.spectral_skewness.stdev,2.800318746623816
balanced,lowLevel.barkbands.mean.11,2.6761785382404923
balanced,lowLevel.sccoeffs.mean.2,2.625516665459145
balanced,lowLevel.pitch.mean,2.455924516529194
balanced,lowLevel.spectral_kurtosis.stdev,2.2201150927576236
balanced,sfx.tristimulus.stdev.0,2.209424647866399
balanced,lowLevel.sccoeffs.mean.5,2.2055353081959765
balanced,lowLevel.mfcc.mean.8,2.002977534855745
balanced,lowLevel.barkbands.stdev.14,1.971847024615272
balanced,lowLevel.barkbands.mean.13,1.8995834595989436
balanced,lowLevel.barkbands.stdev.13,1.87159845296992
balanced,lowLevel.sccoeffs.stdev.2,1.8609307707301923
balanced,lowLevel.barkbands.stdev.10,1.805129307525931
balanced,lowLevel.mfcc.stdev.7,1.7814211027907731
balanced,lowLevel.spectral_spread.mean,1.7755188880619244
balanced,lowLevel.barkbands.mean.16,1.756000734254485
balanced,lowLevel.barkbands.mean.15,1.7226994365337305
balanced,lowLevel.scvalleys.mean.5,1.6703874873855966
balanced,lowLevel.mfcc.stdev.12,1.6557575888364227
balanced,lowLevel.barkbands.mean.5,1.602290236056433
balanced,lowLevel.barkbands.mean.10,1.5604641218524193
balanced,lowLevel.barkbands.stdev.25,1.5320470458391355
balanced,lowLevel.barkbands.mean.6,1.5207773835281841
balanced,lowLevel.scvalleys.stdev.2,1.4957188282751304
balanced,lowLevel.mfcc.stdev.0,1.4910157024205546
balanced,lowLevel.spectral_kurtosis.mean,1.4433180781561532
balanced,lowLevel.spectral_flatness_db.stdev,1.367188591255399
balanced,lowLevel.barkbands_kurtosis.stdev,1.306069974820275
balanced,lowLevel.scvalleys.stdev.1,1.3019502656752593
balanced,lowLevel.barkbands_skewness.stdev,1.2782164452510187
balanced,sfx.tristimulus.stdev.2,1.2697777474968461
balanced,lowLevel.mfcc.stdev.2,1.258935525889683
balanced,lowLevel.scvalleys.mean.4,1.2274659847607836
balanced,lowLevel.barkbands.mean.9,1.2234830318411696
balanced,lowLevel.mfcc.mean.3,1.220978387776995
balanced,lowLevel.barkbands.mean.14,1.1426249713258585
balanced,sfx.oddtoevenharmonicenergyratio.mean,1.1284847881252063
balanced,lowLevel.barkbands.stdev.3,1.1203220727911685
balanced,sfx.tristimulus.stdev.1,1.0857998265491915
balanced,lowLevel.sccoeffs.stdev.3,1.077815133612603
balanced,lowLevel.sccoeffs.mean.1,1.011859830148751
balanced,lowLevel.mfcc.mean.12,1.004496486246353
balanced,lowLevel.barkbands.mean.24,1.0015999251918402
balanced,lowLevel.pitch.stdev,0.9808836713054916
balanced,lowLevel.silence_rate_60dB.stdev,0.9604626864165766
balanced,lowLevel.barkbands.mean.20,0.8732625579068554
balanced,sfx.oddtoevenharmonicenergyratio.stdev,0.8382169340547989
balanced,lowLevel.barkbands.mean.3,0.8325381523754913
balanced,lowLevel.barkbands.mean.22,0.8311275624655536
balanced,lowLevel.scvalleys.stdev.4,0.789244614825293
balanced,lowLevel.barkbands.stdev.22,0.7718876812868984
balanced,lowLevel.spectral_energy.stdev,0.7620378832143615
balanced,lowLevel.barkbands.mean.19,0.7566653272806434
balanced,lowLevel.mfcc.mean.10,0.6948573288391344
balanced,lowLevel.scvalleys.stdev.5,0.6824740315423696
balanced,lowLevel.barkbands.stdev.17,0.6731324331849464
balanced,lowLevel.mfcc.stdev.5,0.6644606299378211
balanced,lowLevel.mfcc.stdev.6,0.6335670547996415
balanced,lowLevel.mfcc.mean.9,0.6240255220145627
balanced,lowLevel.pitch_salience.mean,0.6224326703231782
balanced,lowLevel.spectral_skewness.mean,0.6126113839418394
balanced,lowLevel.spectral_rolloff.stdev,0.6042265237483662
balanced,lowLevel.mfcc.mean.7,0.5879350426257588
balanced,lowLevel.spectral_crest.stdev,0.5835490870813373
balanced,lowLevel.pitch_instantaneous_confidence.mean,0.5814362361270469
balanced,lowLevel.spectral_decrease.stdev,0.5780926246297895
balanced,lowLevel.sccoeffs.stdev.5,0.5735974511662789
balanced,lowLevel.sccoeffs.stdev.1,0.570998464954755
balanced,sfx.inharmonicity.stdev,0.5598920410120627
balanced,sfx.tristimulus.mean.1,0.5543904499063501
balanced,lowLevel.barkbands.stdev.15,0.541944758297177
balanced,lowLevel.sccoeffs.mean.0,0.5405594205367379
balanced,lowLevel.barkbands.mean.21,0.514284062817751
balanced,lowLevel.scvalleys.mean.1,0.505771511416242
balanced,lowLevel.scvalleys.mean.0,0.501322484065895
balanced,lowLevel.barkbands.stdev.16,0.500385476880183
balanced,lowLevel.spectral_crest.mean,0.4956704420110327
balanced,lowLevel.pitch_salience.stdev,0.49154683378583286
balanced,lowLevel.barkbands.mean.4,0.4843835100327851
balanced,lowLevel.barkbands.stdev.2,0.48397391993785277
balanced,lowLevel.spectral_spread.stdev,0.4777317079642671
balanced,lowLevel.barkbands_spread.stdev,0.46941499714012025
balanced,lowLevel.scvalleys.mean.3,0.4665923359061708
balanced,lowLevel.mfcc.stdev.4,0.45743334222061094
balanced,lowLevel.barkbands.mean.1,0.4499649979188689
balanced,lowLevel.spectral_rolloff.mean,0.4470878485153662
balanced,lowLevel.barkbands.stdev.24,0.4325210545939626
balanced,lowLevel.mfcc.mean.11,0.432259504472313
balanced,lowLevel.barkbands.stdev.20,0.4297384389064973
balanced,lowLevel.scvalleys.mean.2,0.4171873164741555
balanced,lowLevel.spectral_flux.stdev,0.4039156122453278
balanced,lowLevel.spectral_flux.mean,0.3902105328888865
balanced,lowLevel.scvalleys.stdev.0,0.3892173680505948
balanced,lowLevel.barkbands.stdev.18,0.38830332974612247
balanced,lowLevel.zerocrossingrate.mean,0.3798884317075135
balanced,sfx.inharmonicity.mean,0.3677686818919028
balanced,lowLevel.mfcc.mean.6,0.3644817158783553
balanced,lowLevel.barkbands.mean.2,0.3590935022220947
balanced,lowLevel.spectral_centroid.stdev,0.3400425301952055
balanced,lowLevel.barkbands.stdev.23,0.3339030216593528
balanced,lowLevel.barkbands.stdev.1,0.3315464924671687
balanced,lowLevel.dissonance.stdev,0.31987405583640793
balanced,lowLevel.mfcc.stdev.1,0.3172598342207493
balanced,lowLevel.mfcc.stdev.3,0.30885233625303954
balanced,lowLevel.barkbands.stdev.19,0.308431937432033
balanced,lowLevel.sccoeffs.stdev.4,0.301488068245817
balanced,sfx.tristimulus.mean.0,0.2989024291109672
balanced,lowLevel.sccoeffs.stdev.0,0.2909420651340042
balanced,lowLevel.barkbands.mean.0,0.28512135110941017
balanced,sfx.tristimulus.mean.2,0.27872361108165933
balanced,lowLevel.mfcc.mean.4,0.26370828880317276
balanced,lowLevel.mfcc.mean.5,0.2626168384194898
balanced,lowLevel.barkbands.mean.23,0.2535896956542274
balanced,lowLevel.mfcc.mean.1,0.25301049526024144
balanced,lowLevel.barkbands_kurtosis.mean,0.2479639477096498
balanced,lowLevel.spectral_centroid.mean,0.2406144236010732
balanced,lowLevel.spectral_flatness_db.mean,0.2382626635953784
balanced,lowLevel.barkbands_spread.mean,0.22364285845833365
balanced,lowLevel.barkbands_skewness.mean,0.2181672879078178
balanced,lowLevel.mfcc.mean.2,0.21805769752972992
balanced,lowLevel.zerocrossingrate.stdev,0.19798812986846315
balanced,lowLevel.barkbands.stdev.21,0.19707348650263157
balanced,lowLevel.spectral_energyband_low.mean,0.19547961153148208
balanced,lowLevel.barkbands.stdev.4,0.176141771604307
balanced,lowLevel.barkbands.stdev.0,0.16092103817209136
balanced,lowLevel.dissonance.mean,0.14591631162329577
balanced,lowLevel.spectral_energyband_low.stdev,0.12050752549839672
balanced,lowLevel.silence_rate_30dB.mean,0.06643843141500838
balanced,lowLevel.silence_rate_30dB.stdev,0.027671234362060204
balanced,lowLevel.silence_rate_20dB.stdev,0.00031794499955140054
balanced,lowLevel.silence_rate_20dB.mean,0.000274001999059692
blunt,lowLevel.hfc.mean,34.4835432406862
blunt,lowLevel.spectral_energyband_middle_high.mean,24.550951730381996
blunt,lowLevel.hfc.stdev,7.983296403143726
blunt,lowLevel.barkbands.mean.18,7.869659082822864
blunt,lowLevel.spectral_energy.mean,6.854523015449104
blunt,lowLevel.spectral_complexity.stdev,5.79636562900339
blunt,lowLevel.spectral_complexity.mean,5.624824713373471
blunt,lowLevel.barkbands.mean.17,5.240964092458455
blunt,lowLevel.mfcc.stdev.10,4.427419121077037
blunt,lowLevel.spectral_strongpeak.mean,4.093766544875166
blunt,lowLevel.sccoeffs.mean.4,3.444032788566801
blunt,lowLevel.spectral_energyband_middle_low.mean,3.4160375530846068
blunt,lowLevel.sccoeffs.mean.5,3.3801788226091958
blunt,lowLevel.spectral_energyband_high.mean,2.3407649443034515
blunt,lowLevel.spectral_energyband_middle_high.stdev,2.2910861722336904
blunt,lowLevel.barkbands.mean.22,2.289232683202613
blunt,lowLevel.barkbands.mean.12,2.2209023532446963
blunt,lowLevel.mfcc.stdev.7,2.2101034633897143
blunt,lowLevel.mfcc.stdev.9,2.113125651963813
blunt,lowLevel.spectral_flux.mean,1.9425161698823459
blunt,lowLevel.mfcc.stdev.12,1.916067056441534
blunt,lowLevel.barkbands.stdev.15,1.7872891881124815
blunt,lowLevel.barkbands.mean.16,1.5304957776497758
blunt,lowLevel.spectral_rms.mean,1.5296931230693964
blunt,lowLevel.spectral_decrease.mean,1.5068966049056378
blunt,lowLevel.mfcc.stdev.8,1.4066979319522943
blunt,lowLevel.barkbands.mean.14,1.3435327367916443
blunt,lowLevel.sccoeffs.mean.3,1.282095176708026
blunt,lowLevel.mfcc.stdev.11,1.2750408339466048
blunt,lowLevel.spectral_energyband_middle_low.stdev,1.2643005193403951
blunt,lowLevel.mfcc.mean.0,1.2352034840187116
blunt,lowLevel.silence_rate_60dB.mean,1.0687199982712627
blunt,sfx.tristimulus.stdev.1,1.0255033704797825
blunt,lowLevel.barkbands.stdev.12,0.9824400679499377
blunt,lowLevel.mfcc.stdev.0,0.9383745921677473
blunt,lowLevel.barkbands.mean.20,0.898972757777301
blunt,lowLevel.spectral_decrease.stdev,0.890291961413368
blunt,lowLevel.barkbands.mean.7,0.8657314669035259
blunt,lowLevel.barkbands.mean.23,0.7856926293447941
blunt,lowLevel.barkbands.stdev.14,0.7788207601445265
blunt,lowLevel.barkbands.mean.24,0.7694560989566526
blunt,lowLevel.spectral_rms.stdev,0.7617251239180405
blunt,lowLevel.silence_rate_60dB.stdev,0.7432888304338121
blunt,lowLevel.scvalleys.mean.5,0.7167341309477706
blunt,lowLevel.sccoeffs.mean.2,0.7014226130052066
blunt,lowLevel.barkbands.mean.8,0.6958846747456846
blunt,lowLevel.scvalleys.stdev.1,0.690619728275351
blunt,lowLevel.barkbands.stdev.11,0.6188590513316967
blunt,lowLevel.barkbands.stdev.8,0.6044618198684475
blunt,lowLevel.barkbands.mean.19,0.6036533842889185
blunt,lowLevel.barkbands.stdev.1,0.6017849059135187
blunt,lowLevel.mfcc.stdev.5,0.5795931739451134
blunt,lowLevel.scvalleys.stdev.4,0.5781322133141202
blunt,lowLevel.barkbands.stdev.9,0.5762212826239193
blunt,lowLevel.barkbands.stdev.26,0.5759506595302355
blunt,lowLevel.barkbands.mean.4,0.5700820608496997
blunt,lowLevel.mfcc.mean.3,0.5659853150422975
blunt,lowLevel.barkbands.mean.26,0.5398029460828297
blunt,lowLevel.pitch_instantaneous_confidence.stdev,0.5345915807024539
blunt,lowLevel.barkbands.mean.10,0.5200644314260217
blunt,lowLevel.barkbands.stdev.16,0.4904673235141672
blunt,lowLevel.sccoeffs.stdev.3,0.4776990117807145
blunt,lowLevel.barkbands.mean.11,0.4570072991837151
blunt,lowLevel.barkbands.mean.5,0.45117193789697296
blunt,lowLevel.mfcc.stdev.6,0.4470503189972783
blunt,lowLevel.scvalleys.mean.4,0.4419434575403045
blunt,lowLevel.barkbands.mean.21,0.4417573973710205
blunt,lowLevel.spectral_kurtosis.mean,0.43879037580518343
blunt,lowLevel.barkbands.mean.1,0.40778322864010796
blunt,lowLevel.barkbands.stdev.4,0.40590246422638643
blunt,lowLevel.barkbands.mean.13,0.3841741695570704
blunt,sfx.oddtoevenharmonicenergyratio.stdev,0.38136984368981075
blunt,lowLevel.barkbands.stdev.0,0.3659708876593868
blunt,lowLevel.barkbands.stdev.22,0.35617378473489225
blunt,lowLevel.spectral_crest.stdev,0.3347296410565832
blunt,lowLevel.spectral_energyband_low.mean,0.33242862435872667
blunt,lowLevel.barkbands.stdev.24,0.328779969313473
blunt,lowLevel.barkbands.mean.3,0.3219135231565815
blunt,lowLevel.scvalleys.stdev.0,0.31920936762071506
blunt,lowLevel.barkbands.mean.9,0.31837451004685136
blunt,lowLevel.barkbands.stdev.17,0.3118834605952543
blunt,lowLevel.barkbands.stdev.3,0.30343022897068295
blunt,lowLevel.scvalleys.mean.2,0.2899824906048707
blunt,lowLevel.zerocrossingrate.mean,0.28020791119229216
blunt,lowLevel.barkbands.mean.15,0.2787794310991103
blunt,lowLevel.spectral_strongpeak.stdev,0.2772549671958586
blunt,lowLevel.spectral_energyband_low.stdev,0.27056747041933704
blunt,lowLevel.scvalleys.stdev.3,0.266247066768301
blunt,lowLevel.barkbands.stdev.18,0.2624723741123489
blunt,lowLevel.barkbands_kurtosis.stdev,0.25779760723617073
blunt,lowLevel.spectral_energy.stdev,0.2533900130730773
blunt,lowLevel.mfcc.mean.4,0.24059477006812813
blunt,lowLevel.spectral_energyband_high.stdev,0.21559225606358723
blunt,lowLevel.sccoeffs.mean.1,0.20875987196647472
blunt,lowLevel.barkbands_skewness.mean,0.20837986369951977
blunt,lowLevel.barkbands.stdev.25,0.20722418798322906
blunt,lowLevel.barkbands.stdev.7,0.19952501605803263
blunt,lowLevel.pitch.stdev,0.18937681552756658
blunt,lowLevel.scvalleys.mean.3,0.18641207494874834
blunt,lowLevel.barkbands_spread.stdev,0.179412744464571
blunt,lowLevel.mfcc.stdev.2,0.1694921083409895
blunt,lowLevel.pitch.mean,0.16922625303413952
blunt,lowLevel.pitch_salience.mean,0.16753305692895992
blunt,lowLevel.barkbands.stdev.19,0.16500509357251758
blunt,lowLevel.barkbands.mean.6,0.16381689303597113
blunt,lowLevel.mfcc.stdev.4,0.1609488996118671
blunt,lowLevel.barkbands.stdev.10,0.16007948702934982
blunt,lowLevel.barkbands_skewness.stdev,0.15909903798274172
blunt,lowLevel.barkbands.stdev.13,0.15622038684136896
blunt,sfx.tristimulus.mean.2,0.14893206594933872
blunt,lowLevel.dissonance.stdev,0.14872984435282888
blunt,sfx.oddtoevenharmonicenergyratio.mean,0.1476948137560612
blunt,lowLevel.barkbands.stdev.2,0.1443069126798946
blunt,sfx.inharmonicity.mean,0.14369163231908288
blunt,lowLevel.pitch_instantaneous_confidence.mean,0.13954388078379765
blunt,sfx.tristimulus.mean.0,0.1391269902642307
blunt,lowLevel.barkbands.stdev.5,0.13857600778999313
blunt,lowLevel.barkbands.stdev.20,0.13833951373999298
blunt,lowLevel.sccoeffs.mean.0,0.13629599276328008
blunt,lowLevel.mfcc.mean.8,0.13498724647904475
blunt,lowLevel.mfcc.stdev.3,0.13378232263016798
blunt,lowLevel.barkbands.stdev.21,0.13367654914145533
blunt,sfx.tristimulus.stdev.2,0.13309315111502862
blunt,lowLevel.barkbands.mean.25,0.1300066270798652
blunt,lowLevel.barkbands.stdev.23,0.12129843273851293
blunt,lowLevel.scvalleys.mean.1,0.11654574013300589
blunt,lowLevel.sccoeffs.stdev.4,0.11613794135871558
blunt,lowLevel.mfcc.mean.12,0.11136691628104955
blunt,lowLevel.spectral_centroid.stdev,0.11019113594920782
blunt,lowLevel.spectral_flux.stdev,0.10657424633211576
blunt,lowLevel.spectral_flatness_db.mean,0.10385774610015375
blunt,lowLevel.sccoeffs.stdev.5,0.10257329609937749
blunt,lowLevel.mfcc.mean.2,0.10255154858782589
blunt,lowLevel.spectral_skewness.stdev,0.1014753220217699
blunt,lowLevel.spectral_spread.mean,0.1011263709879131
blunt,lowLevel.spectral_rolloff.stdev,0.09893202635140597
blunt,sfx.tristimulus.mean.1,0.09872979291412776
blunt,lowLevel.spectral_rolloff.mean,0.09789964957053598
blunt,lowLevel.spectral_flatness_db.stdev,0.09746615988251506
blunt,lowLevel.barkbands.mean.2,0.0972715169955336
blunt,sfx.inharmonicity.stdev,0.09353870294535227
blunt,lowLevel.barkbands.stdev.6,0.09335547972477798
blunt,lowLevel.spectral_crest.mean,0.0922902703150612
blunt,lowLevel.scvalleys.stdev.2,0.09154400221814285
blunt,lowLevel.dissonance.mean,0.0911245777814429
blunt,lowLevel.scvalleys.stdev.5,0.08567806962673785
blunt,lowLevel.mfcc.mean.5,0.08417395251495918
blunt,lowLevel.mfcc.stdev.1,0.08355502620861444
blunt,lowLevel.zerocrossingrate.stdev,0.08330808867071582
blunt,lowLevel.barkbands.mean.0,0.08308080674055418
blunt,lowLevel.mfcc.mean.10,0.08064985098576472
blunt,lowLevel.mfcc.mean.9,0.07831618095769954
blunt,lowLevel.scvalleys.mean.0,0.07757922484415758
blunt,lowLevel.sccoeffs.stdev.0,0.07622331741950461
blunt,lowLevel.mfcc.mean.1,0.07563442928949371
blunt,lowLevel.sccoeffs.stdev.2,0.07412418474672222
blunt,lowLevel.spectral_centroid.mean,0.07359482244737592
blunt,lowLevel.spectral_skewness.mean,0.07194679832355177
blunt,lowLevel.spectral_spread.stdev,0.06579664579658129
blunt,sfx.tristimulus.stdev.0,0.05915142670028217
blunt,lowLevel.spectral_kurtosis.stdev,0.05476094275582
blunt,lowLevel.sccoeffs.stdev.1,0.046337861356647636
blunt,lowLevel.barkbands_spread.mean,0.03748563620393952
blunt,lowLevel.mfcc.mean.7,0.036720812194289465
blunt,lowLevel.mfcc.mean.6,0.036127780917468044
blunt,lowLevel.barkbands_kurtosis.mean,0.033659386390354484
blunt,lowLevel.pitch_salience.stdev,0.030981960875578807
blunt,lowLevel.mfcc.mean.11,0.03030828581933065
blunt,lowLevel.silence_rate_30dB.mean,0.0007081719813868403
blunt,lowLevel.silence_rate_20dB.mean,0.0
blunt,lowLevel.silence_rate_20dB.stdev,0.0
blunt,lowLevel.silence_rate_30dB.stdev,0.0
boring,lowLevel.barkbands.mean.18,9.826021954868338
boring,lowLevel.barkbands.mean.19,2.652441527636256
boring,lowLevel.mfcc.stdev.10,2.4207323172304314
boring,lowLevel.spectral_energyband_middle_high.stdev,2.3223540800390765
boring,lowLevel.barkbands.mean.3,2.2200897205475485
boring,lowLevel.hfc.mean,2.172001689526951
boring,lowLevel.barkbands.mean.20,2.0522576319635846
boring,lowLevel.sccoeffs.mean.5,1.8855883601354435
boring,lowLevel.sccoeffs.mean.4,1.8581040509889135
boring,lowLevel.barkbands.mean.17,1.849006124350126
boring,lowLevel.mfcc.stdev.8,1.2535445386456558
boring,lowLevel.spectral_energyband_high.mean,1.213867183381808
boring,lowLevel.mfcc.stdev.7,1.1942370252654655
boring,lowLevel.spectral_strongpeak.stdev,1.063118849589955
boring,lowLevel.barkbands.stdev.4,1.0127179981427616
boring,lowLevel.scvalleys.stdev.3,0.9778817315091146
boring,lowLevel.barkbands.stdev.3,0.9692120169784175
boring,lowLevel.barkbands.mean.4,0.961500573073863
boring,lowLevel.mfcc.stdev.9,0.7999465410030098
boring,lowLevel.spectral_spread.mean,0.772008957399521
boring,lowLevel.mfcc.stdev.11,0.7597704283834901
boring,lowLevel.spectral_complexity.mean,0.7319787991800695
boring,lowLevel.hfc.stdev,0.5672165203286568
boring,lowLevel.mfcc.stdev.12,0.5384592228656402
boring,lowLevel.sccoeffs.mean.3,0.53676461231953
boring,lowLevel.silence_rate_60dB.mean,0.5195684505088138
boring,lowLevel.spectral_kurtosis.mean,0.48666525426961016
boring,lowLevel.sccoeffs.mean.2,0.4798602662922349
boring,lowLevel.pitch_instantaneous_confidence.stdev,0.4569759324367624
boring,lowLevel.scvalleys.stdev.1,0.43932225632306654
boring,lowLevel.silence_rate_60dB.stdev,0.38375735946465284
boring,lowLevel.scvalleys.mean.5,0.38367355811351445
boring,lowLevel.mfcc.stdev.2,0.37658665426715743
boring,lowLevel.scvalleys.stdev.4,0.3709753022703808
boring,lowLevel.scvalleys.stdev.2,0.3579347707564011
boring,lowLevel.spectral_complexity.stdev,0.33525233177351765
boring,lowLevel.pitch.mean,0.3020917608810123
boring,lowLevel.scvalleys.mean.2,0.30070955475093797
boring,lowLevel.mfcc.stdev.0,0.27080426273460034
boring,lowLevel.spectral_energyband_middle_high.mean,0.2693755498621613
boring,lowLevel.sccoeffs.stdev.2,0.24429275865259115
boring,lowLevel.spectral_centroid.stdev,0.22229856604826637
boring,lowLevel.mfcc.mean.8,0.21938436535856454
boring,lowLevel.scvalleys.mean.4,0.19689827438560314
boring,lowLevel.spectral_rolloff.stdev,0.1851271331324824
boring,lowLevel.spectral_kurtosis.stdev,0.17689087774488144
boring,lowLevel.barkbands.mean.26,0.1742451366590103
boring,lowLevel.scvalleys.stdev.0,0.16357587871607393
boring,lowLevel.barkbands.stdev.5,0.15857860937830992
boring,lowLevel.barkbands.mean.5,0.1585615313379094
boring,lowLevel.mfcc.stdev.1,0.15508322526875418
boring,lowLevel.spectral_skewness.mean,0.15391726934467442
boring,lowLevel.barkbands.stdev.9,0.13553716195747256
boring,lowLevel.spectral_energy.stdev,0.13179531105561182
boring,lowLevel.pitch.stdev,0.12854202411836013
boring,lowLevel.barkbands.stdev.26,0.12727186718257144
boring,lowLevel.barkbands.mean.11,0.1190369206451578
boring,lowLevel.mfcc.stdev.5,0.1172881670499919
boring,lowLevel.barkbands.mean.15,0.11331934481859207
boring,sfx.tristimulus.stdev.1,0.11316413464373909
boring,lowLevel.spectral_rms.stdev,0.10787884634919465
boring,lowLevel.mfcc.mean.7,0.1057787760219071
boring,lowLevel.dissonance.mean,0.10501106954325223
boring,lowLevel.spectral_energyband_middle_low.mean,0.10317016801855061
boring,sfx.oddtoevenharmonicenergyratio.mean,0.10207145562890219
boring,lowLevel.mfcc.mean.6,0.1007927594037028
boring,lowLevel.barkbands.stdev.14,0.09863070560095366
boring,lowLevel.zerocrossingrate.mean,0.09700318120303564
boring,lowLevel.spectral_energy.mean,0.09340182322193868
boring,lowLevel.spectral_strongpeak.mean,0.09095122883445583
boring,lowLevel.barkbands.mean.24,0.08946645533433184
boring,lowLevel.spectral_decrease.mean,0.08623341283237096
boring,lowLevel.barkbands.mean.9,0.08374207228189334
boring,lowLevel.barkbands.mean.25,0.08022909470309969
boring,lowLevel.barkbands.mean.12,0.0793930558647844
boring,lowLevel.spectral_spread.stdev,0.07861315322224982
boring,lowLevel.spectral_flux.mean,0.07796858020446962
boring,lowLevel.barkbands.stdev.0,0.07754675841715652
boring,lowLevel.sccoeffs.stdev.4,0.07527957746788161
boring,sfx.inharmonicity.stdev,0.06958547868998721
boring,lowLevel.spectral_energyband_low.stdev,0.06788464938290417
boring,lowLevel.barkbands.mean.10,0.0641708486364223
boring,lowLevel.sccoeffs.mean.0,0.061725913066766225
boring,lowLevel.spectral_flux.stdev,0.05885649810079485
boring,lowLevel.mfcc.stdev.4,0.05702189363364596
boring,lowLevel.spectral_crest.stdev,0.05342046931036748
boring,lowLevel.mfcc.stdev.3,0.053220992122078314
boring,lowLevel.barkbands.stdev.11,0.052754905133042485
boring,sfx.tristimulus.mean.1,0.05081900631194003
boring,lowLevel.barkbands.mean.22,0.04957598906185012
boring,lowLevel.barkbands.stdev.10,0.049508339157910086
boring,lowLevel.mfcc.mean.1,0.048744686515419744
boring,lowLevel.barkbands.stdev.7,0.04827527637826279
boring,lowLevel.pitch_salience.mean,0.046641360328067094
boring,sfx.inharmonicity.mean,0.04568267599097453
boring,lowLevel.mfcc.stdev.6,0.0452274126582779
boring,lowLevel.sccoeffs.stdev.1,0.04494819641695358
boring,lowLevel.spectral_skewness.stdev,0.044160351375467144
boring,lowLevel.barkbands.mean.7,0.044133596355095506
boring,lowLevel.zerocrossingrate.stdev,0.04394432813569438
boring,lowLevel.barkbands.stdev.12,0.04315448715351522
boring,lowLevel.sccoeffs.stdev.5,0.042728597749373876
boring,lowLevel.mfcc.mean.12,0.04171603421855252
boring,lowLevel.barkbands.mean.21,0.04065855639055371
boring,lowLevel.sccoeffs.mean.1,0.04037945765594486
boring,lowLevel.barkbands.mean.0,0.040352309035370126
boring,lowLevel.barkbands.stdev.21,0.040276927888044156
boring,lowLevel.spectral_energyband_high.stdev,0.0397213792311959
boring,lowLevel.spectral_decrease.stdev,0.039712409721687436
boring,sfx.tristimulus.stdev.0,0.03912443861190695
boring,lowLevel.mfcc.mean.5,0.03824795677064685
boring,lowLevel.mfcc.mean.3,0.03749945215531625
boring,lowLevel.spectral_energyband_middle_low.stdev,0.03635236369154882
boring,lowLevel.spectral_flatness_db.stdev,0.036254740014555864
boring,lowLevel.barkbands.stdev.18,0.035433184551948216
boring,sfx.tristimulus.stdev.2,0.03496942523634061
boring,lowLevel.mfcc.mean.0,0.0347842686023796
boring,lowLevel.barkbands.mean.23,0.034155834262492135
boring,lowLevel.barkbands.mean.16,0.03401844500331208
boring,lowLevel.spectral_rms.mean,0.032579210033873096
boring,lowLevel.barkbands.mean.2,0.03254458899755264
boring,lowLevel.barkbands_kurtosis.stdev,0.03203992103226483
boring,lowLevel.spectral_energyband_low.mean,0.031896097178105265
boring,lowLevel.dissonance.stdev,0.031380197644466534
boring,lowLevel.barkbands.mean.6,0.029532335203839466
boring,lowLevel.barkbands.mean.8,0.029336290928767994
boring,sfx.oddtoevenharmonicenergyratio.stdev,0.028220307605806738
boring,lowLevel.barkbands.stdev.23,0.028137447392509785
boring,lowLevel.mfcc.mean.4,0.0270633769541746
boring,lowLevel.barkbands.mean.1,0.025774319015908986
boring,lowLevel.spectral_crest.mean,0.024347842059796676
boring,lowLevel.scvalleys.mean.0,0.024074239656329155
boring,lowLevel.scvalleys.mean.3,0.02396216822671704
boring,lowLevel.barkbands_spread.mean,0.022674455132801086
boring,lowLevel.mfcc.mean.2,0.022231667084270157
boring,lowLevel.spectral_flatness_db.mean,0.02196471326169558
boring,lowLevel.barkbands.mean.14,0.021770384075352922
boring,lowLevel.sccoeffs.stdev.3,0.021631829571560957
boring,lowLevel.mfcc.mean.9,0.021065985190944048
boring,lowLevel.barkbands.stdev.17,0.020570982189383358
boring,lowLevel.barkbands_skewness.stdev,0.01987190541694872
boring,lowLevel.barkbands_skewness.mean,0.019369357418327127
boring,lowLevel.pitch_instantaneous_confidence.mean,0.019315315112180542
boring,lowLevel.barkbands.stdev.13,0.01874162702006288
boring,lowLevel.barkbands.stdev.24,0.0184476552385604
boring,sfx.tristimulus.mean.0,0.01655619899975136
boring,lowLevel.barkbands.stdev.6,0.016339574358426034
boring,lowLevel.mfcc.mean.10,0.016192446302738972
boring,lowLevel.barkbands.stdev.25,0.0160707630275283
boring,lowLevel.sccoeffs.stdev.0,0.015388077852549031
boring,lowLevel.barkbands.mean.13,0.013816417951602489
boring,sfx.tristimulus.mean.2,0.01358318112033885
boring,lowLevel.barkbands.stdev.19,0.012629608027054928
boring,lowLevel.barkbands_spread.stdev,0.012610216799657792
boring,lowLevel.barkbands.stdev.16,0.011924787977477536
boring,lowLevel.barkbands_kurtosis.mean,0.01131790793442633
boring,lowLevel.scvalleys.stdev.5,0.011241103085922077
boring,lowLevel.barkbands.stdev.1,0.009397317160619423
boring,lowLevel.silence_rate_30dB.mean,0.008999719750136137
boring,lowLevel.barkbands.stdev.22,0.008812124826363288
boring,lowLevel.barkbands.stdev.20,0.008078427927102894
boring,lowLevel.barkbands.stdev.2,0.007787808834109455
boring,lowLevel.barkbands.stdev.8,0.007607817060488742
boring,lowLevel.scvalleys.mean.1,0.006791316904127598
boring,lowLevel.mfcc.mean.11,0.005986119867884554
boring,lowLevel.silence_rate_30dB.stdev,0.005588729865849018
boring,lowLevel.pitch_salience.stdev,0.005215123921516351
boring,lowLevel.spectral_rolloff.mean,0.004695851952419616
boring,lowLevel.spectral_centroid.mean,0.002545750030549243
boring,lowLevel.barkbands.stdev.15,0.0021918250276939943
boring,lowLevel.silence_rate_20dB.stdev,0.0001470199931645766
boring,lowLevel.silence_rate_20dB.mean,0.0
brave,lowLevel.spectral_complexity.mean,18.33505485916976
brave,lowLevel.barkbands.stdev.4,17.164402378024533
brave,lowLevel.barkbands.mean.5,15.47144424112048
brave,lowLevel.silence_rate_60dB.mean,12.513744730415056
brave,lowLevel.spectral_energyband_middle_low.mean,10.042706781212473
brave,lowLevel.mfcc.stdev.9,9.595779719034908
brave,lowLevel.mfcc.stdev.10,7.212742642121157
brave,lowLevel.mfcc.stdev.8,5.706793198973173
brave,lowLevel.spectral_rms.stdev,3.8629611259675585
brave,lowLevel.barkbands.mean.4,3.795445416762959
brave,lowLevel.spectral_energy.stdev,3.412253655551467
brave,lowLevel.mfcc.stdev.12,3.0499494292307645
brave,lowLevel.spectral_complexity.stdev,2.77624918485526
brave,lowLevel.scvalleys.stdev.3,2.553921583137708
brave,lowLevel.mfcc.stdev.11,2.3199670173344202
brave,lowLevel.hfc.mean,2.1064902130456176
brave,lowLevel.spectral_energy.mean,2.048068455711473
brave,lowLevel.scvalleys.mean.4,2.0174397014197893
brave,lowLevel.mfcc.stdev.7,1.8832391791220289
brave,lowLevel.pitch_instantaneous_confidence.stdev,1.700638936337782
brave,lowLevel.mfcc.mean.8,1.493700072664069
brave,lowLevel.spectral_skewness.mean,1.4461540771881118
brave,lowLevel.barkbands.stdev.3,1.3181601059768582
brave,lowLevel.spectral_energyband_high.stdev,1.3039756069192663
brave,lowLevel.sccoeffs.mean.5,1.2937673727574293
brave,lowLevel.spectral_kurtosis.mean,1.2664231213566381
brave,lowLevel.barkbands.stdev.26,1.2535583545395639
brave,lowLevel.spectral_energyband_middle_low.stdev,1.1889814397145528
brave,lowLevel.sccoeffs.mean.3,1.1382977106259204
brave,lowLevel.spectral_spread.mean,1.127870501630241
brave,lowLevel.scvalleys.stdev.2,1.0963300044240896
brave,lowLevel.scvalleys.mean.5,1.0426023080653977
brave,lowLevel.hfc.stdev,0.9666462073219009
brave,lowLevel.scvalleys.stdev.4,0.9235699381970335
brave,lowLevel.spectral_energyband_middle_high.mean,0.9202722434711177
brave,lowLevel.scvalleys.stdev.1,0.9022626203368418
brave,lowLevel.barkbands.mean.26,0.879912321921438
brave,lowLevel.sccoeffs.mean.4,0.830595844076015
brave,lowLevel.scvalleys.stdev.0,0.8297663761186413
brave,lowLevel.mfcc.stdev.0,0.8179400583612733
brave,sfx.tristimulus.stdev.1,0.8160985074937344
brave,lowLevel.barkbands.mean.15,0.7938604003575165
brave,lowLevel.zerocrossingrate.stdev,0.7834770489134826
brave,lowLevel.spectral_energyband_middle_high.stdev,0.7795900877099484
brave,lowLevel.silence_rate_60dB.stdev,0.7611753412638791
brave,lowLevel.barkbands.stdev.5,0.7286930265836418
brave,lowLevel.spectral_strongpeak.stdev,0.6974597292428371
brave,lowLevel.barkbands_spread.mean,0.6472286281059496
brave,lowLevel.mfcc.mean.0,0.646326576534193
brave,lowLevel.mfcc.stdev.5,0.64489671078627
brave,lowLevel.barkbands.stdev.20,0.6131471043045167
brave,lowLevel.barkbands_skewness.mean,0.596068205893971
brave,lowLevel.zerocrossingrate.mean,0.5868360196182039
brave,lowLevel.mfcc.mean.7,0.5799753073952161
brave,lowLevel.sccoeffs.mean.2,0.5627196991699748
brave,lowLevel.barkbands.mean.25,0.5558583909296431
brave,lowLevel.scvalleys.mean.3,0.5555087929242291
brave,lowLevel.spectral_kurtosis.stdev,0.5310028014064301
brave,lowLevel.barkbands.stdev.17,0.5147216154146008
brave,lowLevel.spectral_centroid.stdev,0.4664271743677091
brave,lowLevel.barkbands.mean.20,0.4629236375913024
brave,lowLevel.spectral_strongpeak.mean,0.4582633660174906
brave,lowLevel.barkbands.stdev.18,0.45790496258996427
brave,lowLevel.sccoeffs.stdev.2,0.44809753019944765
brave,lowLevel.barkbands.mean.17,0.44552034794469364
brave,sfx.oddtoevenharmonicenergyratio.stdev,0.4390390713524539
brave,lowLevel.sccoeffs.stdev.5,0.41748553921934217
brave,lowLevel.mfcc.stdev.2,0.39710816013393924
brave,lowLevel.scvalleys.mean.2,0.3760231738560833
brave,lowLevel.barkbands_spread.stdev,0.37127041423809715
brave,lowLevel.pitch_salience.mean,0.3689591035072226
brave,lowLevel.barkbands.mean.21,0.3615295022900682
brave,lowLevel.sccoeffs.stdev.4,0.3541894175868947
brave,lowLevel.spectral_skewness.stdev,0.3513457566732541
brave,lowLevel.barkbands.stdev.10,0.3378782680956647
brave,lowLevel.spectral_energyband_high.mean,0.3330298790533561
brave,lowLevel.barkbands.mean.18,0.3306144100788515
brave,lowLevel.mfcc.stdev.4,0.30836036658729427
brave,lowLevel.mfcc.mean.6,0.3035631205129903
brave,lowLevel.spectral_decrease.mean,0.3007027280982584
brave,lowLevel.barkbands.stdev.21,0.29784304910572246
brave,lowLevel.spectral_flatness_db.stdev,0.2794385517190676
brave,lowLevel.barkbands.mean.7,0.23945090937195346
brave,sfx.oddtoevenharmonicenergyratio.mean,0.23332696600118652
brave,lowLevel.mfcc.stdev.6,0.2315685638168361
brave,lowLevel.spectral_spread.stdev,0.23109280695643974
brave,sfx.tristimulus.stdev.2,0.22381326474715024
brave,lowLevel.spectral_rolloff.stdev,0.21802399802254513
brave,lowLevel.spectral_crest.stdev,0.21751209313515574
brave,lowLevel.pitch.mean,0.21685076973517425
brave,lowLevel.pitch_instantaneous_confidence.mean,0.20449469244340435
brave,lowLevel.sccoeffs.stdev.3,0.20409348682733253
brave,lowLevel.barkbands.mean.3,0.20157271140487865
brave,sfx.tristimulus.mean.1,0.2013414037937764
brave,lowLevel.barkbands_kurtosis.stdev,0.2011480270884931
brave,lowLevel.barkbands.stdev.15,0.20030366367427632
brave,lowLevel.barkbands.mean.23,0.19976699570543133
brave,lowLevel.barkbands.mean.12,0.1880296652088873
brave,lowLevel.mfcc.stdev.1,0.18794798888848163
brave,lowLevel.barkbands.stdev.12,0.18651358596980572
brave,lowLevel.barkbands.stdev.0,0.17977855479693972
brave,lowLevel.scvalleys.mean.1,0.17512171587441117
brave,lowLevel.barkbands.mean.22,0.17311966832494363
brave,lowLevel.scvalleys.mean.0,0.1719221358653158
brave,lowLevel.spectral_rms.mean,0.17165132131776772
brave,sfx.tristimulus.stdev.0,0.16405470808967948
brave,lowLevel.pitch.stdev,0.1608445132151246
brave,lowLevel.sccoeffs.mean.1,0.16073686987510882
brave,lowLevel.mfcc.mean.12,0.1605080202789395
brave,lowLevel.barkbands.mean.0,0.15259144629817456
brave,lowLevel.spectral_centroid.mean,0.15132014697883278
brave,lowLevel.sccoeffs.stdev.1,0.150880668341415
brave,lowLevel.mfcc.mean.2,0.14747243354213424
brave,lowLevel.barkbands.stdev.14,0.1439238666498568
brave,lowLevel.barkbands.mean.2,0.13424678449518979
brave,lowLevel.barkbands.mean.24,0.12919714947929606
brave,sfx.inharmonicity.mean,0.12885125934553798
brave,lowLevel.barkbands.mean.19,0.12761369784129784
brave,lowLevel.barkbands.stdev.6,0.12546710242168047
brave,lowLevel.barkbands.mean.1,0.12497134137083776
brave,lowLevel.spectral_energyband_low.mean,0.12184432877984364
brave,lowLevel.barkbands.mean.6,0.12118820528849028
brave,lowLevel.spectral_flux.mean,0.12118439763435163
brave,lowLevel.mfcc.stdev.3,0.11930216281325556
brave,lowLevel.spectral_flatness_db.mean,0.1129222635354381
brave,lowLevel.barkbands.stdev.1,0.11260785278864205
brave,lowLevel.barkbands.stdev.7,0.11156807938823476
brave,lowLevel.mfcc.mean.4,0.11017793865175918
brave,lowLevel.spectral_decrease.stdev,0.0994435733591672
brave,lowLevel.barkbands.stdev.24,0.09742370003368706
brave,sfx.inharmonicity.stdev,0.09496043311082758
brave,lowLevel.sccoeffs.mean.0,0.0917891661520116
brave,lowLevel.barkbands.mean.14,0.0888922109734267
brave,lowLevel.barkbands.stdev.9,0.08662288705818355
brave,lowLevel.spectral_flux.stdev,0.08455831400351599
brave,lowLevel.barkbands.stdev.25,0.08267324772896245
brave,lowLevel.barkbands_skewness.stdev,0.07742470080847852
brave,lowLevel.barkbands.stdev.16,0.07726466667372733
brave,lowLevel.mfcc.mean.1,0.0764948271389585
brave,lowLevel.spectral_energyband_low.stdev,0.07513029084657319
brave,lowLevel.scvalleys.stdev.5,0.06746287451824173
brave,lowLevel.barkbands.stdev.23,0.0671460919547826
brave,lowLevel.barkbands_kurtosis.mean,0.06657814397476614
brave,lowLevel.mfcc.mean.3,0.06445145173347555
brave,lowLevel.spectral_crest.mean,0.0631395346717909
brave,lowLevel.spectral_rolloff.mean,0.06308309626183473
brave,sfx.tristimulus.mean.2,0.0625196727050934
brave,lowLevel.mfcc.mean.5,0.06175592492218129
brave,lowLevel.barkbands.stdev.13,0.06028637260897085
brave,lowLevel.barkbands.mean.10,0.05952577444259077
brave,lowLevel.pitch_salience.stdev,0.05813691989169456
brave,lowLevel.mfcc.mean.10,0.058075075154192746
brave,lowLevel.barkbands.mean.11,0.055356786702759564
brave,lowLevel.mfcc.mean.9,0.05491554623586126
brave,lowLevel.barkbands.stdev.11,0.05323258647695184
brave,lowLevel.dissonance.stdev,0.05269094090908766
brave,lowLevel.mfcc.mean.11,0.05243452615104616
brave,lowLevel.dissonance.mean,0.04726577317342162
brave,sfx.tristimulus.mean.0,0.04431828239466995
brave,lowLevel.barkbands.mean.9,0.04147571389330551
brave,lowLevel.barkbands.mean.8,0.03993703075684607
brave,lowLevel.barkbands.stdev.22,0.03752560412976891
brave,lowLevel.barkbands.mean.13,0.03348359512165189
brave,lowLevel.barkbands.stdev.19,0.03084787612897344
brave,lowLevel.barkbands.stdev.8,0.029312943166587502
brave,lowLevel.silence_rate_30dB.mean,0.028354740352369845
brave,lowLevel.barkbands.stdev.2,0.026735640363767743
brave,lowLevel.barkbands.mean.16,0.020973825769033283
brave,lowLevel.sccoeffs.stdev.0,0.01948472883668728
brave,lowLevel.silence_rate_30dB.stdev,0.015845073299715295
brave,lowLevel.silence_rate_20dB.stdev,0.0
brave,lowLevel.silence_rate_20dB.mean,0.0
bright,lowLevel.barkbands.stdev.3,7.441985793513595
bright,lowLevel.barkbands.stdev.4,4.023165048725787
bright,lowLevel.silence_rate_60dB.mean,2.660691394848982
bright,lowLevel.spectral_complexity.mean,2.6546399407234276
bright,lowLevel.spectral_energyband_high.mean,2.63611703121569
bright,lowLevel.barkbands.stdev.18,2.2556171996402554
bright,lowLevel.mfcc.stdev.8,2.2426680092539755
bright,lowLevel.pitch_instantaneous_confidence.stdev,2.1562214337318437
bright,lowLevel.mfcc.stdev.10,2.0075205686007394
bright,lowLevel.sccoeffs.mean.5,1.9530432977262535
bright,lowLevel.mfcc.stdev.9,1.7684680110687623
bright,lowLevel.scvalleys.stdev.3,1.5195978353876853
bright,lowLevel.scvalleys.mean.4,1.3264343457703944
bright,lowLevel.spectral_complexity.stdev,1.3013905081388657
bright,lowLevel.spectral_energyband_middle_high.stdev,1.2217011272005038
bright,lowLevel.mfcc.stdev.7,1.2144174183194991
bright,lowLevel.spectral_spread.mean,1.04164323596342
bright,lowLevel.scvalleys.stdev.2,0.968068288952054
bright,lowLevel.hfc.mean,0.9145258447606466
bright,lowLevel.spectral_energyband_middle_high.mean,0.8975011229122174
bright,lowLevel.mfcc.stdev.11,0.8958001692953985
bright,lowLevel.barkbands.mean.4,0.8727708683290984
bright,lowLevel.scvalleys.mean.5,0.870968781200645
bright,lowLevel.spectral_kurtosis.stdev,0.8120437597608543
bright,lowLevel.barkbands.stdev.26,0.7852459317728062
bright,lowLevel.mfcc.stdev.1,0.7214926852902863
bright,lowLevel.pitch.mean,0.7195489088189788
bright,lowLevel.mfcc.stdev.12,0.7072810874924471
bright,lowLevel.spectral_skewness.stdev,0.6127458734554239
bright,lowLevel.mfcc.stdev.2,0.561775368230883
bright,lowLevel.spectral_kurtosis.mean,0.5568106000864645
bright,lowLevel.spectral_rms.mean,0.5255094114181702
bright,lowLevel.spectral_energy.mean,0.5229609389280085
bright,lowLevel.spectral_energyband_middle_low.stdev,0.5133979369493318
bright,lowLevel.scvalleys.stdev.1,0.5051610832815641
bright,lowLevel.scvalleys.stdev.0,0.48167170475790044
bright,lowLevel.spectral_strongpeak.stdev,0.4162667377095204
bright,lowLevel.mfcc.mean.8,0.39763948043764685
bright,lowLevel.spectral_rms.stdev,0.39291768818657147
bright,lowLevel.spectral_rolloff.stdev,0.3750625602551736
bright,lowLevel.zerocrossingrate.stdev,0.36569589802093105
bright,lowLevel.barkbands.mean.17,0.3478250924672466
bright,lowLevel.pitch.stdev,0.3469246860113344
bright,lowLevel.mfcc.stdev.0,0.3468215843204234
bright,lowLevel.spectral_skewness.mean,0.3385816323279869
bright,lowLevel.sccoeffs.stdev.1,0.32265311185619794
bright,lowLevel.scvalleys.mean.2,0.31855920478119515
bright,lowLevel.hfc.stdev,0.3120897281442012
bright,lowLevel.mfcc.mean.0,0.3051660838864336
bright,lowLevel.mfcc.stdev.5,0.2955981511695427
bright,lowLevel.sccoeffs.mean.3,0.29311459670134354
bright,lowLevel.barkbands.stdev.5,0.2921391307099839
bright,lowLevel.sccoeffs.stdev.2,0.2845979533813079
bright,lowLevel.barkbands.mean.26,0.25069790482666576
bright,lowLevel.scvalleys.mean.1,0.24852936672687065
bright,lowLevel.barkbands.mean.21,0.23989952532429015
bright,lowLevel.spectral_centroid.stdev,0.2292114222800592
bright,lowLevel.barkbands.mean.5,0.21838824456062866
bright,lowLevel.spectral_spread.stdev,0.2151416687629535
bright,lowLevel.sccoeffs.mean.4,0.21266175333585124
bright,lowLevel.barkbands.mean.18,0.20185931398373214
bright,lowLevel.spectral_energyband_middle_low.mean,0.20028568334237207
bright,lowLevel.barkbands.stdev.17,0.19839204163872637
bright,sfx.tristimulus.stdev.1,0.1955366789115942
bright,lowLevel.scvalleys.stdev.4,0.1941184981551487
bright,lowLevel.sccoeffs.mean.2,0.1815311950231262
bright,lowLevel.barkbands_spread.mean,0.1690402311141952
bright,lowLevel.sccoeffs.stdev.5,0.166073035892623
bright,lowLevel.barkbands.mean.20,0.16603588993893936
bright,lowLevel.dissonance.stdev,0.1635127184126759
bright,lowLevel.spectral_decrease.stdev,0.1620836113434052
bright,lowLevel.spectral_strongpeak.mean,0.1546594772298704
bright,lowLevel.barkbands.stdev.25,0.15452040106174536
bright,lowLevel.barkbands.mean.11,0.14792692613991676
bright,lowLevel.spectral_energyband_high.stdev,0.14750021964573534
bright,lowLevel.mfcc.mean.6,0.13679879188566701
bright,lowLevel.spectral_flux.mean,0.13568107280298136
bright,lowLevel.mfcc.stdev.3,0.13353814918082207
bright,lowLevel.barkbands.stdev.11,0.1289448395364161
bright,lowLevel.barkbands.mean.10,0.12884891210705973
bright,lowLevel.barkbands.mean.25,0.12837591187417274
bright,lowLevel.mfcc.mean.7,0.12396247928700177
bright,lowLevel.barkbands.mean.16,0.12366330889926758
bright,lowLevel.barkbands.mean.19,0.11813770352455322
bright,lowLevel.barkbands.mean.1,0.11629522024304606
bright,lowLevel.barkbands.stdev.12,0.11139611405087635
bright,lowLevel.barkbands.stdev.21,0.11102244477660861
bright,lowLevel.mfcc.stdev.6,0.1097260033202474
bright,lowLevel.barkbands.stdev.15,0.10941833970719017
bright,lowLevel.barkbands.stdev.7,0.10934886104951147
bright,lowLevel.barkbands.stdev.9,0.10916920378804207
bright,lowLevel.barkbands_skewness.mean,0.1022954789295909
bright,lowLevel.mfcc.stdev.4,0.10183067466277862
bright,lowLevel.scvalleys.stdev.5,0.10061751341709169
bright,sfx.oddtoevenharmonicenergyratio.mean,0.1006045984395314
bright,lowLevel.barkbands.mean.24,0.09751099041022826
bright,lowLevel.sccoeffs.stdev.4,0.09731541062137694
bright,lowLevel.dissonance.mean,0.09724996145814657
bright,sfx.tristimulus.stdev.2,0.09361184314911952
bright,lowLevel.barkbands.mean.6,0.09273547743214294
bright,lowLevel.silence_rate_60dB.stdev,0.09261593086557696
bright,lowLevel.spectral_flux.stdev,0.09061228094287799
bright,lowLevel.spectral_decrease.mean,0.09042048256378621
bright,lowLevel.barkbands.stdev.22,0.08898826238146285
bright,lowLevel.mfcc.mean.4,0.08690197914256714
bright,lowLevel.sccoeffs.stdev.3,0.07573901009163819
bright,sfx.tristimulus.mean.1,0.07532912315946305
bright,lowLevel.barkbands.stdev.10,0.07091236920678057
bright,lowLevel.spectral_energy.stdev,0.07023889022821095
bright,lowLevel.barkbands.mean.7,0.06677388434036402
bright,lowLevel.sccoeffs.mean.0,0.06633651966694742
bright,lowLevel.barkbands.mean.23,0.06632953568623634
bright,lowLevel.mfcc.mean.5,0.06527553703199374
bright,lowLevel.barkbands.stdev.20,0.06526790688803885
bright,lowLevel.mfcc.mean.12,0.0631099436286604
bright,sfx.tristimulus.stdev.0,0.06307768179976847
bright,lowLevel.barkbands_kurtosis.mean,0.061685118824243546
bright,lowLevel.barkbands.mean.0,0.06004776377812959
bright,sfx.inharmonicity.mean,0.059548392629949376
bright,lowLevel.scvalleys.mean.3,0.05912093466758961
bright,sfx.oddtoevenharmonicenergyratio.stdev,0.058833544426306617
bright,lowLevel.sccoeffs.mean.1,0.05513995583896758
bright,sfx.inharmonicity.stdev,0.051860799016139936
bright,lowLevel.mfcc.mean.11,0.05171865766169503
bright,lowLevel.spectral_flatness_db.stdev,0.050339659268502146
bright,lowLevel.barkbands.stdev.6,0.04911256516788853
bright,lowLevel.spectral_crest.stdev,0.04901092419459019
bright,lowLevel.barkbands.mean.22,0.04880018763651606
bright,lowLevel.zerocrossingrate.mean,0.04817227181047201
bright,lowLevel.barkbands.mean.12,0.04640470854064915
bright,lowLevel.barkbands.mean.9,0.04490640044969041
bright,sfx.tristimulus.mean.2,0.04465667963086162
bright,lowLevel.pitch_salience.mean,0.04314165182586294
bright,lowLevel.barkbands_kurtosis.stdev,0.042380653001600876
bright,lowLevel.mfcc.mean.3,0.04233449894672958
bright,lowLevel.barkbands.stdev.13,0.04157328008659533
bright,lowLevel.mfcc.mean.9,0.038956037496973295
bright,lowLevel.barkbands.stdev.19,0.0388258163802675
bright,lowLevel.barkbands.mean.8,0.037060756571008824
bright,lowLevel.barkbands.mean.14,0.036223895236616954
bright,lowLevel.scvalleys.mean.0,0.035690291224454995
bright,lowLevel.barkbands.stdev.0,0.03563766543084057
bright,lowLevel.spectral_flatness_db.mean,0.03509453555307118
bright,lowLevel.barkbands.mean.15,0.03497977317601908
bright,lowLevel.barkbands.mean.2,0.03354391817993019
bright,sfx.tristimulus.mean.0,0.03322140707314247
bright,lowLevel.barkbands.stdev.1,0.03231428253639024
bright,lowLevel.mfcc.mean.10,0.031213479742291383
bright,lowLevel.barkbands_spread.stdev,0.02940892231708858
bright,lowLevel.barkbands.mean.3,0.027098303893581033
bright,lowLevel.mfcc.mean.1,0.02560709384852089
bright,lowLevel.pitch_instantaneous_confidence.mean,0.025322788627818227
bright,lowLevel.barkbands.stdev.16,0.0232485169544816
bright,lowLevel.spectral_energyband_low.stdev,0.021432069639558904
bright,lowLevel.spectral_rolloff.mean,0.021145421611436177
bright,lowLevel.mfcc.mean.2,0.020830065062909853
bright,lowLevel.barkbands.mean.13,0.020650229198508896
bright,lowLevel.barkbands.stdev.23,0.020604190925951116
bright,lowLevel.sccoeffs.stdev.0,0.01792671816656366
bright,lowLevel.spectral_centroid.mean,0.017791118152672425
bright,lowLevel.spectral_energyband_low.mean,0.017728484206600115
bright,lowLevel.barkbands_skewness.stdev,0.017308891241555102
bright,lowLevel.barkbands.stdev.8,0.01575518691970501
bright,lowLevel.spectral_crest.mean,0.015438370988704264
bright,lowLevel.silence_rate_30dB.mean,0.01484370045363903
bright,lowLevel.barkbands.stdev.14,0.01168254810909275
bright,lowLevel.barkbands.stdev.2,0.011036984898964874
bright,lowLevel.silence_rate_30dB.stdev,0.010458187229232863
bright,lowLevel.pitch_salience.stdev,0.009513904980849475
bright,lowLevel.barkbands.stdev.24,0.009041866869665682
bright,lowLevel.silence_rate_20dB.mean,0.00027375901117920876
bright,lowLevel.silence_rate_20dB.stdev,0.000186115998076275
chaotic,lowLevel.hfc.mean,2701.6463367087927
chaotic,lowLevel.spectral_energyband_middle_high.mean,733.2507424580626
chaotic,lowLevel.spectral_complexity.stdev,313.3063845024881
chaotic,lowLevel.spectral_energy.mean,307.9950014752685
chaotic,lowLevel.silence_rate_60dB.mean,274.97361670128885
chaotic,lowLevel.spectral_complexity.mean,272.8307425374387
chaotic,lowLevel.hfc.stdev,73.43653562586405
chaotic,lowLevel.spectral_energy.stdev,49.05943003064931
chaotic,lowLevel.spectral_rms.mean,31.199214846243194
chaotic,lowLevel.barkbands.mean.10,22.68960127301034
chaotic,lowLevel.spectral_energyband_middle_low.mean,21.175602329139906
chaotic,lowLevel.barkbands.mean.11,16.439185743482085
chaotic,lowLevel.spectral_energyband_middle_high.stdev,16.33030491298996
chaotic,lowLevel.spectral_strongpeak.mean,15.800969140778761
chaotic,lowLevel.spectral_energyband_middle_low.stdev,14.681249194472002
chaotic,lowLevel.barkbands.mean.14,14.505521874059923
chaotic,lowLevel.barkbands.mean.17,14.260140429702005
chaotic,lowLevel.barkbands.stdev.12,12.293861084122
chaotic,lowLevel.barkbands.mean.25,10.51211334130494
chaotic,lowLevel.barkbands.mean.19,10.338260053724298
chaotic,lowLevel.barkbands.mean.12,9.237075407065277
chaotic,lowLevel.barkbands.mean.16,8.41369306586472
chaotic,lowLevel.barkbands.stdev.7,7.853333290650426
chaotic,lowLevel.spectral_rms.stdev,7.641519259976462
chaotic,lowLevel.mfcc.mean.0,7.502237175558548
chaotic,lowLevel.mfcc.stdev.9,7.376747374060955
chaotic,lowLevel.barkbands.stdev.26,7.312149554716598
chaotic,lowLevel.barkbands.stdev.11,6.50817429509334
chaotic,lowLevel.spectral_flux.mean,5.288094251984148
chaotic,lowLevel.spectral_strongpeak.stdev,5.2281529731321825
chaotic,lowLevel.barkbands.mean.22,4.75969905249076
chaotic,lowLevel.barkbands.mean.15,4.736300793592818
chaotic,lowLevel.barkbands.mean.6,4.44827210429068
chaotic,lowLevel.spectral_energyband_high.mean,4.3450780076636875
chaotic,lowLevel.barkbands.mean.5,4.169642765940807
chaotic,lowLevel.barkbands.mean.26,4.115842820146781
chaotic,lowLevel.barkbands.stdev.6,4.074432935507502
chaotic,lowLevel.barkbands.mean.24,3.9771275841339957
chaotic,lowLevel.mfcc.stdev.7,3.9281153735504404
chaotic,lowLevel.barkbands.mean.9,3.8138112169108354
chaotic,lowLevel.mfcc.stdev.8,3.734174485060066
chaotic,lowLevel.spectral_kurtosis.stdev,3.5346878609852865
chaotic,lowLevel.barkbands.stdev.9,3.262217149778735
chaotic,lowLevel.barkbands.mean.21,3.0194891429127892
chaotic,lowLevel.pitch_instantaneous_confidence.stdev,2.6983414243622974
chaotic,lowLevel.barkbands.stdev.8,2.679679114415194
chaotic,lowLevel.barkbands.mean.4,2.5999376015970483
chaotic,lowLevel.mfcc.stdev.10,2.4824049040726095
chaotic,lowLevel.barkbands.mean.23,2.427803117563599
chaotic,lowLevel.barkbands.mean.8,2.0560821473918622
chaotic,lowLevel.barkbands.mean.7,1.9534124148212868
chaotic,lowLevel.barkbands.mean.20,1.9258396734294365
chaotic,sfx.tristimulus.stdev.1,1.8923305012776837
chaotic,lowLevel.pitch.mean,1.7436335709644482
chaotic,lowLevel.mfcc.stdev.12,1.7219732306548394
chaotic,lowLevel.mfcc.mean.8,1.6897603220309065
chaotic,lowLevel.scvalleys.stdev.3,1.6895290862812544
chaotic,lowLevel.mfcc.stdev.11,1.6533805222279625
chaotic,lowLevel.spectral_decrease.mean,1.466070045476954
chaotic,lowLevel.barkbands.stdev.25,1.4609221516511752
chaotic,lowLevel.spectral_skewness.mean,1.429156722031621
chaotic,lowLevel.barkbands.mean.3,1.397472897755506
chaotic,lowLevel.spectral_rolloff.mean,1.2045107755766367
chaotic,lowLevel.barkbands.stdev.17,1.1195504295028513
chaotic,lowLevel.sccoeffs.mean.1,0.9947649607493076
chaotic,lowLevel.sccoeffs.mean.2,0.9861093442377751
chaotic,lowLevel.barkbands.stdev.5,0.9704931182959626
chaotic,lowLevel.barkbands.mean.18,0.9465702951088133
chaotic,sfx.tristimulus.stdev.0,0.9073468903479807
chaotic,lowLevel.spectral_flatness_db.stdev,0.8823777090442491
chaotic,lowLevel.spectral_kurtosis.mean,0.8618728552246466
chaotic,lowLevel.spectral_spread.mean,0.8427115019730991
chaotic,lowLevel.zerocrossingrate.mean,0.8324386096937815
chaotic,lowLevel.spectral_crest.stdev,0.8247889854637833
chaotic,lowLevel.barkbands.stdev.16,0.8048270168364979
chaotic,lowLevel.barkbands.stdev.13,0.8026344180289016
chaotic,lowLevel.sccoeffs.stdev.2,0.7510913654705291
chaotic,lowLevel.mfcc.stdev.0,0.7271685214036552
chaotic,sfx.tristimulus.stdev.2,0.7195803843314934
chaotic,lowLevel.spectral_decrease.stdev,0.6869037519172707
chaotic,lowLevel.barkbands_skewness.stdev,0.6405648620420834
chaotic,lowLevel.mfcc.stdev.2,0.6285408428448136
chaotic,lowLevel.spectral_skewness.stdev,0.5953685876957024
chaotic,sfx.oddtoevenharmonicenergyratio.mean,0.5339273718745972
chaotic,lowLevel.barkbands.stdev.10,0.4903225797934283
chaotic,lowLevel.spectral_centroid.mean,0.4637621151341591
chaotic,lowLevel.barkbands.mean.2,0.46117954658257077
chaotic,lowLevel.mfcc.stdev.4,0.46076780683324614
chaotic,lowLevel.mfcc.stdev.6,0.4569680158456322
chaotic,lowLevel.scvalleys.stdev.4,0.4545749504468404
chaotic,sfx.tristimulus.mean.2,0.3995788916363381
chaotic,lowLevel.scvalleys.stdev.2,0.39299676179507514
chaotic,sfx.oddtoevenharmonicenergyratio.stdev,0.3911134568088528
chaotic,lowLevel.mfcc.mean.6,0.36799204310284495
chaotic,lowLevel.barkbands_kurtosis.stdev,0.3358831197110703
chaotic,lowLevel.barkbands.mean.13,0.3198072399900411
chaotic,lowLevel.pitch.stdev,0.31953419986530207
chaotic,lowLevel.pitch_salience.stdev,0.31929359972127713
chaotic,lowLevel.mfcc.mean.12,0.31772270155488513
chaotic,lowLevel.sccoeffs.mean.3,0.3117505263883942
chaotic,lowLevel.spectral_crest.mean,0.2843495683555375
chaotic,lowLevel.mfcc.stdev.5,0.2759595768820873
chaotic,lowLevel.barkbands_skewness.mean,0.27278634361573495
chaotic,lowLevel.scvalleys.stdev.0,0.25417120421116124
chaotic,lowLevel.scvalleys.stdev.1,0.24970205046702176
chaotic,lowLevel.barkbands.stdev.0,0.24166246794629842
chaotic,lowLevel.barkbands.stdev.15,0.21487883635563776
chaotic,lowLevel.sccoeffs.stdev.3,0.21120463087572716
chaotic,lowLevel.spectral_flux.stdev,0.19982444075867534
chaotic,lowLevel.scvalleys.mean.1,0.19957474758848548
chaotic,lowLevel.barkbands.stdev.18,0.1896687948028557
chaotic,lowLevel.barkbands.stdev.4,0.18449603681801818
chaotic,lowLevel.mfcc.mean.2,0.18326891931064893
chaotic,lowLevel.barkbands.mean.0,0.1830159607044095
chaotic,lowLevel.mfcc.mean.11,0.18087481694055896
chaotic,lowLevel.barkbands.stdev.3,0.1794805027284383
chaotic,lowLevel.mfcc.mean.5,0.17024876415962353
chaotic,lowLevel.mfcc.mean.7,0.16607478530931985
chaotic,lowLevel.scvalleys.mean.5,0.1659225547027745
chaotic,lowLevel.mfcc.stdev.1,0.1638774990242382
chaotic,lowLevel.barkbands.stdev.20,0.15909500140696764
chaotic,lowLevel.mfcc.stdev.3,0.15737799846101552
chaotic,lowLevel.spectral_energyband_low.stdev,0.1533367357114912
chaotic,lowLevel.dissonance.stdev,0.15238006765866885
chaotic,lowLevel.mfcc.mean.10,0.14779562450712547
chaotic,lowLevel.spectral_energyband_high.stdev,0.12280327190819662
chaotic,lowLevel.barkbands.mean.1,0.1183917601883877
chaotic,lowLevel.scvalleys.stdev.5,0.11621003498112259
chaotic,lowLevel.mfcc.mean.3,0.1161816422099946
chaotic,lowLevel.scvalleys.mean.2,0.11240213247947395
chaotic,lowLevel.sccoeffs.mean.5,0.08759969926904887
chaotic,lowLevel.barkbands.stdev.1,0.0868057430832323
chaotic,lowLevel.pitch_instantaneous_confidence.mean,0.08476363912632223
chaotic,lowLevel.spectral_energyband_low.mean,0.08434399508405477
chaotic,lowLevel.barkbands.stdev.19,0.0808923447439156
chaotic,lowLevel.mfcc.mean.1,0.07186721931793727
chaotic,lowLevel.scvalleys.mean.0,0.07155110280109511
chaotic,lowLevel.sccoeffs.mean.0,0.06831120166134497
chaotic,lowLevel.barkbands.stdev.14,0.06772189729963429
chaotic,lowLevel.sccoeffs.stdev.1,0.06384681206509413
chaotic,lowLevel.barkbands.stdev.2,0.06275109156558756
chaotic,lowLevel.zerocrossingrate.stdev,0.056475685036275536
chaotic,lowLevel.dissonance.mean,0.04991395148681477
chaotic,lowLevel.pitch_salience.mean,0.049239399610087276
chaotic,lowLevel.barkbands.stdev.24,0.048230471431452315
chaotic,lowLevel.mfcc.mean.9,0.04714576161495643
chaotic,lowLevel.spectral_flatness_db.mean,0.04643356487940764
chaotic,lowLevel.spectral_spread.stdev,0.04556634952314198
chaotic,lowLevel.barkbands_kurtosis.mean,0.03937736991792917
chaotic,lowLevel.silence_rate_60dB.stdev,0.03808735468192026
chaotic,lowLevel.sccoeffs.mean.4,0.03728486312320456
chaotic,lowLevel.scvalleys.mean.3,0.03621268068673089
chaotic,sfx.inharmonicity.mean,0.032029497262556106
chaotic,lowLevel.barkbands_spread.mean,0.029584450065158308
chaotic,lowLevel.barkbands.stdev.23,0.029174549388699234
chaotic,lowLevel.silence_rate_30dB.mean,0.022288280073553324
chaotic,lowLevel.barkbands.stdev.22,0.020284459926187992
chaotic,lowLevel.spectral_centroid.stdev,0.017189299906021915
chaotic,lowLevel.barkbands_spread.stdev,0.01689131618331885
chaotic,lowLevel.sccoeffs.stdev.5,0.016064842748164665
chaotic,lowLevel.mfcc.mean.4,0.014348469696415123
chaotic,sfx.inharmonicity.stdev,0.011976847774349153
chaotic,sfx.tristimulus.mean.1,0.009188827069010586
chaotic,lowLevel.spectral_rolloff.stdev,0.007292950097962603
chaotic,lowLevel.scvalleys.mean.4,0.00410364025447052
chaotic,lowLevel.sccoeffs.stdev.0,0.003985238945460878
chaotic,lowLevel.barkbands.stdev.21,0.003978376000304706
chaotic,lowLevel.silence_rate_30dB.stdev,0.002760909963399172
chaotic,lowLevel.sccoeffs.stdev.4,0.0012124030035920441
chaotic,lowLevel.silence_rate_20dB.mean,0.0
chaotic,lowLevel.silence_rate_20dB.stdev,0.0
chaotic,sfx.tristimulus.mean.0,0.0
cheerful,lowLevel.spectral_energy.mean,23.082385439032805
cheerful,lowLevel.silence_rate_60dB.mean,12.950869422751566
cheerful,lowLevel.spectral_complexity.mean,7.440770682633229
cheerful,lowLevel.barkbands.mean.5,3.082545950979693
cheerful,lowLevel.mfcc.stdev.0,2.8275365150466314
cheerful,lowLevel.mfcc.stdev.11,2.5701724536993424
cheerful,lowLevel.mfcc.stdev.9,2.4452351293621177
cheerful,lowLevel.spectral_complexity.stdev,1.7791559734141629
cheerful,lowLevel.mfcc.stdev.8,1.3362473988709098
cheerful,lowLevel.scvalleys.stdev.4,1.26252161897537
cheerful,lowLevel.hfc.mean,1.2548483842238056
cheerful,lowLevel.spectral_energy.stdev,1.2106526502175257
cheerful,lowLevel.spectral_energyband_middle_low.mean,1.1311143083494244
cheerful,lowLevel.mfcc.stdev.10,1.1037599296359986
cheerful,lowLevel.spectral_energyband_high.stdev,0.8600968012178782
cheerful,lowLevel.sccoeffs.mean.3,0.8245223073863599
cheerful,lowLevel.barkbands.stdev.26,0.7493225588959831
cheerful,lowLevel.spectral_energyband_middle_low.stdev,0.7280853234788083
cheerful,lowLevel.spectral_kurtosis.mean,0.6995754132140064
cheerful,lowLevel.pitch_instantaneous_confidence.stdev,0.6207847030545963
cheerful,lowLevel.mfcc.stdev.7,0.5583356385850493
cheerful,lowLevel.mfcc.stdev.12,0.5451906037778826
cheerful,lowLevel.scvalleys.mean.5,0.5070677086760043
cheerful,lowLevel.barkbands.stdev.4,0.49800994426323086
cheerful,lowLevel.spectral_skewness.mean,0.4896394053612312
cheerful,lowLevel.barkbands.mean.20,0.4856684036913066
cheerful,lowLevel.sccoeffs.stdev.5,0.48313474484166363
cheerful,lowLevel.barkbands.mean.26,0.44223658023292955
cheerful,lowLevel.spectral_skewness.stdev,0.430321652072962
cheerful,lowLevel.barkbands.stdev.15,0.42851443277686485
cheerful,lowLevel.spectral_rms.stdev,0.41700792166011524
cheerful,lowLevel.spectral_spread.mean,0.41538551431222004
cheerful,lowLevel.mfcc.mean.8,0.4102469415483938
cheerful,lowLevel.barkbands.stdev.21,0.3974452070106054
cheerful,lowLevel.spectral_energyband_middle_high.stdev,0.37523093981144484
cheerful,lowLevel.spectral_energyband_middle_high.mean,0.36693438274232903
cheerful,lowLevel.barkbands.mean.3,0.3622300032147905
cheerful,lowLevel.scvalleys.stdev.2,0.3331863096609595
cheerful,lowLevel.sccoeffs.mean.5,0.33244698855105526
cheerful,lowLevel.sccoeffs.mean.2,0.3319405759084475
cheerful,lowLevel.barkbands.stdev.3,0.30938454656097747
cheerful,lowLevel.spectral_strongpeak.stdev,0.30592337430971384
cheerful,lowLevel.spectral_rms.mean,0.29113040453376016
cheerful,lowLevel.barkbands.mean.15,0.2892216637337697
cheerful,lowLevel.mfcc.stdev.2,0.2792009877739474
cheerful,lowLevel.scvalleys.stdev.1,0.2784634017825738
cheerful,lowLevel.spectral_kurtosis.stdev,0.27638343569560675
cheerful,lowLevel.zerocrossingrate.stdev,0.2679566480956055
cheerful,lowLevel.sccoeffs.mean.4,0.24429776532451797
cheerful,lowLevel.pitch.mean,0.23509451886729948
cheerful,lowLevel.barkbands.mean.4,0.2319002387503133
cheerful,lowLevel.sccoeffs.stdev.2,0.228302445866575
cheerful,lowLevel.mfcc.stdev.6,0.21397656122644548
cheerful,sfx.tristimulus.stdev.1,0.2042404753747178
cheerful,lowLevel.hfc.stdev,0.19922650822627475
cheerful,lowLevel.spectral_strongpeak.mean,0.19596167713825707
cheerful,lowLevel.scvalleys.stdev.0,0.16837290734292765
cheerful,lowLevel.barkbands.stdev.8,0.15626899187918752
cheerful,lowLevel.barkbands.mean.24,0.15518224730112706
cheerful,lowLevel.barkbands_skewness.stdev,0.1522695337080222
cheerful,lowLevel.mfcc.mean.7,0.151596577019518
cheerful,lowLevel.scvalleys.stdev.3,0.15048870953978621
cheerful,lowLevel.mfcc.mean.3,0.14846912610482832
cheerful,lowLevel.sccoeffs.mean.1,0.14719767535825667
cheerful,lowLevel.barkbands.mean.17,0.14548617025866406
cheerful,lowLevel.mfcc.stdev.5,0.144514808729582
cheerful,lowLevel.mfcc.mean.6,0.14146681663078198
cheerful,lowLevel.zerocrossingrate.mean,0.14109035912406398
cheerful,lowLevel.scvalleys.mean.0,0.1406761383113917
cheerful,lowLevel.scvalleys.mean.4,0.1308399548070156
cheerful,sfx.tristimulus.stdev.0,0.1291506183833917
cheerful,lowLevel.scvalleys.mean.2,0.12438759902215679
cheerful,lowLevel.spectral_crest.stdev,0.1226462112763329
cheerful,lowLevel.barkbands.stdev.20,0.12145958846122085
cheerful,lowLevel.barkbands.mean.18,0.11893364006755291
cheerful,lowLevel.barkbands.stdev.6,0.11593470200386946
cheerful,lowLevel.mfcc.mean.0,0.11449370925220137
cheerful,lowLevel.barkbands.stdev.12,0.11346749022050062
cheerful,lowLevel.barkbands.mean.25,0.11111035471367359
cheerful,lowLevel.mfcc.stdev.4,0.10999207875829597
cheerful,lowLevel.mfcc.stdev.3,0.10507832569601305
cheerful,lowLevel.barkbands.stdev.18,0.10174402797019866
cheerful,lowLevel.sccoeffs.stdev.3,0.09897402356909879
cheerful,lowLevel.barkbands.stdev.19,0.09776409646656248
cheerful,sfx.inharmonicity.mean,0.08919527471152833
cheerful,sfx.tristimulus.stdev.2,0.08905579178826883
cheerful,lowLevel.pitch_salience.mean,0.08800719810824376
cheerful,lowLevel.scvalleys.stdev.5,0.0879472224150959
cheerful,lowLevel.scvalleys.mean.3,0.08713765070024238
cheerful,lowLevel.barkbands.stdev.16,0.08586794073744386
cheerful,lowLevel.spectral_centroid.stdev,0.085708571043142
cheerful,lowLevel.spectral_rolloff.stdev,0.08496618495428265
cheerful,lowLevel.spectral_spread.stdev,0.08247990486415802
cheerful,sfx.oddtoevenharmonicenergyratio.stdev,0.08042412738541316
cheerful,lowLevel.mfcc.mean.11,0.07549265916713921
cheerful,sfx.oddtoevenharmonicenergyratio.mean,0.07455909929012705
cheerful,lowLevel.barkbands.stdev.5,0.07367334047921759
cheerful,lowLevel.spectral_flatness_db.stdev,0.07319473328425374
cheerful,lowLevel.pitch.stdev,0.072700653910033
cheerful,lowLevel.pitch_instantaneous_confidence.mean,0.0708537754489953
cheerful,lowLevel.spectral_decrease.mean,0.069899229620205
cheerful,lowLevel.barkbands.mean.19,0.06978899729710974
cheerful,lowLevel.mfcc.stdev.1,0.06972188978579652
cheerful,lowLevel.barkbands.mean.12,0.0673862364510569
cheerful,lowLevel.barkbands.stdev.11,0.06547830632189289
cheerful,lowLevel.barkbands.mean.22,0.06452154681210232
cheerful,lowLevel.sccoeffs.mean.0,0.06418966463388642
cheerful,lowLevel.dissonance.stdev,0.06337496123614983
cheerful,lowLevel.barkbands_spread.stdev,0.06318182826908014
cheerful,lowLevel.barkbands.mean.14,0.06288051130832173
cheerful,lowLevel.barkbands.mean.6,0.05671122041894705
cheerful,lowLevel.barkbands_kurtosis.mean,0.05615681264680461
cheerful,lowLevel.barkbands.stdev.9,0.05404744865700195
cheerful,lowLevel.mfcc.mean.10,0.05381950657374546
cheerful,lowLevel.sccoeffs.stdev.1,0.053682771726016654
cheerful,sfx.tristimulus.mean.0,0.0523942097897816
cheerful,lowLevel.barkbands.stdev.0,0.05229571748895978
cheerful,lowLevel.barkbands_skewness.mean,0.05211867346770305
cheerful,lowLevel.mfcc.mean.1,0.050747300992043165
cheerful,lowLevel.silence_rate_60dB.stdev,0.05064855490127229
cheerful,lowLevel.barkbands.stdev.7,0.04970333000528626
cheerful,lowLevel.mfcc.mean.12,0.049580639655687264
cheerful,lowLevel.barkbands.mean.8,0.04889976277627284
cheerful,lowLevel.spectral_energyband_low.mean,0.048818078386830166
cheerful,lowLevel.barkbands.stdev.23,0.048697190648454125
cheerful,lowLevel.mfcc.mean.4,0.04810357479436789
cheerful,lowLevel.barkbands.stdev.13,0.04795589711557113
cheerful,lowLevel.barkbands.mean.7,0.04776273403695086
cheerful,lowLevel.barkbands.mean.1,0.04610260201479832
cheerful,lowLevel.sccoeffs.stdev.4,0.045955363784742076
cheerful,lowLevel.barkbands.mean.9,0.04512895410152851
cheerful,lowLevel.barkbands_kurtosis.stdev,0.04365497398976004
cheerful,lowLevel.spectral_flatness_db.mean,0.04138705936202314
cheerful,lowLevel.barkbands.mean.0,0.04130876695307961
cheerful,lowLevel.scvalleys.mean.1,0.04019080054786173
cheerful,lowLevel.dissonance.mean,0.03999328399731894
cheerful,lowLevel.barkbands_spread.mean,0.03945864635352336
cheerful,lowLevel.spectral_energyband_low.stdev,0.036750088174812845
cheerful,lowLevel.mfcc.mean.9,0.03615646237994952
cheerful,sfx.tristimulus.mean.2,0.03511027361128072
cheerful,lowLevel.barkbands.mean.21,0.03439952460939821
cheerful,lowLevel.barkbands.stdev.17,0.03403564743348397
cheerful,lowLevel.barkbands.mean.10,0.03377587211980426
cheerful,lowLevel.spectral_energyband_high.mean,0.03374966400406265
cheerful,lowLevel.barkbands.stdev.14,0.030623934928371455
cheerful,lowLevel.barkbands.stdev.22,0.03031997475773096
cheerful,sfx.tristimulus.mean.1,0.030218324356610538
cheerful,lowLevel.spectral_flux.mean,0.029966502443130594
cheerful,lowLevel.pitch_salience.stdev,0.027444426902548003
cheerful,lowLevel.sccoeffs.stdev.0,0.026625646572938422
cheerful,lowLevel.spectral_decrease.stdev,0.026548113501121406
cheerful,sfx.inharmonicity.stdev,0.025207649583535385
cheerful,lowLevel.barkbands.stdev.1,0.021869414718821645
cheerful,lowLevel.barkbands.mean.13,0.02164533646828204
cheerful,lowLevel.barkbands.stdev.25,0.0199394571754965
cheerful,lowLevel.barkbands.mean.11,0.019772232619288843
cheerful,lowLevel.barkbands.stdev.10,0.01975826848683937
cheerful,lowLevel.mfcc.mean.5,0.019293537619887502
cheerful,lowLevel.mfcc.mean.2,0.01840650912890851
cheerful,lowLevel.spectral_rolloff.mean,0.016774304829596076
cheerful,lowLevel.barkbands.mean.16,0.01328938708138594
cheerful,lowLevel.barkbands.mean.2,0.013175954760299646
cheerful,lowLevel.barkbands.stdev.24,0.011759013370465254
cheerful,lowLevel.spectral_crest.mean,0.01156241561875504
cheerful,lowLevel.spectral_flux.stdev,0.011189629578439053
cheerful,lowLevel.barkbands.stdev.2,0.007294295037354459
cheerful,lowLevel.spectral_centroid.mean,0.006396367071829445
cheerful,lowLevel.barkbands.mean.23,0.003592167182432604
cheerful,lowLevel.silence_rate_30dB.stdev,0.001793223218555795
cheerful,lowLevel.silence_rate_20dB.stdev,0.0
cheerful,lowLevel.silence_rate_20dB.mean,0.0
cheerful,lowLevel.silence_rate_30dB.mean,0.0
clean,lowLevel.hfc.mean,650.6291171446792
clean,lowLevel.spectral_energy.mean,101.97152290336817
clean,lowLevel.spectral_complexity.stdev,40.703622802961036
clean,lowLevel.spectral_energyband_middle_low.stdev,28.24557670775539
clean,lowLevel.hfc.stdev,25.19310650783882
clean,lowLevel.spectral_complexity.mean,16.036910972143232
clean,lowLevel.silence_rate_60dB.mean,14.50132436352942
clean,lowLevel.spectral_energyband_middle_low.mean,6.128786000783293
clean,lowLevel.spectral_rms.stdev,4.758164490915078
clean,lowLevel.mfcc.stdev.10,3.8185678861264023
clean,lowLevel.pitch_instantaneous_confidence.stdev,3.6491938416493213
clean,lowLevel.barkbands.stdev.12,3.4575207669477095
clean,lowLevel.mfcc.stdev.9,3.121073503913067
clean,lowLevel.mfcc.stdev.8,2.906637260064599
clean,lowLevel.mfcc.stdev.2,2.634309044409747
clean,lowLevel.spectral_skewness.stdev,2.4387391720010783
clean,lowLevel.barkbands.stdev.26,2.3222094575176015
clean,lowLevel.spectral_energyband_middle_high.mean,2.196270132662903
clean,lowLevel.spectral_energyband_middle_high.stdev,1.9011355149687006
clean,lowLevel.barkbands.stdev.5,1.8282969427982607
clean,lowLevel.scvalleys.stdev.3,1.7028385194826114
clean,lowLevel.spectral_rms.mean,1.6960991676751291
clean,lowLevel.mfcc.stdev.11,1.6038912210351555
clean,lowLevel.sccoeffs.mean.2,1.5023956387522048
clean,lowLevel.spectral_spread.mean,1.3354011737756082
clean,lowLevel.mfcc.stdev.0,1.3164719147389405
clean,lowLevel.scvalleys.stdev.4,1.2621311632174184
clean,lowLevel.spectral_kurtosis.stdev,1.2519612710129877
clean,lowLevel.spectral_energyband_high.stdev,1.2211170362170378
clean,lowLevel.mfcc.mean.8,1.2178007851034636
clean,lowLevel.barkbands.mean.5,1.1842460591724375
clean,lowLevel.scvalleys.stdev.2,1.1732088176649995
clean,lowLevel.sccoeffs.stdev.2,1.1309100495491293
clean,lowLevel.pitch.stdev,1.1303557065002678
clean,lowLevel.barkbands.stdev.11,1.1074608124581573
clean,lowLevel.mfcc.stdev.7,1.0993660649146477
clean,sfx.tristimulus.stdev.0,1.0878228367073461
clean,lowLevel.mfcc.stdev.12,1.069068267235707
clean,lowLevel.barkbands.mean.25,1.0120431954273954
clean,lowLevel.scvalleys.stdev.1,0.9368070415257534
clean,lowLevel.spectral_kurtosis.mean,0.924993647266092
clean,lowLevel.barkbands.mean.12,0.913886128237209
clean,lowLevel.sccoeffs.stdev.3,0.9069405810350872
clean,lowLevel.spectral_skewness.mean,0.8870493319191155
clean,lowLevel.barkbands.stdev.6,0.8589062177270534
clean,lowLevel.barkbands.stdev.21,0.8366781256499962
clean,lowLevel.pitch.mean,0.7685886932886206
clean,lowLevel.barkbands.mean.17,0.7627537001826568
clean,lowLevel.barkbands.mean.26,0.7552405664609978
clean,lowLevel.barkbands.mean.6,0.7510869558827835
clean,lowLevel.sccoeffs.mean.3,0.7499428295504913
clean,lowLevel.barkbands.mean.13,0.7399157610961993
clean,sfx.tristimulus.stdev.1,0.6958927505602333
clean,lowLevel.barkbands.stdev.3,0.6888721387495025
clean,lowLevel.spectral_strongpeak.stdev,0.6883268122473964
clean,lowLevel.scvalleys.mean.5,0.6705161371792201
clean,lowLevel.barkbands_skewness.stdev,0.6446373786529875
clean,lowLevel.sccoeffs.mean.4,0.6140369783079223
clean,lowLevel.spectral_decrease.stdev,0.5765525185706792
clean,lowLevel.barkbands.stdev.9,0.5574926172967025
clean,lowLevel.scvalleys.stdev.5,0.5352502334644669
clean,lowLevel.spectral_energyband_high.mean,0.5314536424994003
clean,lowLevel.barkbands.stdev.13,0.4925657761050388
clean,lowLevel.sccoeffs.mean.0,0.48298864906973904
clean,lowLevel.barkbands.mean.7,0.4621313890456804
clean,lowLevel.spectral_energy.stdev,0.4469714256993029
clean,lowLevel.barkbands.stdev.8,0.4356584265551646
clean,lowLevel.barkbands_spread.stdev,0.42056943466013763
clean,lowLevel.mfcc.mean.3,0.4192445715798385
clean,lowLevel.zerocrossingrate.mean,0.4184889732314332
clean,lowLevel.barkbands.stdev.4,0.4129221969997161
clean,lowLevel.mfcc.stdev.6,0.39956735702071455
clean,lowLevel.barkbands.stdev.7,0.39661251738834835
clean,lowLevel.barkbands.stdev.25,0.3808334390159871
clean,lowLevel.sccoeffs.mean.5,0.3717927587676968
clean,sfx.tristimulus.stdev.2,0.3671719745543669
clean,lowLevel.barkbands.mean.3,0.365301512334554
clean,lowLevel.sccoeffs.stdev.1,0.36021951642032946
clean,lowLevel.sccoeffs.mean.1,0.35164673921462963
clean,lowLevel.spectral_flatness_db.stdev,0.3460505819602986
clean,lowLevel.mfcc.stdev.5,0.34245629062934313
clean,lowLevel.barkbands.mean.11,0.3421998615267512
clean,lowLevel.spectral_crest.stdev,0.34138924856233643
clean,lowLevel.mfcc.mean.0,0.3385071630618768
clean,lowLevel.barkbands.mean.4,0.3345160247954482
clean,lowLevel.barkbands.stdev.15,0.32863759481551824
clean,lowLevel.spectral_spread.stdev,0.3236511434224667
clean,lowLevel.scvalleys.stdev.0,0.3156032350671012
clean,lowLevel.barkbands.mean.15,0.3100245357672975
clean,lowLevel.spectral_centroid.stdev,0.29173550131963566
clean,lowLevel.spectral_strongpeak.mean,0.28780327050117194
clean,lowLevel.barkbands.stdev.20,0.28000828555377666
clean,lowLevel.mfcc.mean.7,0.27873876077865134
clean,lowLevel.scvalleys.mean.4,0.27431881194206653
clean,lowLevel.barkbands.mean.14,0.2738550576905254
clean,lowLevel.barkbands.stdev.10,0.27002701794481254
clean,lowLevel.mfcc.mean.10,0.2699582142577128
clean,sfx.tristimulus.mean.2,0.26948854314832715
clean,lowLevel.mfcc.mean.9,0.2682662319857627
clean,lowLevel.mfcc.mean.12,0.26408980992346187
clean,lowLevel.mfcc.mean.11,0.2637253759003215
clean,lowLevel.pitch_instantaneous_confidence.mean,0.26098843387080706
clean,lowLevel.mfcc.mean.6,0.2569618972192984
clean,lowLevel.spectral_flatness_db.mean,0.2495959648695134
clean,lowLevel.barkbands.mean.8,0.24874340695896535
clean,lowLevel.sccoeffs.stdev.5,0.24057127534615574
clean,lowLevel.spectral_energyband_low.mean,0.23440824872159283
clean,lowLevel.scvalleys.mean.0,0.23239621829998214
clean,lowLevel.barkbands_skewness.mean,0.2296687324742379
clean,lowLevel.mfcc.mean.5,0.2273829061014112
clean,lowLevel.pitch_salience.mean,0.21702563069629832
clean,lowLevel.pitch_salience.stdev,0.21050448973255698
clean,lowLevel.barkbands.mean.18,0.20057059268583544
clean,lowLevel.barkbands.mean.10,0.20039500794518972
clean,lowLevel.zerocrossingrate.stdev,0.1902570206730161
clean,lowLevel.barkbands.mean.23,0.18658194344607182
clean,lowLevel.barkbands_kurtosis.stdev,0.1855094107304467
clean,lowLevel.barkbands.mean.9,0.18490578007185832
clean,lowLevel.barkbands.mean.0,0.18021941841288935
clean,lowLevel.spectral_flux.mean,0.17557007041250472
clean,lowLevel.barkbands.stdev.14,0.17233626077177178
clean,lowLevel.barkbands.stdev.23,0.17189901091114734
clean,lowLevel.mfcc.stdev.4,0.17109497351339087
clean,sfx.inharmonicity.stdev,0.1706476695362653
clean,lowLevel.mfcc.mean.4,0.17054161858322914
clean,lowLevel.mfcc.stdev.3,0.1681071232396789
clean,sfx.tristimulus.mean.1,0.16513185088842874
clean,sfx.oddtoevenharmonicenergyratio.mean,0.16379953826981364
clean,lowLevel.barkbands.mean.1,0.160589047925896
clean,lowLevel.barkbands.stdev.24,0.1600005737382162
clean,lowLevel.mfcc.stdev.1,0.15938873549748678
clean,sfx.tristimulus.mean.0,0.15631217269947228
clean,lowLevel.spectral_rolloff.mean,0.1509501397049462
clean,lowLevel.barkbands.mean.24,0.14965925949218217
clean,lowLevel.barkbands.stdev.18,0.1486093090607028
clean,lowLevel.spectral_flux.stdev,0.14625301580599626
clean,lowLevel.barkbands_kurtosis.mean,0.14601113162643742
clean,lowLevel.silence_rate_60dB.stdev,0.1452950162383786
clean,sfx.oddtoevenharmonicenergyratio.stdev,0.1405076375376666
clean,lowLevel.barkbands.stdev.16,0.13638948442530818
clean,lowLevel.dissonance.stdev,0.13613774778787047
clean,lowLevel.sccoeffs.stdev.0,0.13392194082553033
clean,lowLevel.sccoeffs.stdev.4,0.13211226484418148
clean,lowLevel.barkbands.mean.16,0.12877916707657278
clean,lowLevel.mfcc.mean.2,0.12845475169524434
clean,lowLevel.scvalleys.mean.3,0.11998415007838048
clean,lowLevel.spectral_centroid.mean,0.11823311049374752
clean,sfx.inharmonicity.mean,0.11785738485195907
clean,lowLevel.barkbands.stdev.17,0.11368583885996486
clean,lowLevel.barkbands_spread.mean,0.10773006288218312
clean,lowLevel.barkbands.stdev.2,0.10446281094300502
clean,lowLevel.barkbands.mean.2,0.09342651983752148
clean,lowLevel.scvalleys.mean.2,0.08821861927208374
clean,lowLevel.barkbands.stdev.0,0.0876583652006957
clean,lowLevel.spectral_rolloff.stdev,0.08593828807897808
clean,lowLevel.barkbands.mean.19,0.08585138821217697
clean,lowLevel.spectral_decrease.mean,0.08159751135099214
clean,lowLevel.barkbands.stdev.1,0.07922977597627323
clean,lowLevel.barkbands.stdev.22,0.07726845404249616
clean,lowLevel.barkbands.stdev.19,0.07701633727992885
clean,lowLevel.scvalleys.mean.1,0.07222489032574231
clean,lowLevel.barkbands.mean.21,0.06905086345068412
clean,lowLevel.barkbands.mean.20,0.06122451144256047
clean,lowLevel.spectral_crest.mean,0.06005428242133348
clean,lowLevel.mfcc.mean.1,0.048954051915643504
clean,lowLevel.dissonance.mean,0.041257591561588924
clean,lowLevel.barkbands.mean.22,0.040617192003992386
clean,lowLevel.spectral_energyband_low.stdev,0.0162295732225175
clean,lowLevel.silence_rate_30dB.stdev,0.0019513374354573898
clean,lowLevel.silence_rate_20dB.stdev,0.0005711830162908882
clean,lowLevel.silence_rate_20dB.mean,0.0
clean,lowLevel.silence_rate_30dB.mean,0.0
clear,lowLevel.hfc.mean,211.5641245927734
clear,lowLevel.spectral_energy.mean,93.00694915945951
clear,lowLevel.spectral_energy.stdev,71.77573709944409
clear,lowLevel.silence_rate_60dB.mean,41.277674452235715
clear,lowLevel.spectral_complexity.mean,21.625474827485505
clear,lowLevel.hfc.stdev,19.87711209686563
clear,lowLevel.spectral_complexity.stdev,19.03566127083741
clear,lowLevel.barkbands.stdev.12,6.913835175512702
clear,lowLevel.spectral_energyband_middle_low.mean,6.437466339052662
clear,lowLevel.spectral_energyband_middle_low.stdev,6.0474521945614015
clear,lowLevel.barkbands.stdev.26,5.849625437913232
clear,lowLevel.spectral_energyband_middle_high.mean,5.546224469808976
clear,lowLevel.spectral_strongpeak.stdev,3.2450281185342646
clear,lowLevel.barkbands.stdev.5,3.1122627998706776
clear,lowLevel.mfcc.stdev.9,2.9559156787922802
clear,lowLevel.barkbands.mean.13,2.8866603480942103
clear,lowLevel.pitch_instantaneous_confidence.stdev,2.6470696552062236
clear,lowLevel.barkbands.mean.16,2.591755833480306
clear,lowLevel.barkbands.mean.5,2.4944456647582456
clear,lowLevel.barkbands.stdev.25,2.4785459197114506
clear,lowLevel.barkbands.mean.11,2.4734646236358913
clear,lowLevel.mfcc.stdev.8,2.31295571301348
clear,lowLevel.mfcc.stdev.10,2.1367046737668716
clear,lowLevel.barkbands.mean.25,1.902276535857709
clear,lowLevel.spectral_energyband_high.mean,1.7695745856231042
clear,lowLevel.spectral_rms.stdev,1.7533190150852533
clear,lowLevel.barkbands.mean.10,1.655421283726639
clear,lowLevel.mfcc.stdev.11,1.618829480774366
clear,lowLevel.spectral_rms.mean,1.5835811460237892
clear,lowLevel.spectral_strongpeak.mean,1.4721785150500182
clear,lowLevel.barkbands.mean.8,1.4630898091029394
clear,lowLevel.barkbands.mean.15,1.3396005956594763
clear,lowLevel.mfcc.mean.0,1.272162980094663
clear,lowLevel.mfcc.stdev.7,1.2688540162580466
clear,lowLevel.scvalleys.stdev.3,1.2182058290204623
clear,lowLevel.barkbands.mean.26,1.1204304281148154
clear,lowLevel.sccoeffs.mean.4,1.040533561482846
clear,lowLevel.spectral_energyband_middle_high.stdev,0.9903518687585802
clear,lowLevel.mfcc.stdev.0,0.9542113882801004
clear,lowLevel.mfcc.stdev.12,0.9351616286107856
clear,lowLevel.sccoeffs.mean.3,0.930160010114605
clear,lowLevel.sccoeffs.mean.2,0.895897440211229
clear,lowLevel.barkbands.stdev.11,0.8531065426305986
clear,lowLevel.spectral_spread.mean,0.8241109329862866
clear,lowLevel.spectral_decrease.mean,0.8203101305307428
clear,lowLevel.barkbands.mean.17,0.8097686229930332
clear,lowLevel.scvalleys.mean.5,0.8052203768702384
clear,lowLevel.spectral_energyband_high.stdev,0.7997060947907357
clear,lowLevel.barkbands.mean.18,0.7940490917108036
clear,lowLevel.scvalleys.stdev.2,0.7725223977511178
clear,lowLevel.spectral_crest.stdev,0.7250725536764548
clear,lowLevel.sccoeffs.stdev.2,0.7027443454792319
clear,sfx.tristimulus.stdev.0,0.6880160197348459
clear,lowLevel.barkbands.stdev.4,0.658471015548912
clear,lowLevel.barkbands.stdev.7,0.6228099763966384
clear,lowLevel.spectral_rolloff.mean,0.6032186364577683
clear,lowLevel.barkbands.mean.12,0.5901802077924572
clear,lowLevel.barkbands.stdev.9,0.5766223368573264
clear,lowLevel.mfcc.mean.8,0.5560772686060318
clear,lowLevel.barkbands_skewness.stdev,0.5545486535430655
clear,lowLevel.barkbands.stdev.8,0.544873306756017
clear,lowLevel.scvalleys.stdev.4,0.5344481605502551
clear,lowLevel.spectral_kurtosis.mean,0.5336443904672485
clear,lowLevel.pitch.mean,0.4981388629871617
clear,lowLevel.scvalleys.stdev.5,0.47514333016169985
clear,lowLevel.spectral_skewness.stdev,0.46016602024383246
clear,lowLevel.pitch_instantaneous_confidence.mean,0.43774821383021845
clear,lowLevel.barkbands_kurtosis.stdev,0.41977150726711443
clear,lowLevel.silence_rate_60dB.stdev,0.4189504242262956
clear,lowLevel.barkbands.stdev.13,0.41165928172222266
clear,lowLevel.barkbands.stdev.21,0.4105427114827762
clear,lowLevel.mfcc.stdev.2,0.4044731771300576
clear,lowLevel.barkbands.stdev.3,0.39721412464859895
clear,lowLevel.spectral_skewness.mean,0.3946586738932183
clear,lowLevel.barkbands.mean.7,0.38184396536871645
clear,sfx.tristimulus.stdev.1,0.3801243405386572
clear,lowLevel.scvalleys.mean.3,0.35227263010119714
clear,lowLevel.pitch.stdev,0.35007391186263703
clear,lowLevel.scvalleys.stdev.1,0.3500548507572603
clear,lowLevel.sccoeffs.stdev.3,0.3389600373475332
clear,lowLevel.spectral_flatness_db.stdev,0.3377606805747746
clear,lowLevel.scvalleys.stdev.0,0.32802138587294394
clear,lowLevel.mfcc.stdev.5,0.32215597918127514
clear,lowLevel.spectral_flux.stdev,0.3163278721817733
clear,sfx.oddtoevenharmonicenergyratio.stdev,0.312401128000829
clear,lowLevel.spectral_kurtosis.stdev,0.3110437346854269
clear,lowLevel.barkbands.stdev.15,0.30531855714752965
clear,lowLevel.mfcc.mean.3,0.30484836084497147
clear,sfx.tristimulus.mean.2,0.2929980633489322
clear,lowLevel.spectral_flux.mean,0.2854114545389166
clear,lowLevel.barkbands.mean.24,0.27937460584735163
clear,lowLevel.sccoeffs.mean.1,0.2744497162781272
clear,lowLevel.mfcc.mean.12,0.2729708303733105
clear,lowLevel.barkbands.mean.3,0.2703403925077055
clear,lowLevel.barkbands.mean.2,0.26282543141769565
clear,lowLevel.barkbands.mean.9,0.25772425891386774
clear,lowLevel.barkbands.stdev.10,0.2332612859514711
clear,lowLevel.barkbands.stdev.17,0.23304132591624693
clear,lowLevel.dissonance.stdev,0.22217792137007564
clear,lowLevel.barkbands.stdev.14,0.2217122973881942
clear,lowLevel.barkbands.mean.14,0.22120759013478164
clear,lowLevel.spectral_centroid.mean,0.22113738159578133
clear,lowLevel.mfcc.mean.9,0.21652926802880756
clear,lowLevel.scvalleys.mean.4,0.2161132901418341
clear,lowLevel.scvalleys.mean.2,0.214344347786664
clear,lowLevel.mfcc.mean.6,0.21247796828015453
clear,lowLevel.barkbands.mean.6,0.21112153296371616
clear,lowLevel.mfcc.stdev.3,0.20578205968990915
clear,lowLevel.barkbands.stdev.18,0.20284334962479988
clear,lowLevel.sccoeffs.mean.5,0.19634783043738935
clear,lowLevel.mfcc.stdev.6,0.19332736113153715
clear,lowLevel.spectral_spread.stdev,0.1930351576402245
clear,lowLevel.barkbands.stdev.6,0.19077750542192007
clear,lowLevel.scvalleys.mean.0,0.1840992373113295
clear,lowLevel.barkbands.mean.0,0.18344041354248475
clear,lowLevel.mfcc.mean.11,0.17156555134033624
clear,lowLevel.scvalleys.mean.1,0.17000246164707278
clear,lowLevel.barkbands.mean.4,0.16274353197559321
clear,lowLevel.barkbands.stdev.24,0.16035135156266733
clear,sfx.oddtoevenharmonicenergyratio.mean,0.15984064579288315
clear,lowLevel.mfcc.mean.10,0.1584874871359716
clear,lowLevel.sccoeffs.stdev.1,0.15591329703329393
clear,lowLevel.barkbands.mean.19,0.15485877046830865
clear,lowLevel.mfcc.stdev.4,0.1538538712807167
clear,lowLevel.barkbands.mean.20,0.14696027819491064
clear,lowLevel.pitch_salience.mean,0.14695141945685464
clear,lowLevel.pitch_salience.stdev,0.14521293390328083
clear,lowLevel.barkbands.mean.1,0.144466715809358
clear,lowLevel.barkbands.stdev.16,0.13823603963055575
clear,lowLevel.spectral_centroid.stdev,0.13677213433959423
clear,lowLevel.sccoeffs.mean.0,0.136626560620698
clear,sfx.inharmonicity.stdev,0.13646047249858384
clear,sfx.tristimulus.stdev.2,0.13372359411368961
clear,lowLevel.barkbands.stdev.20,0.12238460891740033
clear,sfx.tristimulus.mean.1,0.11407899739106142
clear,lowLevel.spectral_rolloff.stdev,0.11320947952708593
clear,lowLevel.sccoeffs.stdev.4,0.1027919716013912
clear,lowLevel.spectral_decrease.stdev,0.10082833078240583
clear,lowLevel.sccoeffs.stdev.0,0.09548104148893799
clear,lowLevel.barkbands.mean.23,0.09129575709357596
clear,lowLevel.barkbands_skewness.mean,0.08839807401182043
clear,lowLevel.mfcc.mean.2,0.087180426811301
clear,lowLevel.barkbands.mean.22,0.08585195959301473
clear,lowLevel.barkbands.stdev.19,0.08433490960533163
clear,lowLevel.barkbands.mean.21,0.08118895431698547
clear,sfx.inharmonicity.mean,0.0794374975472465
clear,lowLevel.mfcc.stdev.1,0.0781793513908724
clear,lowLevel.barkbands.stdev.0,0.07686707354218925
clear,lowLevel.mfcc.mean.4,0.07334087937806544
clear,lowLevel.barkbands.stdev.1,0.06897452935527326
clear,lowLevel.dissonance.mean,0.06684367922139245
clear,lowLevel.mfcc.mean.5,0.06409902468294604
clear,lowLevel.mfcc.mean.1,0.05903499098485554
clear,lowLevel.barkbands_kurtosis.mean,0.05385742668272542
clear,lowLevel.sccoeffs.stdev.5,0.052049436371852664
clear,lowLevel.barkbands.stdev.23,0.040595546320219
clear,lowLevel.barkbands.stdev.2,0.039319165144206636
clear,lowLevel.zerocrossingrate.stdev,0.0387896709735287
clear,lowLevel.mfcc.mean.7,0.03560521285885443
clear,lowLevel.barkbands.stdev.22,0.03439916097704554
clear,lowLevel.barkbands_spread.stdev,0.03355662710418983
clear,lowLevel.zerocrossingrate.mean,0.030872000358385776
clear,lowLevel.spectral_energyband_low.mean,0.029695156610614504
clear,lowLevel.spectral_flatness_db.mean,0.02536955528648832
clear,sfx.tristimulus.mean.0,0.025009590742229193
clear,lowLevel.spectral_crest.mean,0.024964134682250005
clear,lowLevel.barkbands_spread.mean,0.019908462138801042
clear,lowLevel.spectral_energyband_low.stdev,0.016358498842237168
clear,lowLevel.silence_rate_30dB.mean,0.003289679390945821
clear,lowLevel.silence_rate_30dB.stdev,0.000750412566048908
clear,lowLevel.silence_rate_20dB.stdev,0.00010523999662837014
clear,lowLevel.silence_rate_20dB.mean,0.0
close,lowLevel.hfc.mean,22.122139974859067
close,lowLevel.spectral_energyband_middle_high.mean,7.543000642694054
close,lowLevel.hfc.stdev,3.9890293775706596
close,lowLevel.spectral_energy.mean,2.2124223733962936
close,lowLevel.spectral_complexity.stdev,1.9075365549743992
close,lowLevel.spectral_strongpeak.mean,0.6838120539188708
close,lowLevel.spectral_energyband_middle_low.mean,0.5543831075192429
close,lowLevel.spectral_complexity.mean,0.5436760934596805
close,lowLevel.silence_rate_60dB.mean,0.4826506032374027
close,lowLevel.barkbands.mean.9,0.4581103801053046
close,lowLevel.barkbands.mean.11,0.31213959126667135
close,lowLevel.barkbands.stdev.8,0.27508969225527835
close,lowLevel.spectral_energyband_middle_high.stdev,0.23134811828776947
close,lowLevel.spectral_energyband_high.mean,0.17614190933090867
close,lowLevel.spectral_strongpeak.stdev,0.16391268294228212
close,lowLevel.barkbands.stdev.11,0.14980171155730204
close,lowLevel.barkbands.mean.10,0.14220224776545365
close,lowLevel.barkbands.stdev.7,0.13401828251244297
close,lowLevel.barkbands.mean.8,0.1329443636900578
close,lowLevel.mfcc.mean.0,0.12053905861553105
close,lowLevel.barkbands.stdev.6,0.11953495593153463
close,lowLevel.spectral_energy.stdev,0.09555233109858818
close,lowLevel.barkbands.mean.17,0.0954991422804028
close,lowLevel.barkbands.mean.18,0.08813082275446504
close,lowLevel.barkbands.stdev.5,0.08648976766016858
close,lowLevel.mfcc.stdev.9,0.07577548323524752
close,lowLevel.barkbands.mean.12,0.07251063597414031
close,lowLevel.spectral_rms.mean,0.06985470638892366
close,lowLevel.barkbands.mean.5,0.06869757531956111
close,lowLevel.barkbands.stdev.12,0.06284116725237254
close,lowLevel.sccoeffs.mean.1,0.05585575877375959
close,lowLevel.mfcc.stdev.11,0.053898487145488616
close,lowLevel.barkbands.mean.15,0.050943707580088926
close,lowLevel.barkbands.mean.6,0.04910226395804784
close,lowLevel.barkbands.mean.24,0.04743172860889899
close,lowLevel.mfcc.stdev.10,0.04575058318236147
close,lowLevel.barkbands.mean.14,0.04553596840037244
close,lowLevel.spectral_skewness.stdev,0.04303160352719715
close,lowLevel.spectral_energyband_middle_low.stdev,0.04143118077433883
close,lowLevel.spectral_kurtosis.stdev,0.03865816991310567
close,lowLevel.spectral_decrease.stdev,0.03846145786747002
close,lowLevel.scvalleys.mean.4,0.03421724421423278
close,lowLevel.mfcc.stdev.8,0.03364710219770384
close,lowLevel.barkbands.stdev.14,0.03142564008157933
close,lowLevel.scvalleys.mean.5,0.029645283507306885
close,lowLevel.mfcc.mean.8,0.02953822853123711
close,lowLevel.sccoeffs.mean.4,0.029439310173984268
close,lowLevel.barkbands.stdev.4,0.029325530918868026
close,lowLevel.mfcc.stdev.12,0.02896126266568899
close,lowLevel.barkbands.stdev.17,0.028778958242440922
close,lowLevel.barkbands.mean.16,0.02598854110715365
close,lowLevel.barkbands.mean.25,0.02565528422155694
close,lowLevel.barkbands.mean.13,0.023531170949468105
close,lowLevel.barkbands_skewness.stdev,0.023207155361888
close,lowLevel.barkbands.stdev.25,0.022752679411041754
close,lowLevel.spectral_energyband_high.stdev,0.021438822583149886
close,lowLevel.spectral_rms.stdev,0.021000248511995778
close,lowLevel.pitch_instantaneous_confidence.stdev,0.02069659255323586
close,lowLevel.barkbands.stdev.13,0.020423259432334362
close,lowLevel.spectral_flux.mean,0.020121648249187274
close,lowLevel.barkbands.mean.26,0.019425361804678687
close,lowLevel.barkbands.mean.7,0.018773912170111373
close,lowLevel.barkbands.stdev.3,0.017810740068398445
close,lowLevel.barkbands.stdev.15,0.017065719282982172
close,lowLevel.barkbands.mean.3,0.015838378518310492
close,lowLevel.barkbands.stdev.20,0.015617024673701962
close,lowLevel.spectral_decrease.mean,0.01557362623680092
close,lowLevel.barkbands.mean.19,0.013721267201617593
close,lowLevel.barkbands_kurtosis.stdev,0.013578926035279437
close,lowLevel.spectral_energyband_low.mean,0.013525892072721035
close,lowLevel.barkbands.stdev.16,0.01351709576920257
close,lowLevel.mfcc.stdev.7,0.013360741888391203
close,lowLevel.spectral_crest.stdev,0.013031407580911036
close,lowLevel.sccoeffs.mean.5,0.012841964485801327
close,lowLevel.barkbands.stdev.19,0.012812380246032262
close,sfx.tristimulus.stdev.0,0.011858209077217907
close,lowLevel.barkbands.mean.1,0.011619679258728866
close,lowLevel.barkbands.stdev.18,0.011376462174666813
close,lowLevel.dissonance.stdev,0.009176185420074034
close,lowLevel.barkbands.stdev.1,0.009022688631375786
close,lowLevel.mfcc.stdev.0,0.008960888365663777
close,lowLevel.spectral_skewness.mean,0.008939314185226976
close,lowLevel.barkbands.stdev.9,0.008755586230108747
close,lowLevel.barkbands.stdev.22,0.008535156845596248
close,lowLevel.spectral_flux.stdev,0.008465232142185641
close,lowLevel.barkbands_skewness.mean,0.007737237810033548
close,lowLevel.spectral_spread.mean,0.00669302130700089
close,lowLevel.barkbands.stdev.26,0.006539872958455817
close,lowLevel.sccoeffs.stdev.2,0.006516431070849649
close,lowLevel.mfcc.mean.7,0.006432307740396936
close,lowLevel.mfcc.stdev.6,0.006265558694025231
close,lowLevel.barkbands.stdev.10,0.006088099940185998
close,lowLevel.zerocrossingrate.stdev,0.006069747090805322
close,lowLevel.scvalleys.stdev.3,0.005929399284013925
close,lowLevel.scvalleys.stdev.4,0.005719943614167278
close,lowLevel.barkbands.mean.21,0.0055618287992729165
close,sfx.tristimulus.mean.2,0.0055578208078337354
close,lowLevel.barkbands.mean.22,0.005469768708280753
close,lowLevel.barkbands.stdev.24,0.00541046876423934
close,lowLevel.dissonance.mean,0.005375215951062273
close,lowLevel.pitch.mean,0.005358217557386524
close,lowLevel.spectral_flatness_db.stdev,0.005089675258204807
close,lowLevel.barkbands.stdev.21,0.004933336693284218
close,lowLevel.mfcc.stdev.4,0.004899019786535064
close,sfx.tristimulus.stdev.1,0.004715176969966706
close,lowLevel.barkbands.mean.20,0.004595818066718493
close,lowLevel.mfcc.mean.6,0.004235860666099711
close,lowLevel.barkbands.mean.4,0.004206229931241978
close,lowLevel.mfcc.stdev.2,0.003952592757659801
close,lowLevel.spectral_energyband_low.stdev,0.0039313280994974775
close,lowLevel.barkbands.stdev.0,0.0034911109760287218
close,lowLevel.spectral_rolloff.mean,0.0031222840771079063
close,lowLevel.zerocrossingrate.mean,0.002932250328740338
close,lowLevel.pitch.stdev,0.0028963002987438813
close,lowLevel.mfcc.mean.5,0.0028321289246378
close,lowLevel.scvalleys.stdev.0,0.002793497392246991
close,lowLevel.scvalleys.stdev.2,0.0025775160169300487
close,lowLevel.scvalleys.mean.1,0.0024892000947147608
close,lowLevel.mfcc.mean.12,0.002466803014897323
close,lowLevel.spectral_kurtosis.mean,0.002288162536387972
close,lowLevel.mfcc.mean.2,0.0020807467549275316
close,lowLevel.barkbands_spread.stdev,0.001636892935493961
close,lowLevel.barkbands.mean.23,0.0016198561643250287
close,sfx.tristimulus.stdev.2,0.001547473031678237
close,lowLevel.sccoeffs.stdev.1,0.0015436840049005696
close,lowLevel.barkbands.stdev.2,0.0015232348841891508
close,lowLevel.spectral_spread.stdev,0.0014556590031133965
close,lowLevel.mfcc.mean.1,0.0014556450346390193
close,lowLevel.pitch_salience.stdev,0.001433343015378341
close,lowLevel.spectral_centroid.mean,0.0013093868183204904
close,lowLevel.scvalleys.stdev.5,0.0012888202181784436
close,lowLevel.sccoeffs.mean.2,0.001281754792216816
close,lowLevel.sccoeffs.stdev.4,0.0012443669693311676
close,lowLevel.scvalleys.stdev.1,0.0011959015228057979
close,sfx.oddtoevenharmonicenergyratio.mean,0.0011955833060710575
close,lowLevel.barkbands.stdev.23,0.001184073589683976
close,lowLevel.sccoeffs.mean.3,0.0010068026822409593
close,lowLevel.sccoeffs.stdev.3,0.0009001266771520022
close,lowLevel.scvalleys.mean.0,0.0007948210113681853
close,lowLevel.mfcc.stdev.5,0.0007567329921585042
close,lowLevel.mfcc.mean.3,0.0007514890166930854
close,lowLevel.mfcc.mean.9,0.0007015643932390958
close,lowLevel.scvalleys.mean.2,0.0007008951979514677
close,lowLevel.scvalleys.mean.3,0.0006038157707735081
close,lowLevel.spectral_rolloff.stdev,0.0005761311599599139
close,sfx.inharmonicity.mean,0.0005201040039537475
close,lowLevel.pitch_salience.mean,0.00046400140126934275
close,lowLevel.sccoeffs.stdev.5,0.0004421463044650409
close,sfx.tristimulus.mean.0,0.00039310799911618233
close,lowLevel.barkbands.mean.2,0.00035316039429744706
close,sfx.oddtoevenharmonicenergyratio.stdev,0.0003334733343933749
close,lowLevel.barkbands.mean.0,0.00028426140306692105
close,sfx.inharmonicity.stdev,0.00024134409977705218
close,lowLevel.mfcc.stdev.1,0.00022372699459083378
close,lowLevel.silence_rate_60dB.stdev,0.00021524679868889507
close,lowLevel.spectral_flatness_db.mean,0.00016735900135245174
close,lowLevel.pitch_instantaneous_confidence.mean,0.00016048480028985068
close,lowLevel.barkbands_spread.mean,0.00014543300494551659
close,lowLevel.spectral_crest.mean,0.00010752570233307779
close,lowLevel.sccoeffs.mean.0,6.665749992862402e-05
close,lowLevel.mfcc.mean.4,6.140293862699764e-05
close,lowLevel.barkbands_kurtosis.mean,5.3497469480134896e-05
close,lowLevel.mfcc.mean.10,5.300750126480125e-05
close,lowLevel.mfcc.mean.11,2.096579919452779e-05
close,lowLevel.mfcc.stdev.3,0.0
close,lowLevel.sccoeffs.stdev.0,0.0
close,lowLevel.silence_rate_20dB.mean,0.0
close,sfx.tristimulus.mean.1,0.0
close,lowLevel.silence_rate_20dB.stdev,0.0
close,lowLevel.silence_rate_30dB.mean,0.0
close,lowLevel.spectral_centroid.stdev,0.0
close,lowLevel.silence_rate_30dB.stdev,0.0
closed,lowLevel.hfc.mean,77.40470625439775
closed,lowLevel.spectral_energy.mean,35.90343198651681
closed,lowLevel.silence_rate_60dB.mean,18.082185574894538
closed,lowLevel.spectral_energyband_middle_high.mean,16.695954255235847
closed,lowLevel.spectral_complexity.mean,15.672502984816674
closed,lowLevel.spectral_complexity.stdev,9.870720748673193
closed,lowLevel.spectral_energyband_middle_low.mean,8.260172635724302
closed,lowLevel.mfcc.stdev.10,7.4663595944148256
closed,lowLevel.barkbands.mean.18,7.254330304043833
closed,lowLevel.mfcc.stdev.9,6.805666329426458
closed,lowLevel.sccoeffs.mean.4,4.72383666652604
closed,lowLevel.mfcc.stdev.8,4.5329725790943485
closed,lowLevel.mfcc.stdev.7,4.325952975137625
closed,lowLevel.scvalleys.mean.5,4.20780557213584
closed,lowLevel.spectral_energyband_high.mean,4.117528259637766
closed,lowLevel.sccoeffs.mean.5,3.6750277752871625
closed,lowLevel.barkbands.mean.17,3.64256022463087
closed,lowLevel.silence_rate_60dB.stdev,3.194080362212844
closed,lowLevel.scvalleys.stdev.4,3.0814468319003936
closed,lowLevel.spectral_strongpeak.stdev,2.880631036561681
closed,lowLevel.barkbands.mean.4,2.7320862325723283
closed,lowLevel.spectral_flux.mean,2.67753801944491
closed,lowLevel.mfcc.stdev.12,2.6654581105103716
closed,lowLevel.mfcc.stdev.11,2.6017996527953073
closed,lowLevel.mfcc.mean.8,2.4654872897663154
closed,lowLevel.scvalleys.mean.4,2.314838177873753
closed,lowLevel.pitch_instantaneous_confidence.stdev,2.3147466540685855
closed,lowLevel.hfc.stdev,2.2597916223458014
closed,lowLevel.spectral_decrease.mean,2.1850943652098067
closed,lowLevel.barkbands.stdev.26,2.031365135102533
closed,lowLevel.spectral_energyband_middle_high.stdev,2.0049286307767034
closed,lowLevel.barkbands.mean.11,1.9496475337073207
closed,lowLevel.mfcc.stdev.6,1.6915105693915393
closed,lowLevel.spectral_rms.mean,1.6351451002410613
closed,lowLevel.barkbands.mean.26,1.4277896460844204
closed,lowLevel.spectral_skewness.mean,1.4217237483826466
closed,lowLevel.mfcc.mean.7,1.3117859133635648
closed,lowLevel.scvalleys.stdev.2,1.2819257830269635
closed,lowLevel.spectral_centroid.stdev,1.2519509003614075
closed,lowLevel.spectral_strongpeak.mean,1.2180297508020885
closed,lowLevel.barkbands.mean.5,1.1676995165180415
closed,lowLevel.spectral_spread.mean,1.1650541898270603
closed,lowLevel.barkbands.stdev.12,1.1581814644741826
closed,lowLevel.mfcc.stdev.0,1.1450874848524109
closed,lowLevel.barkbands.mean.25,1.1084829607862048
closed,lowLevel.spectral_energyband_middle_low.stdev,1.1057816471438855
closed,lowLevel.spectral_rolloff.stdev,1.05783884099219
closed,lowLevel.mfcc.stdev.2,1.0522506447305204
closed,lowLevel.barkbands.mean.24,1.0383206840779167
closed,lowLevel.pitch.mean,1.0278562808525749
closed,lowLevel.scvalleys.stdev.3,1.0247330890852027
closed,lowLevel.pitch_instantaneous_confidence.mean,0.9976689835311845
closed,lowLevel.scvalleys.stdev.1,0.9711511780624278
closed,lowLevel.barkbands.mean.16,0.9135507052997127
closed,lowLevel.sccoeffs.mean.0,0.8615949662635103
closed,lowLevel.pitch.stdev,0.8143640026682988
closed,lowLevel.barkbands.stdev.16,0.7996355057694018
closed,lowLevel.spectral_skewness.stdev,0.7900571425852831
closed,lowLevel.barkbands.mean.15,0.7798256711103022
closed,lowLevel.spectral_rms.stdev,0.7750233605038375
closed,lowLevel.spectral_kurtosis.stdev,0.7750162659503985
closed,lowLevel.scvalleys.mean.1,0.7662492449162528
closed,lowLevel.barkbands.stdev.11,0.7078957171179354
closed,sfx.tristimulus.stdev.1,0.702460189233534
closed,lowLevel.scvalleys.stdev.0,0.6885086293623317
closed,lowLevel.spectral_energy.stdev,0.6485943323932588
closed,lowLevel.mfcc.mean.0,0.6325230275979266
closed,lowLevel.spectral_rolloff.mean,0.6202392403502017
closed,lowLevel.mfcc.stdev.5,0.6129369716509245
closed,lowLevel.barkbands.mean.21,0.5842194779834244
closed,lowLevel.barkbands_spread.stdev,0.5769118003954645
closed,lowLevel.zerocrossingrate.stdev,0.5769094246206805
closed,lowLevel.barkbands.mean.19,0.5760274915373884
closed,lowLevel.barkbands.mean.20,0.575266182066116
closed,lowLevel.spectral_kurtosis.mean,0.574672355200164
closed,lowLevel.barkbands.stdev.5,0.5546094367164187
closed,lowLevel.spectral_flatness_db.stdev,0.5466605284018442
closed,lowLevel.pitch_salience.mean,0.5354695769492537
closed,lowLevel.spectral_crest.stdev,0.5332953513134271
closed,lowLevel.sccoeffs.stdev.4,0.53219845314743
closed,lowLevel.scvalleys.stdev.5,0.5289324264740571
closed,lowLevel.barkbands.mean.7,0.5287538714183029
closed,lowLevel.mfcc.mean.6,0.5178877969156019
closed,lowLevel.barkbands.stdev.3,0.5125419064424932
closed,lowLevel.barkbands.mean.22,0.48084851569728926
closed,lowLevel.barkbands.stdev.7,0.4806929735641461
closed,lowLevel.zerocrossingrate.mean,0.47591582499444485
closed,lowLevel.barkbands.stdev.6,0.4752189614519011
closed,lowLevel.sccoeffs.stdev.2,0.47454989672405645
closed,lowLevel.barkbands.stdev.15,0.45941271528135985
closed,lowLevel.sccoeffs.mean.2,0.4416828787070699
closed,sfx.tristimulus.mean.1,0.4375185039243661
closed,lowLevel.barkbands.stdev.4,0.4217824735387694
closed,lowLevel.sccoeffs.stdev.3,0.4215574915288016
closed,lowLevel.barkbands.mean.12,0.4182619421626441
closed,lowLevel.barkbands.stdev.0,0.40757073590066284
closed,lowLevel.barkbands_kurtosis.stdev,0.40318816975923255
closed,lowLevel.barkbands.mean.9,0.39620947471121326
closed,lowLevel.barkbands.mean.8,0.39213856152491644
closed,lowLevel.mfcc.stdev.4,0.3856118960538879
closed,lowLevel.spectral_spread.stdev,0.3760089408897329
closed,sfx.tristimulus.mean.2,0.36631466081598774
closed,lowLevel.barkbands.stdev.18,0.3527361420856323
closed,lowLevel.barkbands.stdev.10,0.3439030259032734
closed,lowLevel.mfcc.stdev.3,0.3338305038778344
closed,lowLevel.barkbands.mean.23,0.33018455540877767
closed,lowLevel.barkbands.mean.6,0.3180392626381945
closed,lowLevel.barkbands.stdev.25,0.31803446350386366
closed,lowLevel.scvalleys.mean.2,0.30488030973356217
closed,lowLevel.spectral_centroid.mean,0.2920950130355777
closed,lowLevel.sccoeffs.mean.3,0.2875710668449756
closed,lowLevel.barkbands.stdev.24,0.28139055185602047
closed,lowLevel.barkbands.stdev.9,0.2790191810927354
closed,lowLevel.barkbands.stdev.22,0.274709346704185
closed,sfx.tristimulus.stdev.2,0.27409594488563016
closed,lowLevel.spectral_decrease.stdev,0.2716200808645226
closed,lowLevel.barkbands.mean.13,0.2616152385890018
closed,lowLevel.dissonance.mean,0.2615869955625385
closed,lowLevel.barkbands.mean.3,0.2553460370399989
closed,lowLevel.scvalleys.mean.3,0.25216584804002196
closed,lowLevel.spectral_energyband_low.stdev,0.2516821827739477
closed,lowLevel.barkbands.stdev.8,0.2510779177537188
closed,lowLevel.mfcc.mean.12,0.2468099360121414
closed,lowLevel.scvalleys.mean.0,0.2440663420711644
closed,lowLevel.spectral_energyband_high.stdev,0.24317157742916606
closed,lowLevel.barkbands.mean.10,0.24270445574074984
closed,lowLevel.sccoeffs.stdev.5,0.24260669789509848
closed,lowLevel.barkbands_skewness.mean,0.2420150941470638
closed,lowLevel.mfcc.mean.5,0.23953661107225344
closed,lowLevel.barkbands.mean.14,0.23621599399484694
closed,lowLevel.mfcc.stdev.1,0.23447130905697122
closed,lowLevel.sccoeffs.stdev.1,0.2199995576957008
closed,lowLevel.barkbands.stdev.19,0.2113235481083393
closed,lowLevel.mfcc.mean.10,0.20828337871353142
closed,lowLevel.sccoeffs.stdev.0,0.20535453024785966
closed,sfx.inharmonicity.mean,0.20210327103268355
closed,lowLevel.barkbands_spread.mean,0.1988198269973509
closed,lowLevel.barkbands_skewness.stdev,0.1968788283120375
closed,lowLevel.mfcc.mean.3,0.19625724777870346
closed,lowLevel.barkbands.stdev.23,0.1932978283148259
closed,lowLevel.mfcc.mean.9,0.19049841625383124
closed,lowLevel.spectral_energyband_low.mean,0.18189967796206474
closed,lowLevel.mfcc.mean.11,0.17890960982185788
closed,sfx.tristimulus.mean.0,0.17450542011647485
closed,lowLevel.barkbands.stdev.14,0.1708473323378712
closed,lowLevel.sccoeffs.mean.1,0.16298815433401614
closed,sfx.tristimulus.stdev.0,0.15159688791027293
closed,lowLevel.barkbands.stdev.2,0.15079148969380185
closed,sfx.oddtoevenharmonicenergyratio.stdev,0.14175378874642774
closed,lowLevel.spectral_flatness_db.mean,0.1415255942265503
closed,lowLevel.spectral_flux.stdev,0.13978188153123483
closed,lowLevel.barkbands.stdev.17,0.13440820359392092
closed,lowLevel.mfcc.mean.4,0.13156960988999344
closed,lowLevel.barkbands.stdev.20,0.13104310413473286
closed,sfx.inharmonicity.stdev,0.12820887536508963
closed,lowLevel.mfcc.mean.2,0.11836801591562107
closed,sfx.oddtoevenharmonicenergyratio.mean,0.11629248270764947
closed,lowLevel.barkbands.stdev.21,0.11434127014945261
closed,lowLevel.pitch_salience.stdev,0.10919449143693782
closed,lowLevel.barkbands.mean.0,0.10592499960330315
closed,lowLevel.mfcc.mean.1,0.09887794600217603
closed,lowLevel.barkbands.mean.2,0.0881303155911155
closed,lowLevel.barkbands.stdev.13,0.08576214220374823
closed,lowLevel.barkbands.mean.1,0.08133241831092164
closed,lowLevel.spectral_crest.mean,0.05290568940108642
closed,lowLevel.dissonance.stdev,0.04928281594766304
closed,lowLevel.barkbands_kurtosis.mean,0.04794574061088497
closed,lowLevel.silence_rate_30dB.stdev,0.0398215921013616
closed,lowLevel.barkbands.stdev.1,0.038428896630648524
closed,lowLevel.silence_rate_30dB.mean,0.00098509801318869
closed,lowLevel.silence_rate_20dB.stdev,0.0
closed,lowLevel.silence_rate_20dB.mean,0.0
cold,lowLevel.spectral_energyband_middle_high.mean,149.52116415066087
cold,lowLevel.hfc.mean,63.08895379278341
cold,lowLevel.spectral_energyband_middle_low.mean,30.98083973563007
cold,lowLevel.mfcc.stdev.9,11.856332428951646
cold,lowLevel.spectral_energyband_high.mean,11.656300884966186
cold,lowLevel.sccoeffs.mean.3,10.133342016684765
cold,lowLevel.mfcc.stdev.12,9.99186468986818
cold,lowLevel.spectral_energyband_middle_high.stdev,9.957494084324026
cold,lowLevel.barkbands.stdev.4,9.59257703428807
cold,lowLevel.barkbands.mean.18,6.964982118446471
cold,lowLevel.spectral_complexity.mean,6.746456546861218
cold,lowLevel.spectral_complexity.stdev,6.293047965535607
cold,lowLevel.barkbands.mean.22,5.542385622475194
cold,lowLevel.mfcc.stdev.10,5.422103397780575
cold,lowLevel.mfcc.stdev.11,5.083280038686894
cold,lowLevel.mfcc.stdev.8,5.028181721130977
cold,lowLevel.spectral_strongpeak.stdev,4.835906653581411
cold,lowLevel.barkbands.mean.21,4.8338186553976925
cold,lowLevel.mfcc.mean.0,4.438305012658475
cold,lowLevel.sccoeffs.mean.5,4.358160616910936
cold,lowLevel.barkbands.mean.5,4.244793325925002
cold,lowLevel.barkbands.stdev.5,4.101788876098908
cold,lowLevel.barkbands.stdev.15,3.4696989664045326
cold,lowLevel.mfcc.stdev.0,3.4589778542681415
cold,lowLevel.barkbands.mean.20,3.4239125871349074
cold,lowLevel.sccoeffs.mean.4,2.9277395396297834
cold,lowLevel.spectral_strongpeak.mean,2.483386481163734
cold,lowLevel.barkbands.mean.15,2.432926917183977
cold,lowLevel.mfcc.stdev.7,2.404688039828443
cold,lowLevel.scvalleys.mean.5,1.9570982490411097
cold,lowLevel.spectral_energyband_middle_low.stdev,1.6573073743034001
cold,lowLevel.spectral_rms.stdev,1.6362756945978845
cold,lowLevel.hfc.stdev,1.6300715258058815
cold,lowLevel.barkbands.stdev.3,1.547227800279643
cold,lowLevel.silence_rate_60dB.mean,1.528888833227029
cold,lowLevel.mfcc.stdev.5,1.466639595824006
cold,lowLevel.barkbands.mean.23,1.3992677418264066
cold,lowLevel.scvalleys.mean.4,1.3992586083513743
cold,lowLevel.spectral_energy.mean,1.395320665995314
cold,lowLevel.sccoeffs.mean.2,1.3796909117476197
cold,lowLevel.spectral_rms.mean,1.1719891382403773
cold,lowLevel.mfcc.mean.8,1.1714998415191076
cold,lowLevel.barkbands.mean.19,1.0541290080143142
cold,lowLevel.barkbands.mean.24,1.0503167263982505
cold,sfx.tristimulus.stdev.1,1.0412747161363995
cold,lowLevel.spectral_spread.mean,1.0029695519663164
cold,lowLevel.barkbands.stdev.13,0.905993539774613
cold,lowLevel.barkbands.mean.17,0.8956050053666331
cold,lowLevel.spectral_flux.stdev,0.8783063184569428
cold,lowLevel.barkbands.mean.16,0.8777425533098722
cold,lowLevel.spectral_energyband_high.stdev,0.8642416655529814
cold,lowLevel.scvalleys.stdev.1,0.8513038527435128
cold,lowLevel.pitch_instantaneous_confidence.stdev,0.8451305966837026
cold,lowLevel.pitch_instantaneous_confidence.mean,0.8160414529602349
cold,lowLevel.spectral_kurtosis.mean,0.8150670259169601
cold,lowLevel.barkbands.stdev.9,0.8078356246326166
cold,lowLevel.barkbands.stdev.21,0.777682916886441
cold,lowLevel.barkbands.mean.9,0.7433332875443739
cold,sfx.oddtoevenharmonicenergyratio.stdev,0.7343122375885898
cold,lowLevel.scvalleys.stdev.4,0.7236128579497745
cold,lowLevel.barkbands.stdev.22,0.7047378158912476
cold,lowLevel.barkbands.stdev.17,0.6927979410099852
cold,lowLevel.barkbands.stdev.11,0.6712513893735377
cold,lowLevel.barkbands.mean.14,0.6675047277823154
cold,lowLevel.barkbands.mean.8,0.6670699638325459
cold,lowLevel.scvalleys.stdev.0,0.6360840747238399
cold,lowLevel.barkbands.stdev.14,0.6120986124396905
cold,sfx.oddtoevenharmonicenergyratio.mean,0.6105793305943052
cold,lowLevel.barkbands.stdev.25,0.5994981277513602
cold,lowLevel.barkbands.mean.26,0.5962836262970086
cold,lowLevel.silence_rate_60dB.stdev,0.5827283135261041
cold,lowLevel.mfcc.stdev.6,0.5825313483549053
cold,lowLevel.mfcc.stdev.4,0.4967581564333159
cold,lowLevel.barkbands.mean.7,0.47864546042524125
cold,lowLevel.spectral_energyband_low.mean,0.4647277608571301
cold,lowLevel.barkbands.stdev.24,0.4501645456384349
cold,lowLevel.spectral_flux.mean,0.4485690702554166
cold,lowLevel.barkbands.stdev.26,0.43596187059421254
cold,lowLevel.zerocrossingrate.stdev,0.41534564336586755
cold,lowLevel.barkbands.stdev.8,0.4049709093094407
cold,lowLevel.barkbands.stdev.6,0.3958670827851165
cold,lowLevel.barkbands_spread.stdev,0.3766448443725494
cold,lowLevel.spectral_skewness.mean,0.3652738124037569
cold,lowLevel.barkbands.stdev.18,0.363963698331645
cold,lowLevel.mfcc.mean.7,0.35575609430316035
cold,lowLevel.barkbands.mean.11,0.3537273848601359
cold,lowLevel.barkbands.stdev.10,0.34539834498900746
cold,lowLevel.sccoeffs.stdev.2,0.34183166388129393
cold,lowLevel.barkbands.mean.10,0.3400815192412665
cold,lowLevel.mfcc.mean.6,0.3312355921494854
cold,lowLevel.sccoeffs.stdev.4,0.32965375618186954
cold,lowLevel.scvalleys.stdev.3,0.3242774187547184
cold,lowLevel.spectral_decrease.mean,0.31692806374121574
cold,lowLevel.barkbands.stdev.12,0.3152906870996901
cold,lowLevel.barkbands_skewness.mean,0.3138331420107079
cold,lowLevel.mfcc.mean.10,0.30675505781891843
cold,lowLevel.spectral_energy.stdev,0.29227938351323246
cold,lowLevel.spectral_crest.stdev,0.2920342165146703
cold,lowLevel.spectral_skewness.stdev,0.28039004228691056
cold,lowLevel.barkbands.mean.3,0.2778796095073126
cold,lowLevel.barkbands.mean.13,0.26632293877190705
cold,lowLevel.barkbands.stdev.20,0.25926873002299544
cold,lowLevel.mfcc.stdev.3,0.25589906495770265
cold,lowLevel.sccoeffs.mean.1,0.252591336813623
cold,lowLevel.sccoeffs.stdev.3,0.2484944329078016
cold,lowLevel.pitch_salience.stdev,0.247997413172925
cold,lowLevel.barkbands.mean.25,0.24706901401918913
cold,sfx.tristimulus.mean.0,0.24551883274738984
cold,lowLevel.spectral_flatness_db.stdev,0.23980657768720448
cold,lowLevel.barkbands.mean.6,0.2363252100913087
cold,lowLevel.spectral_spread.stdev,0.2356905423534954
cold,lowLevel.spectral_kurtosis.stdev,0.23263503120506357
cold,lowLevel.spectral_rolloff.stdev,0.23247500288198353
cold,lowLevel.barkbands.mean.4,0.22990514665815454
cold,lowLevel.scvalleys.stdev.5,0.22461277489804843
cold,lowLevel.mfcc.mean.4,0.2212136925708137
cold,lowLevel.barkbands.mean.12,0.20436081096522685
cold,lowLevel.mfcc.mean.12,0.2023785875000783
cold,lowLevel.spectral_decrease.stdev,0.20176267037936668
cold,lowLevel.barkbands.stdev.23,0.20085694262706966
cold,lowLevel.pitch.mean,0.19893158138256695
cold,sfx.inharmonicity.stdev,0.19684226191930065
cold,lowLevel.barkbands.stdev.19,0.19199403500533663
cold,lowLevel.mfcc.stdev.2,0.1912845992274672
cold,lowLevel.spectral_crest.mean,0.18282764144532848
cold,lowLevel.barkbands.stdev.7,0.18022622074636274
cold,lowLevel.scvalleys.mean.1,0.17524531499884688
cold,lowLevel.spectral_energyband_low.stdev,0.17102822140259377
cold,lowLevel.scvalleys.mean.3,0.1697221526675321
cold,lowLevel.spectral_flatness_db.mean,0.16953566928548014
cold,sfx.tristimulus.stdev.2,0.16816094242847157
cold,lowLevel.spectral_centroid.stdev,0.15923255395614433
cold,lowLevel.pitch_salience.mean,0.15650434394655122
cold,lowLevel.scvalleys.stdev.2,0.1554285625902594
cold,lowLevel.spectral_rolloff.mean,0.14574266847830586
cold,sfx.tristimulus.mean.1,0.14331922820635157
cold,lowLevel.dissonance.stdev,0.14244084119991385
cold,lowLevel.scvalleys.mean.2,0.14013221971340073
cold,sfx.tristimulus.stdev.0,0.1398968063367647
cold,lowLevel.mfcc.mean.9,0.13524244861037005
cold,lowLevel.mfcc.mean.11,0.1351596439867535
cold,lowLevel.zerocrossingrate.mean,0.13478260057445368
cold,lowLevel.sccoeffs.stdev.1,0.1284981925007287
cold,lowLevel.spectral_centroid.mean,0.12450111014914
cold,lowLevel.barkbands.stdev.16,0.11652220250880418
cold,lowLevel.barkbands_kurtosis.mean,0.1145820986362196
cold,sfx.inharmonicity.mean,0.11083418183488902
cold,lowLevel.mfcc.mean.1,0.10867444418416028
cold,lowLevel.barkbands.mean.2,0.10166628072482808
cold,lowLevel.barkbands.stdev.0,0.10158182238228619
cold,sfx.tristimulus.mean.2,0.09602745611118735
cold,lowLevel.scvalleys.mean.0,0.08860014660058368
cold,lowLevel.mfcc.mean.5,0.08292391314444103
cold,lowLevel.mfcc.mean.2,0.08086560611028801
cold,lowLevel.sccoeffs.stdev.5,0.0770880799891529
cold,lowLevel.mfcc.mean.3,0.07110639331585844
cold,lowLevel.barkbands.stdev.2,0.07086190940299275
cold,lowLevel.pitch.stdev,0.06879337978926969
cold,lowLevel.mfcc.stdev.1,0.06836250651861064
cold,lowLevel.sccoeffs.stdev.0,0.06566436942213727
cold,lowLevel.barkbands_skewness.stdev,0.06092187475951505
cold,lowLevel.barkbands.mean.0,0.059667888523364354
cold,lowLevel.dissonance.mean,0.059377798104833346
cold,lowLevel.barkbands_spread.mean,0.05260048188210931
cold,lowLevel.sccoeffs.mean.0,0.04729700106929613
cold,lowLevel.barkbands_kurtosis.stdev,0.04607993981956504
cold,lowLevel.barkbands.mean.1,0.033627546257775975
cold,lowLevel.barkbands.stdev.1,0.0319283539593016
cold,lowLevel.silence_rate_30dB.stdev,0.012056499719619751
cold,lowLevel.silence_rate_20dB.mean,0.0
cold,lowLevel.silence_rate_20dB.stdev,0.0
cold,lowLevel.silence_rate_30dB.mean,0.0
comfortable,lowLevel.hfc.mean,1063.9390982085606
comfortable,lowLevel.spectral_energy.mean,244.63682180375326
comfortable,lowLevel.spectral_complexity.stdev,56.26954403507989
comfortable,lowLevel.hfc.stdev,40.5223527168273
comfortable,lowLevel.spectral_complexity.mean,24.39453917235369
comfortable,lowLevel.spectral_energyband_middle_high.stdev,19.27022919128649
comfortable,lowLevel.spectral_energyband_middle_high.mean,16.52503797353711
comfortable,lowLevel.spectral_energyband_middle_low.stdev,14.488437854597578
comfortable,lowLevel.silence_rate_60dB.mean,14.055213435378391
comfortable,lowLevel.spectral_energyband_middle_low.mean,10.879919109283946
comfortable,lowLevel.barkbands.stdev.12,8.725612697249744
comfortable,lowLevel.barkbands.stdev.6,7.990622732322663
comfortable,lowLevel.barkbands.stdev.7,7.631212033389602
comfortable,lowLevel.mfcc.stdev.9,5.694633380393498
comfortable,lowLevel.mfcc.stdev.10,5.492820966115687
comfortable,lowLevel.barkbands.stdev.26,4.969291438697837
comfortable,lowLevel.mfcc.stdev.8,4.894590207492001
comfortable,lowLevel.spectral_strongpeak.mean,4.287043313845061
comfortable,lowLevel.barkbands.mean.26,4.154915876919404
comfortable,lowLevel.pitch_instantaneous_confidence.stdev,4.077339015464531
comfortable,lowLevel.mfcc.stdev.2,3.313563939242158
comfortable,lowLevel.barkbands.stdev.11,3.1434754953952506
comfortable,lowLevel.barkbands.stdev.4,3.0943316008197144
comfortable,lowLevel.mfcc.stdev.12,2.950052973057609
comfortable,lowLevel.spectral_skewness.stdev,2.926770010672044
comfortable,lowLevel.scvalleys.stdev.3,2.8215966755524278
comfortable,lowLevel.barkbands.stdev.5,2.7129114945419133
comfortable,lowLevel.sccoeffs.stdev.2,2.643822728889063
comfortable,lowLevel.spectral_energyband_high.mean,2.4241174575290643
comfortable,lowLevel.barkbands.mean.7,2.1110844719805755
comfortable,lowLevel.mfcc.mean.8,1.996793941128999
comfortable,lowLevel.spectral_skewness.mean,1.898725382226985
comfortable,lowLevel.spectral_spread.mean,1.710347325715702
comfortable,lowLevel.mfcc.stdev.0,1.6787101198569871
comfortable,lowLevel.barkbands.mean.5,1.67837315693032
comfortable,lowLevel.spectral_kurtosis.stdev,1.6168740189750679
comfortable,lowLevel.pitch_salience.mean,1.5998732137086336
comfortable,lowLevel.mfcc.stdev.7,1.5557961084705312
comfortable,lowLevel.barkbands.stdev.8,1.5239281959366053
comfortable,lowLevel.sccoeffs.mean.2,1.4686460344819352
comfortable,lowLevel.spectral_rms.stdev,1.4616798725910485
comfortable,lowLevel.pitch.mean,1.4579919367679395
comfortable,lowLevel.mfcc.stdev.11,1.3895931310253218
comfortable,lowLevel.scvalleys.stdev.1,1.3779530270257965
comfortable,lowLevel.barkbands.stdev.10,1.3503601644770242
comfortable,sfx.tristimulus.stdev.1,1.3461771630099975
comfortable,lowLevel.barkbands.stdev.25,1.3240086518926546
comfortable,lowLevel.spectral_kurtosis.mean,1.3089481435599737
comfortable,lowLevel.barkbands.mean.15,1.3033052478567697
comfortable,lowLevel.barkbands.mean.25,1.2772500823484734
comfortable,lowLevel.mfcc.mean.0,1.277171214693226
comfortable,lowLevel.pitch.stdev,1.2368039786815643
comfortable,lowLevel.barkbands.mean.12,1.2349920489941724
comfortable,lowLevel.scvalleys.mean.5,1.2242226159432903
comfortable,lowLevel.barkbands.stdev.9,1.179058528970927
comfortable,lowLevel.scvalleys.stdev.2,1.078963884152472
comfortable,lowLevel.barkbands.mean.17,1.025733912945725
comfortable,lowLevel.sccoeffs.mean.4,0.9653915778326336
comfortable,sfx.tristimulus.stdev.0,0.8704081567702815
comfortable,lowLevel.spectral_energyband_high.stdev,0.7940984575543553
comfortable,lowLevel.sccoeffs.stdev.5,0.7789033334702253
comfortable,lowLevel.spectral_flux.stdev,0.7743229827610776
comfortable,lowLevel.spectral_rms.mean,0.7640543405432254
comfortable,lowLevel.sccoeffs.mean.3,0.7626342815347016
comfortable,lowLevel.sccoeffs.mean.5,0.7434803880751133
comfortable,lowLevel.barkbands.stdev.3,0.7411274458863772
comfortable,lowLevel.barkbands.mean.3,0.7128813933813944
comfortable,lowLevel.scvalleys.stdev.4,0.6662911915627774
comfortable,lowLevel.scvalleys.mean.4,0.6525156237185001
comfortable,lowLevel.barkbands_skewness.stdev,0.626789670845028
comfortable,lowLevel.barkbands.mean.6,0.6153305721236393
comfortable,lowLevel.spectral_flatness_db.stdev,0.5921562825678848
comfortable,lowLevel.barkbands.mean.13,0.5799480759887956
comfortable,lowLevel.mfcc.stdev.5,0.5453819542308338
comfortable,lowLevel.barkbands.mean.4,0.5352848334005103
comfortable,sfx.inharmonicity.stdev,0.5263092300156131
comfortable,lowLevel.scvalleys.mean.0,0.5235600419691764
comfortable,lowLevel.barkbands.stdev.13,0.5169160703662783
comfortable,lowLevel.sccoeffs.stdev.3,0.5014657350548077
comfortable,lowLevel.barkbands.stdev.16,0.4711498008109629
comfortable,lowLevel.mfcc.mean.1,0.4602726247976534
comfortable,lowLevel.mfcc.mean.12,0.4480793292168528
comfortable,lowLevel.sccoeffs.mean.1,0.4365148702636361
comfortable,lowLevel.silence_rate_60dB.stdev,0.4064719342859462
comfortable,sfx.tristimulus.stdev.2,0.4017059976467863
comfortable,lowLevel.barkbands.mean.14,0.40131742984522134
comfortable,lowLevel.barkbands.stdev.18,0.38793764216825366
comfortable,lowLevel.barkbands.mean.2,0.38746925740269944
comfortable,lowLevel.spectral_strongpeak.stdev,0.3852744500618428
comfortable,lowLevel.scvalleys.stdev.0,0.3831909644068219
comfortable,lowLevel.barkbands.mean.8,0.3800586652359925
comfortable,sfx.oddtoevenharmonicenergyratio.stdev,0.373916585551342
comfortable,lowLevel.spectral_decrease.mean,0.3560251194285229
comfortable,lowLevel.barkbands.stdev.14,0.3372909250902012
comfortable,lowLevel.barkbands.mean.16,0.3367189556010999
comfortable,sfx.oddtoevenharmonicenergyratio.mean,0.33218414190923795
comfortable,lowLevel.sccoeffs.stdev.1,0.32793553272495046
comfortable,lowLevel.barkbands.mean.11,0.32199491118080914
comfortable,lowLevel.barkbands.mean.10,0.31131955480668694
comfortable,lowLevel.barkbands.stdev.20,0.3054829590837471
comfortable,lowLevel.scvalleys.mean.3,0.3046633997000754
comfortable,lowLevel.sccoeffs.stdev.4,0.30118976900121197
comfortable,lowLevel.spectral_energy.stdev,0.3010630673961714
comfortable,lowLevel.barkbands.stdev.17,0.29905897728167474
comfortable,lowLevel.barkbands.stdev.21,0.28939989843638614
comfortable,lowLevel.barkbands_skewness.mean,0.28817316121421754
comfortable,lowLevel.dissonance.stdev,0.28672465530689806
comfortable,lowLevel.mfcc.mean.3,0.27904798020608723
comfortable,lowLevel.barkbands_kurtosis.stdev,0.2741650299867615
comfortable,lowLevel.mfcc.mean.10,0.27251294552115723
comfortable,lowLevel.scvalleys.stdev.5,0.2673754688585177
comfortable,lowLevel.barkbands.mean.23,0.2633135807700455
comfortable,lowLevel.scvalleys.mean.1,0.26135338519816287
comfortable,lowLevel.barkbands.mean.9,0.25592057342873886
comfortable,lowLevel.spectral_decrease.stdev,0.25424329412635416
comfortable,lowLevel.barkbands.mean.24,0.252440944314003
comfortable,lowLevel.spectral_centroid.stdev,0.24905723822303116
comfortable,lowLevel.barkbands.mean.1,0.24289644364034757
comfortable,lowLevel.barkbands.mean.21,0.2404005074640736
comfortable,lowLevel.barkbands.stdev.19,0.23946594522567466
comfortable,lowLevel.mfcc.mean.11,0.2276365023571998
comfortable,lowLevel.zerocrossingrate.mean,0.21326785336714238
comfortable,lowLevel.spectral_centroid.mean,0.20058304994017817
comfortable,lowLevel.dissonance.mean,0.19956972313229926
comfortable,lowLevel.spectral_crest.stdev,0.19372909486992285
comfortable,lowLevel.zerocrossingrate.stdev,0.1913809278048575
comfortable,lowLevel.spectral_spread.stdev,0.1895220304140821
comfortable,lowLevel.sccoeffs.mean.0,0.18187440978363156
comfortable,lowLevel.mfcc.stdev.1,0.16630630142753944
comfortable,lowLevel.mfcc.mean.6,0.16602033347589895
comfortable,lowLevel.mfcc.stdev.4,0.16497780795907602
comfortable,lowLevel.barkbands_kurtosis.mean,0.16493440454360098
comfortable,lowLevel.mfcc.mean.5,0.1635572641971521
comfortable,sfx.tristimulus.mean.2,0.1577983585302718
comfortable,lowLevel.barkbands.mean.0,0.1525734009919688
comfortable,lowLevel.pitch_instantaneous_confidence.mean,0.14955769205698743
comfortable,lowLevel.mfcc.mean.4,0.14627685042796656
comfortable,lowLevel.spectral_flux.mean,0.14203123332117684
comfortable,lowLevel.barkbands.stdev.15,0.13713361218106002
comfortable,lowLevel.barkbands.stdev.0,0.13646685238927603
comfortable,sfx.tristimulus.mean.0,0.13531075546052307
comfortable,lowLevel.scvalleys.mean.2,0.12782848218921572
comfortable,lowLevel.spectral_rolloff.stdev,0.11989618034567684
comfortable,lowLevel.barkbands.stdev.2,0.11970364989247173
comfortable,lowLevel.mfcc.mean.9,0.11868315760511905
comfortable,lowLevel.spectral_crest.mean,0.11861829948611557
comfortable,lowLevel.mfcc.stdev.6,0.11654567928053439
comfortable,sfx.inharmonicity.mean,0.10985579894622788
comfortable,lowLevel.barkbands.stdev.22,0.10725275374716148
comfortable,lowLevel.barkbands.mean.20,0.10616423306055367
comfortable,lowLevel.mfcc.mean.7,0.10554732658783905
comfortable,lowLevel.spectral_energyband_low.mean,0.10373589093796909
comfortable,lowLevel.spectral_flatness_db.mean,0.10149968101177365
comfortable,lowLevel.pitch_salience.stdev,0.10102437995374203
comfortable,sfx.tristimulus.mean.1,0.10029871785081923
comfortable,lowLevel.mfcc.stdev.3,0.0969169776653871
comfortable,lowLevel.barkbands.mean.18,0.09440977999474853
comfortable,lowLevel.spectral_rolloff.mean,0.09439873055089265
comfortable,lowLevel.barkbands_spread.stdev,0.08901768483337946
comfortable,lowLevel.barkbands.mean.22,0.08362305600894615
comfortable,lowLevel.barkbands.stdev.1,0.0733867697417736
comfortable,lowLevel.spectral_energyband_low.stdev,0.06895416241604835
comfortable,lowLevel.barkbands_spread.mean,0.05967103206785396
comfortable,lowLevel.barkbands.stdev.23,0.05888571008108556
comfortable,lowLevel.barkbands.stdev.24,0.05495159554993734
comfortable,lowLevel.barkbands.mean.19,0.046128430258249864
comfortable,lowLevel.sccoeffs.stdev.0,0.04550916934385896
comfortable,lowLevel.mfcc.mean.2,0.033862781594507396
comfortable,lowLevel.silence_rate_30dB.mean,0.019919989863410592
comfortable,lowLevel.silence_rate_30dB.stdev,0.00434599001891911
comfortable,lowLevel.silence_rate_20dB.stdev,0.002050423005130142
comfortable,lowLevel.silence_rate_20dB.mean,0.0
compressed,lowLevel.spectral_energy.stdev,83.21157864539418
compressed,lowLevel.spectral_energy.mean,82.95687928859843
compressed,lowLevel.hfc.mean,25.147631807631114
compressed,lowLevel.spectral_complexity.mean,24.141393743280787
compressed,lowLevel.spectral_complexity.stdev,14.807499763148371
compressed,lowLevel.silence_rate_60dB.mean,13.834324573370395
compressed,lowLevel.spectral_rms.stdev,8.169926338770892
compressed,lowLevel.spectral_energyband_middle_high.mean,6.15287779486971
compressed,lowLevel.spectral_energyband_middle_high.stdev,6.001951260841452
compressed,lowLevel.mfcc.stdev.8,5.8842101586051285
compressed,lowLevel.spectral_strongpeak.stdev,5.714116051211022
compressed,lowLevel.barkbands.stdev.26,5.65776786749484
compressed,lowLevel.spectral_energyband_middle_low.mean,5.15415562922135
compressed,lowLevel.barkbands.mean.5,5.095940919243731
compressed,lowLevel.barkbands.mean.18,5.086254843015922
compressed,lowLevel.spectral_energyband_high.mean,5.071974416729063
compressed,lowLevel.barkbands.stdev.4,4.627323881170014
compressed,lowLevel.scvalleys.stdev.3,4.508549506368581
compressed,lowLevel.pitch_instantaneous_confidence.stdev,4.437439645174891
compressed,lowLevel.mfcc.stdev.10,4.121473139617592
compressed,lowLevel.hfc.stdev,3.89221163559705
compressed,lowLevel.mfcc.stdev.9,3.8637044802308083
compressed,lowLevel.barkbands.mean.26,3.776669548940845
compressed,lowLevel.scvalleys.stdev.4,3.653073860274162
compressed,lowLevel.barkbands.stdev.20,3.4928896323544905
compressed,lowLevel.mfcc.stdev.0,3.1632399036898278
compressed,lowLevel.mfcc.stdev.11,2.716426389757544
compressed,lowLevel.spectral_spread.mean,2.6747227552114055
compressed,lowLevel.barkbands.mean.17,2.166719116154127
compressed,lowLevel.barkbands.mean.25,2.135201139259152
compressed,lowLevel.spectral_crest.stdev,2.046298235654831
compressed,lowLevel.scvalleys.mean.4,1.8609844103339128
compressed,lowLevel.barkbands.mean.19,1.8522012960747816
compressed,lowLevel.pitch.mean,1.8112136228592135
compressed,lowLevel.mfcc.stdev.7,1.8111977351363748
compressed,lowLevel.sccoeffs.mean.4,1.7858338566147722
compressed,lowLevel.spectral_kurtosis.mean,1.7841349402442575
compressed,lowLevel.sccoeffs.mean.3,1.7716331687406637
compressed,lowLevel.scvalleys.mean.5,1.6951289299468044
compressed,lowLevel.barkbands.mean.24,1.6853265722747892
compressed,lowLevel.sccoeffs.mean.5,1.6718528902856633
compressed,lowLevel.scvalleys.stdev.2,1.6571927315089852
compressed,lowLevel.scvalleys.stdev.1,1.6491197270224802
compressed,lowLevel.barkbands.stdev.12,1.6305659782374278
compressed,lowLevel.spectral_energyband_high.stdev,1.5427946725976653
compressed,lowLevel.barkbands.stdev.18,1.5416289525455795
compressed,lowLevel.barkbands.mean.15,1.4042012027348392
compressed,lowLevel.barkbands.stdev.25,1.2169759219978005
compressed,lowLevel.spectral_strongpeak.mean,1.1912822404992767
compressed,lowLevel.barkbands.mean.10,1.1851483311038464
compressed,lowLevel.spectral_skewness.stdev,1.144228002318414
compressed,lowLevel.mfcc.stdev.12,1.0973060635733418
compressed,lowLevel.sccoeffs.mean.2,1.0795175320236012
compressed,lowLevel.mfcc.mean.8,1.03322673481307
compressed,lowLevel.barkbands.mean.20,1.0260699153295718
compressed,lowLevel.spectral_kurtosis.stdev,0.9768601548857987
compressed,lowLevel.barkbands.stdev.11,0.8592929455917329
compressed,lowLevel.mfcc.stdev.2,0.858874567609746
compressed,lowLevel.spectral_rms.mean,0.8588034177082591
compressed,lowLevel.barkbands.mean.4,0.8416654120082967
compressed,lowLevel.spectral_skewness.mean,0.8167738902848214
compressed,lowLevel.mfcc.stdev.5,0.7958758259192109
compressed,lowLevel.mfcc.mean.0,0.7941453399835154
compressed,lowLevel.pitch.stdev,0.775456307688728
compressed,lowLevel.sccoeffs.stdev.2,0.7544153253547847
compressed,lowLevel.spectral_energyband_middle_low.stdev,0.7065851223887876
compressed,lowLevel.mfcc.stdev.6,0.6932958553079516
compressed,lowLevel.scvalleys.stdev.5,0.6884456453844905
compressed,sfx.tristimulus.stdev.1,0.6809263030299917
compressed,lowLevel.barkbands.stdev.6,0.6750970214488916
compressed,lowLevel.pitch_salience.stdev,0.6467545276973397
compressed,lowLevel.barkbands.stdev.3,0.6248714486137033
compressed,lowLevel.mfcc.mean.3,0.6135798323666677
compressed,lowLevel.barkbands.mean.11,0.5987029011594132
compressed,lowLevel.spectral_flux.mean,0.5769435480469838
compressed,sfx.oddtoevenharmonicenergyratio.stdev,0.56553938385332
compressed,lowLevel.spectral_decrease.mean,0.5575896041700616
compressed,lowLevel.scvalleys.mean.0,0.5574738485156558
compressed,lowLevel.zerocrossingrate.mean,0.5485941783990711
compressed,lowLevel.spectral_centroid.stdev,0.5296390863368288
compressed,lowLevel.barkbands.stdev.7,0.5130799547187053
compressed,lowLevel.sccoeffs.stdev.3,0.5080369827337563
compressed,lowLevel.scvalleys.stdev.0,0.48740336194168776
compressed,lowLevel.barkbands.stdev.17,0.4747287784120999
compressed,lowLevel.barkbands.mean.16,0.47002608416369185
compressed,lowLevel.mfcc.mean.12,0.44562628510175273
compressed,lowLevel.barkbands.mean.9,0.43684259679866955
compressed,lowLevel.pitch_salience.mean,0.42638268310111016
compressed,lowLevel.barkbands.stdev.10,0.42273942881729454
compressed,lowLevel.spectral_flatness_db.mean,0.4220716351410374
compressed,lowLevel.mfcc.mean.6,0.41941347933607176
compressed,sfx.tristimulus.stdev.0,0.4179861709708348
compressed,lowLevel.barkbands.mean.12,0.411188198835589
compressed,lowLevel.scvalleys.mean.2,0.41087726259138435
compressed,lowLevel.scvalleys.mean.3,0.39600810955744237
compressed,lowLevel.spectral_flux.stdev,0.374814163078554
compressed,lowLevel.sccoeffs.stdev.4,0.37315488985041156
compressed,lowLevel.barkbands.mean.8,0.37289017741568387
compressed,lowLevel.mfcc.mean.11,0.3683095923624933
compressed,lowLevel.barkbands_skewness.stdev,0.35956650791922584
compressed,lowLevel.barkbands.stdev.13,0.3560086282668635
compressed,lowLevel.barkbands.mean.0,0.35480230406392366
compressed,lowLevel.spectral_spread.stdev,0.33444308530306444
compressed,lowLevel.barkbands_kurtosis.stdev,0.33269768831087276
compressed,lowLevel.barkbands.mean.21,0.32369412312982604
compressed,lowLevel.barkbands.stdev.19,0.3210156395507511
compressed,lowLevel.scvalleys.mean.1,0.32072544464608654
compressed,lowLevel.barkbands.stdev.8,0.30384571460308507
compressed,lowLevel.sccoeffs.stdev.1,0.30065534927416593
compressed,lowLevel.barkbands.mean.3,0.2963332889485173
compressed,lowLevel.mfcc.mean.7,0.29572800209280103
compressed,lowLevel.mfcc.stdev.1,0.2896328500355594
compressed,lowLevel.barkbands.stdev.16,0.28413323499262333
compressed,lowLevel.barkbands.stdev.9,0.2721696447697468
compressed,lowLevel.zerocrossingrate.stdev,0.2692097247054335
compressed,lowLevel.barkbands_spread.stdev,0.268792238086462
compressed,lowLevel.silence_rate_60dB.stdev,0.2638526592927519
compressed,lowLevel.dissonance.mean,0.24133879621513188
compressed,lowLevel.barkbands.mean.6,0.2306298105395399
compressed,lowLevel.barkbands.mean.13,0.22511947571183555
compressed,lowLevel.mfcc.mean.2,0.2178427612525411
compressed,lowLevel.barkbands.stdev.14,0.2176342421444133
compressed,lowLevel.barkbands.stdev.5,0.21704689104808494
compressed,sfx.tristimulus.stdev.2,0.2166424437891692
compressed,lowLevel.mfcc.mean.4,0.20946891614585184
compressed,lowLevel.barkbands.mean.23,0.20709790656110272
compressed,lowLevel.pitch_instantaneous_confidence.mean,0.20375082071404904
compressed,lowLevel.barkbands.stdev.0,0.19663308549206704
compressed,lowLevel.sccoeffs.stdev.0,0.17368512821849436
compressed,lowLevel.mfcc.mean.9,0.1734019677969627
compressed,lowLevel.barkbands_spread.mean,0.17050983727676794
compressed,lowLevel.barkbands.mean.14,0.16982758429367095
compressed,sfx.inharmonicity.stdev,0.16313186229672283
compressed,sfx.tristimulus.mean.1,0.15920882450882345
compressed,lowLevel.mfcc.mean.10,0.15839565120404586
compressed,lowLevel.spectral_decrease.stdev,0.1561343112261966
compressed,lowLevel.barkbands.mean.2,0.15409616834949702
compressed,sfx.oddtoevenharmonicenergyratio.mean,0.15378856711322442
compressed,lowLevel.spectral_rolloff.stdev,0.15177416458027437
compressed,lowLevel.sccoeffs.mean.0,0.15065069508273154
compressed,lowLevel.barkbands.mean.7,0.14719573745969683
compressed,lowLevel.spectral_centroid.mean,0.1358323639142327
compressed,lowLevel.mfcc.stdev.4,0.13516976876417175
compressed,lowLevel.barkbands_kurtosis.mean,0.12910945643670857
compressed,lowLevel.barkbands.stdev.23,0.12493442167760804
compressed,lowLevel.barkbands.stdev.21,0.11311741935787722
compressed,lowLevel.mfcc.mean.5,0.1128774314711336
compressed,lowLevel.barkbands.stdev.22,0.11275982623919845
compressed,lowLevel.spectral_flatness_db.stdev,0.11201317282393575
compressed,lowLevel.barkbands.stdev.15,0.10482765303459018
compressed,lowLevel.barkbands.stdev.24,0.09970733837690204
compressed,lowLevel.mfcc.stdev.3,0.0984128710697405
compressed,lowLevel.barkbands.mean.1,0.09423274858272634
compressed,lowLevel.sccoeffs.stdev.5,0.08827632945030928
compressed,sfx.tristimulus.mean.0,0.08792066664318554
compressed,lowLevel.mfcc.mean.1,0.08739836316090077
compressed,lowLevel.sccoeffs.mean.1,0.0815054660779424
compressed,lowLevel.barkbands_skewness.mean,0.08065859565977007
compressed,sfx.inharmonicity.mean,0.0792952767224051
compressed,lowLevel.barkbands.mean.22,0.06457952549681067
compressed,lowLevel.barkbands.stdev.1,0.056851131026633084
compressed,sfx.tristimulus.mean.2,0.054404518770752475
compressed,lowLevel.spectral_crest.mean,0.05007207550806925
compressed,lowLevel.dissonance.stdev,0.047351228015031666
compressed,lowLevel.spectral_energyband_low.stdev,0.04532670939806849
compressed,lowLevel.spectral_energyband_low.mean,0.03869793051853776
compressed,lowLevel.barkbands.stdev.2,0.027125672320835292
compressed,lowLevel.spectral_rolloff.mean,0.024163600290194154
compressed,lowLevel.silence_rate_30dB.mean,0.006453690119087696
compressed,lowLevel.silence_rate_20dB.mean,0.0
compressed,lowLevel.silence_rate_30dB.stdev,0.0
compressed,lowLevel.silence_rate_20dB.stdev,0.0
dangerous,lowLevel.hfc.mean,1012.6151942245197
dangerous,lowLevel.spectral_complexity.mean,199.7757568495581
dangerous,lowLevel.spectral_energyband_middle_high.mean,184.90670210623648
dangerous,lowLevel.spectral_energy.mean,162.40936677902937
dangerous,lowLevel.spectral_complexity.stdev,93.03784318931866
dangerous,lowLevel.silence_rate_60dB.mean,61.890810633893125
dangerous,lowLevel.hfc.stdev,30.152180894860066
dangerous,lowLevel.mfcc.mean.0,13.87842336052563
dangerous,lowLevel.spectral_energyband_middle_low.mean,12.542988909059204
dangerous,lowLevel.spectral_energy.stdev,11.956435935455374
dangerous,lowLevel.spectral_rms.mean,11.942231600754894
dangerous,lowLevel.spectral_energyband_middle_high.stdev,10.87133299303241
dangerous,lowLevel.barkbands.mean.14,9.557629356335383
dangerous,lowLevel.barkbands.mean.10,9.068980142707005
dangerous,lowLevel.spectral_rms.stdev,8.734108054661192
dangerous,lowLevel.spectral_energyband_middle_low.stdev,8.484976374078542
dangerous,lowLevel.mfcc.stdev.9,5.308195812685881
dangerous,lowLevel.barkbands.mean.11,5.23377701244317
dangerous,lowLevel.barkbands.stdev.26,5.066825522808358
dangerous,lowLevel.barkbands.mean.15,5.061378609505482
dangerous,lowLevel.spectral_strongpeak.mean,4.5334709079470485
dangerous,lowLevel.barkbands.mean.19,4.2512255751062185
dangerous,lowLevel.barkbands.mean.26,4.0985224158503115
dangerous,lowLevel.barkbands.mean.6,4.082305556861684
dangerous,lowLevel.barkbands.stdev.8,4.078012859099545
dangerous,lowLevel.barkbands.mean.12,3.7436316799139604
dangerous,lowLevel.barkbands.mean.24,3.703420936013572
dangerous,lowLevel.barkbands.mean.25,3.6905905947787687
dangerous,lowLevel.barkbands.stdev.12,3.671524545759894
dangerous,lowLevel.mfcc.stdev.7,3.607280896860175
dangerous,lowLevel.spectral_energyband_high.mean,3.522552264854312
dangerous,lowLevel.spectral_kurtosis.stdev,3.5191752547980286
dangerous,lowLevel.mfcc.stdev.8,3.4403293072246015
dangerous,lowLevel.pitch_instantaneous_confidence.stdev,3.324964443454519
dangerous,lowLevel.barkbands.mean.17,3.261952278087847
dangerous,lowLevel.barkbands.stdev.6,3.199258841574192
dangerous,lowLevel.barkbands.mean.22,2.834488420863636
dangerous,lowLevel.scvalleys.stdev.3,2.7707250979728997
dangerous,lowLevel.barkbands.mean.7,2.54838942742208
dangerous,lowLevel.barkbands.mean.9,2.4895122291054577
dangerous,sfx.tristimulus.stdev.1,2.31043480252265
dangerous,lowLevel.spectral_skewness.mean,1.976526297396049
dangerous,lowLevel.mfcc.mean.8,1.8785879998467863
dangerous,lowLevel.barkbands.mean.5,1.796278135268949
dangerous,lowLevel.spectral_decrease.mean,1.6443498472799547
dangerous,lowLevel.pitch.mean,1.601182914688252
dangerous,lowLevel.mfcc.stdev.10,1.5866345526883379
dangerous,lowLevel.barkbands.stdev.7,1.499277132912539
dangerous,lowLevel.barkbands.mean.8,1.458485821262002
dangerous,lowLevel.spectral_skewness.stdev,1.4214316616998985
dangerous,lowLevel.barkbands.stdev.11,1.3520014747045934
dangerous,lowLevel.mfcc.stdev.0,1.3013516566134058
dangerous,lowLevel.barkbands.stdev.10,1.2869521286920644
dangerous,lowLevel.mfcc.stdev.11,1.0900201791664585
dangerous,lowLevel.barkbands.mean.13,1.0824636370525695
dangerous,lowLevel.scvalleys.mean.1,0.9897722091991454
dangerous,lowLevel.spectral_spread.mean,0.9877891688956879
dangerous,lowLevel.barkbands.stdev.25,0.9782336833304726
dangerous,lowLevel.sccoeffs.stdev.2,0.9704142134869471
dangerous,lowLevel.spectral_kurtosis.mean,0.9664267441257834
dangerous,sfx.tristimulus.stdev.0,0.8751384723582305
dangerous,lowLevel.pitch_salience.mean,0.8068128309678286
dangerous,lowLevel.mfcc.stdev.6,0.7997620028909296
dangerous,lowLevel.scvalleys.stdev.2,0.7918782842461951
dangerous,lowLevel.mfcc.stdev.5,0.7845574163366109
dangerous,lowLevel.scvalleys.mean.5,0.7729661412304267
dangerous,sfx.tristimulus.mean.2,0.7725517959916033
dangerous,lowLevel.barkbands_skewness.mean,0.7548111198702827
dangerous,lowLevel.scvalleys.stdev.4,0.7505424679256976
dangerous,lowLevel.spectral_flatness_db.stdev,0.7313285275595263
dangerous,lowLevel.barkbands.mean.21,0.716906150104478
dangerous,lowLevel.sccoeffs.mean.5,0.7155349214444868
dangerous,lowLevel.barkbands.stdev.17,0.6775134191848338
dangerous,lowLevel.barkbands.mean.4,0.6499746066983789
dangerous,sfx.tristimulus.stdev.2,0.6414910284220241
dangerous,lowLevel.barkbands.stdev.4,0.6353446651482955
dangerous,lowLevel.sccoeffs.mean.2,0.6274922495358624
dangerous,lowLevel.barkbands.mean.18,0.6169595021056011
dangerous,lowLevel.mfcc.stdev.12,0.611616694368422
dangerous,lowLevel.barkbands.stdev.9,0.5545164388604462
dangerous,lowLevel.mfcc.stdev.2,0.5406535029760562
dangerous,lowLevel.pitch.stdev,0.5402150002773851
dangerous,lowLevel.barkbands.mean.16,0.4936487246886827
dangerous,lowLevel.barkbands.stdev.5,0.4911028991919011
dangerous,lowLevel.spectral_flatness_db.mean,0.47470326320035383
dangerous,lowLevel.pitch_salience.stdev,0.45823560596909374
dangerous,lowLevel.scvalleys.stdev.1,0.45533077447908
dangerous,lowLevel.mfcc.stdev.4,0.43903379811672494
dangerous,lowLevel.mfcc.mean.12,0.39999340276699513
dangerous,lowLevel.spectral_strongpeak.stdev,0.38432883005589247
dangerous,lowLevel.sccoeffs.stdev.5,0.37665899423882365
dangerous,lowLevel.scvalleys.stdev.5,0.37373833963647485
dangerous,sfx.inharmonicity.stdev,0.3680830668308772
dangerous,lowLevel.barkbands.mean.23,0.36330337985418737
dangerous,lowLevel.spectral_crest.stdev,0.35760882165050134
dangerous,lowLevel.barkbands.mean.3,0.3560197935439646
dangerous,lowLevel.spectral_flux.mean,0.3398913759738207
dangerous,lowLevel.zerocrossingrate.mean,0.33786377671640366
dangerous,lowLevel.mfcc.mean.3,0.33448133000638336
dangerous,lowLevel.barkbands_kurtosis.stdev,0.33128733141347766
dangerous,lowLevel.spectral_decrease.stdev,0.3305832006735727
dangerous,lowLevel.scvalleys.mean.4,0.3135946277179755
dangerous,lowLevel.barkbands_skewness.stdev,0.3108869909774512
dangerous,lowLevel.spectral_rolloff.mean,0.306376411113888
dangerous,lowLevel.scvalleys.stdev.0,0.28687401837669313
dangerous,lowLevel.pitch_instantaneous_confidence.mean,0.2825430938974023
dangerous,lowLevel.barkbands.stdev.16,0.2824302905937657
dangerous,lowLevel.barkbands.mean.0,0.27673080770182423
dangerous,lowLevel.sccoeffs.mean.1,0.26988356304354966
dangerous,lowLevel.mfcc.mean.10,0.2696220946672838
dangerous,lowLevel.sccoeffs.stdev.4,0.2543089666287415
dangerous,lowLevel.spectral_centroid.mean,0.24201001931214705
dangerous,sfx.oddtoevenharmonicenergyratio.mean,0.2402935538557358
dangerous,lowLevel.sccoeffs.mean.3,0.2380844501312822
dangerous,lowLevel.scvalleys.mean.2,0.22047871770337224
dangerous,sfx.oddtoevenharmonicenergyratio.stdev,0.21600364713231102
dangerous,lowLevel.sccoeffs.stdev.3,0.21332226181402802
dangerous,lowLevel.barkbands_spread.stdev,0.20652011840138584
dangerous,lowLevel.mfcc.mean.7,0.20360262866597623
dangerous,lowLevel.mfcc.mean.6,0.19691129110287875
dangerous,lowLevel.barkbands.stdev.3,0.1925788780208677
dangerous,lowLevel.scvalleys.mean.0,0.18512919399654493
dangerous,lowLevel.spectral_crest.mean,0.18376170622650534
dangerous,lowLevel.barkbands.stdev.13,0.18028711708029732
dangerous,lowLevel.barkbands.mean.1,0.17813864268828183
dangerous,lowLevel.silence_rate_60dB.stdev,0.17639734165277332
dangerous,lowLevel.barkbands.mean.20,0.1729121702373959
dangerous,lowLevel.sccoeffs.stdev.1,0.15928444499149919
dangerous,lowLevel.barkbands.stdev.14,0.15846016025170684
dangerous,lowLevel.spectral_energyband_low.mean,0.1492088520899415
dangerous,lowLevel.barkbands.stdev.18,0.13828688306966797
dangerous,lowLevel.mfcc.stdev.3,0.13708516501355916
dangerous,lowLevel.barkbands_kurtosis.mean,0.13384226817288436
dangerous,lowLevel.spectral_spread.stdev,0.13224724878091365
dangerous,lowLevel.dissonance.stdev,0.12224640609929338
dangerous,lowLevel.barkbands.stdev.2,0.12017633265350014
dangerous,lowLevel.sccoeffs.mean.4,0.1185630700783804
dangerous,lowLevel.sccoeffs.mean.0,0.11556819383986294
dangerous,sfx.tristimulus.mean.1,0.10962595487944782
dangerous,lowLevel.barkbands.mean.2,0.10740384488599375
dangerous,sfx.inharmonicity.mean,0.10585965757491067
dangerous,lowLevel.dissonance.mean,0.09859817998949438
dangerous,lowLevel.mfcc.mean.5,0.09167599614011124
dangerous,lowLevel.barkbands.stdev.21,0.08963634050451219
dangerous,lowLevel.mfcc.mean.1,0.08577785763191059
dangerous,lowLevel.scvalleys.mean.3,0.08155020046979189
dangerous,lowLevel.spectral_centroid.stdev,0.0788243260467425
dangerous,lowLevel.mfcc.mean.2,0.07742494676494971
dangerous,lowLevel.spectral_rolloff.stdev,0.07660884608048946
dangerous,lowLevel.mfcc.stdev.1,0.0742653300985694
dangerous,lowLevel.barkbands.stdev.15,0.06720877974294126
dangerous,lowLevel.barkbands.stdev.1,0.06230729981325567
dangerous,lowLevel.spectral_flux.stdev,0.061210013227537274
dangerous,lowLevel.mfcc.mean.11,0.058322789845988154
dangerous,lowLevel.silence_rate_30dB.stdev,0.057755040004849434
dangerous,lowLevel.mfcc.mean.4,0.05553017120109871
dangerous,lowLevel.barkbands_spread.mean,0.05267120013013482
dangerous,lowLevel.mfcc.mean.9,0.05126116255996749
dangerous,lowLevel.spectral_energyband_high.stdev,0.05122653895523399
dangerous,lowLevel.zerocrossingrate.stdev,0.04723609029315412
dangerous,lowLevel.barkbands.stdev.0,0.04715466988272965
dangerous,lowLevel.barkbands.stdev.22,0.04687427938915789
dangerous,sfx.tristimulus.mean.0,0.045881248253863305
dangerous,lowLevel.barkbands.stdev.20,0.04367585084401071
dangerous,lowLevel.silence_rate_30dB.mean,0.042239380651153624
dangerous,lowLevel.spectral_energyband_low.stdev,0.037364469724707305
dangerous,lowLevel.barkbands.stdev.23,0.036858339328318834
dangerous,lowLevel.barkbands.stdev.24,0.03006565955001861
dangerous,lowLevel.sccoeffs.stdev.0,0.02645018114708364
dangerous,lowLevel.barkbands.stdev.19,0.02517974015790969
dangerous,lowLevel.silence_rate_20dB.mean,0.0023281900212168694
dangerous,lowLevel.silence_rate_20dB.stdev,0.0
descending,lowLevel.spectral_energy.mean,56.61383878442575
descending,lowLevel.silence_rate_60dB.mean,55.76723097673312
descending,lowLevel.spectral_complexity.mean,38.12550212696806
descending,lowLevel.hfc.mean,11.123374120947119
descending,lowLevel.spectral_complexity.stdev,10.862483360084298
descending,lowLevel.barkbands.mean.5,9.496787473543009
descending,lowLevel.mfcc.stdev.9,9.028017694367009
descending,lowLevel.spectral_energyband_middle_high.mean,8.864382895280869
descending,lowLevel.mfcc.stdev.10,8.669736741136148
descending,lowLevel.spectral_energyband_middle_low.mean,7.894514403778885
descending,lowLevel.mfcc.stdev.11,6.572088364963747
descending,lowLevel.spectral_energyband_middle_low.stdev,6.1959451751936285
descending,lowLevel.mfcc.stdev.8,5.995235274163861
descending,lowLevel.spectral_rms.stdev,5.754692476057244
descending,lowLevel.barkbands.stdev.26,3.7854460332928284
descending,lowLevel.scvalleys.stdev.4,3.7831724224743084
descending,lowLevel.barkbands.mean.18,3.629294482681871
descending,lowLevel.sccoeffs.mean.3,3.2864726188872737
descending,lowLevel.mfcc.stdev.7,3.178315042896429
descending,lowLevel.pitch_instantaneous_confidence.stdev,3.0910309712753588
descending,lowLevel.spectral_energy.stdev,3.0882377839516266
descending,lowLevel.mfcc.stdev.0,3.034568345081425
descending,lowLevel.hfc.stdev,2.830487903491303
descending,lowLevel.barkbands.mean.17,2.742624299346062
descending,lowLevel.mfcc.stdev.12,2.4389393025230675
descending,lowLevel.spectral_energyband_high.mean,2.4022111391059298
descending,lowLevel.scvalleys.stdev.3,2.1976187840555212
descending,lowLevel.scvalleys.mean.4,2.1464033647962424
descending,lowLevel.mfcc.mean.0,2.0761098367001978
descending,lowLevel.spectral_skewness.mean,2.0463556862960104
descending,lowLevel.barkbands.stdev.4,2.0170896877752966
descending,lowLevel.barkbands.stdev.5,2.0076004456532246
descending,lowLevel.sccoeffs.mean.4,1.9832394982167898
descending,lowLevel.sccoeffs.mean.5,1.8521813174374984
descending,lowLevel.spectral_strongpeak.mean,1.7760248156046146
descending,lowLevel.spectral_kurtosis.mean,1.7465201580853318
descending,lowLevel.spectral_spread.mean,1.7456833376454597
descending,lowLevel.mfcc.mean.8,1.7128960508998716
descending,lowLevel.spectral_energyband_middle_high.stdev,1.6870755925119738
descending,lowLevel.barkbands.stdev.6,1.618912792269839
descending,lowLevel.barkbands.mean.26,1.5900719163691974
descending,lowLevel.sccoeffs.mean.2,1.5709157567362126
descending,lowLevel.spectral_energyband_high.stdev,1.5676997113296238
descending,lowLevel.barkbands.stdev.15,1.5298544339766522
descending,lowLevel.spectral_strongpeak.stdev,1.5215580067924748
descending,lowLevel.barkbands.mean.3,1.3675522552221082
descending,lowLevel.scvalleys.stdev.0,1.296428971540081
descending,lowLevel.barkbands.stdev.3,1.2948931077517045
descending,lowLevel.scvalleys.stdev.1,1.2395254248694982
descending,lowLevel.mfcc.stdev.5,1.198266206705739
descending,lowLevel.zerocrossingrate.stdev,1.194124234292758
descending,lowLevel.barkbands.mean.25,1.1766569283481658
descending,lowLevel.barkbands.mean.4,1.1587193093873793
descending,lowLevel.spectral_skewness.stdev,1.0507124292216758
descending,lowLevel.scvalleys.stdev.2,1.0451685989637554
descending,lowLevel.barkbands.mean.19,1.0375523610600794
descending,lowLevel.spectral_rms.mean,0.9689857902048971
descending,lowLevel.barkbands.stdev.10,0.9584004269891011
descending,lowLevel.barkbands.mean.20,0.9074322305859823
descending,lowLevel.scvalleys.mean.5,0.8666357774964126
descending,lowLevel.silence_rate_60dB.stdev,0.8381355636520311
descending,lowLevel.barkbands.stdev.18,0.8225689333667106
descending,lowLevel.spectral_crest.stdev,0.8185529984057212
descending,lowLevel.mfcc.stdev.2,0.8139448764450208
descending,sfx.oddtoevenharmonicenergyratio.stdev,0.7893341627077461
descending,lowLevel.barkbands.stdev.25,0.7847228867503873
descending,lowLevel.barkbands.mean.15,0.7781738069170387
descending,lowLevel.spectral_kurtosis.stdev,0.76701356936519
descending,lowLevel.barkbands.mean.16,0.7551879190141335
descending,sfx.tristimulus.stdev.1,0.7480527161224018
descending,lowLevel.mfcc.mean.6,0.7416825331492873
descending,lowLevel.sccoeffs.stdev.2,0.6977057553049235
descending,lowLevel.sccoeffs.stdev.3,0.672232657620043
descending,lowLevel.mfcc.mean.7,0.6481299329097965
descending,lowLevel.barkbands.mean.2,0.6335051013156772
descending,lowLevel.sccoeffs.stdev.5,0.6318954107864556
descending,lowLevel.scvalleys.mean.3,0.6289392273647536
descending,lowLevel.sccoeffs.mean.1,0.6237298297965026
descending,lowLevel.pitch.mean,0.6040963686355099
descending,lowLevel.barkbands.stdev.8,0.6008397048135521
descending,lowLevel.scvalleys.mean.2,0.5845182248613128
descending,lowLevel.barkbands.stdev.12,0.5761787732153607
descending,lowLevel.barkbands_skewness.stdev,0.567008824322329
descending,lowLevel.scvalleys.stdev.5,0.5607147956598055
descending,sfx.tristimulus.stdev.0,0.5407297833298799
descending,lowLevel.barkbands.mean.21,0.5314219041520118
descending,lowLevel.barkbands.stdev.17,0.5240092331368942
descending,lowLevel.barkbands.mean.22,0.5132414561285259
descending,lowLevel.spectral_flux.mean,0.5062580030262325
descending,sfx.oddtoevenharmonicenergyratio.mean,0.5059568666365521
descending,lowLevel.barkbands.stdev.2,0.49280860468934407
descending,lowLevel.pitch_instantaneous_confidence.mean,0.49069186906854156
descending,lowLevel.barkbands.mean.10,0.4881118029370555
descending,lowLevel.barkbands.mean.12,0.4873700317548355
descending,lowLevel.spectral_decrease.mean,0.4687643816596392
descending,lowLevel.barkbands.mean.14,0.4636251428091782
descending,lowLevel.barkbands.stdev.9,0.448872108838259
descending,lowLevel.barkbands.stdev.24,0.41777654890393023
descending,lowLevel.mfcc.mean.9,0.4133013947830477
descending,lowLevel.barkbands.mean.13,0.4078567837786977
descending,lowLevel.mfcc.mean.12,0.4064762156231154
descending,lowLevel.mfcc.stdev.6,0.4028604238119442
descending,lowLevel.barkbands.mean.7,0.3787855193950236
descending,lowLevel.spectral_flatness_db.stdev,0.37335806876581046
descending,lowLevel.mfcc.mean.11,0.373163673966701
descending,lowLevel.sccoeffs.stdev.4,0.37155528969196894
descending,lowLevel.barkbands_kurtosis.stdev,0.3699704935825139
descending,lowLevel.barkbands.mean.6,0.3521890960546443
descending,lowLevel.barkbands.stdev.21,0.34816904244689795
descending,lowLevel.scvalleys.mean.1,0.34401981126211467
descending,lowLevel.barkbands.mean.24,0.34397802618332207
descending,lowLevel.barkbands.stdev.19,0.34313876497617457
descending,sfx.tristimulus.mean.0,0.3410493830924679
descending,lowLevel.barkbands.mean.0,0.33735423973303114
descending,lowLevel.spectral_rolloff.stdev,0.33647842269238026
descending,sfx.inharmonicity.stdev,0.3325995560953743
descending,lowLevel.mfcc.stdev.4,0.33215941520029446
descending,lowLevel.barkbands_spread.stdev,0.32865086732454074
descending,lowLevel.pitch_salience.mean,0.32648449109183275
descending,lowLevel.pitch_salience.stdev,0.32513173517145333
descending,lowLevel.barkbands.stdev.11,0.32185128276614705
descending,lowLevel.mfcc.mean.3,0.3109113180271379
descending,lowLevel.barkbands.stdev.7,0.31081044636812294
descending,lowLevel.mfcc.stdev.3,0.31023872178047895
descending,lowLevel.barkbands.stdev.14,0.298162783297812
descending,lowLevel.barkbands.stdev.16,0.2932167185572325
descending,lowLevel.barkbands.mean.1,0.28208029600682494
descending,lowLevel.zerocrossingrate.mean,0.2817319868481718
descending,lowLevel.mfcc.stdev.1,0.2808616011716367
descending,sfx.inharmonicity.mean,0.27902913402795093
descending,lowLevel.barkbands.stdev.23,0.2762799451338651
descending,lowLevel.barkbands.mean.9,0.273008465723251
descending,sfx.tristimulus.mean.1,0.2727523469566222
descending,lowLevel.spectral_centroid.stdev,0.26046230467545683
descending,lowLevel.barkbands_skewness.mean,0.2515509244185523
descending,lowLevel.barkbands_spread.mean,0.24736337101421668
descending,sfx.tristimulus.mean.2,0.24728511516696017
descending,lowLevel.mfcc.mean.4,0.2434657020448867
descending,lowLevel.mfcc.mean.10,0.24143008362079854
descending,lowLevel.sccoeffs.mean.0,0.23555955788469873
descending,lowLevel.barkbands.stdev.20,0.23172112280371948
descending,lowLevel.spectral_spread.stdev,0.22977071250716108
descending,lowLevel.spectral_energyband_low.mean,0.22455849765174207
descending,lowLevel.pitch.stdev,0.2162630248494679
descending,lowLevel.sccoeffs.stdev.1,0.2126404001537594
descending,lowLevel.dissonance.mean,0.20268686681447434
descending,lowLevel.barkbands.stdev.0,0.19269311802599987
descending,lowLevel.mfcc.mean.1,0.19043804471220938
descending,lowLevel.scvalleys.mean.0,0.18810296254378045
descending,lowLevel.spectral_flatness_db.mean,0.18715054537278775
descending,lowLevel.barkbands.mean.23,0.1832672105738311
descending,lowLevel.mfcc.mean.2,0.1798784072889248
descending,lowLevel.mfcc.mean.5,0.1796243365170085
descending,lowLevel.spectral_rolloff.mean,0.17545216310827527
descending,lowLevel.barkbands.mean.8,0.163524577710632
descending,lowLevel.barkbands.stdev.1,0.15433341348034446
descending,lowLevel.dissonance.stdev,0.14954823187872535
descending,lowLevel.barkbands.mean.11,0.14354251405165996
descending,lowLevel.spectral_energyband_low.stdev,0.14324831705380348
descending,lowLevel.spectral_flux.stdev,0.14215483358202619
descending,lowLevel.spectral_centroid.mean,0.13424782402216806
descending,lowLevel.spectral_crest.mean,0.13007719668712525
descending,sfx.tristimulus.stdev.2,0.12626320712661254
descending,lowLevel.barkbands.stdev.22,0.1246813453908544
descending,lowLevel.spectral_decrease.stdev,0.1006596067272767
descending,lowLevel.barkbands.stdev.13,0.09409192109160358
descending,lowLevel.sccoeffs.stdev.0,0.07445310392904503
descending,lowLevel.barkbands_kurtosis.mean,0.05517669716573437
descending,lowLevel.silence_rate_30dB.mean,0.03661640511927544
descending,lowLevel.silence_rate_30dB.stdev,0.01734847918851301
descending,lowLevel.silence_rate_20dB.stdev,0.0007730619981884956
descending,lowLevel.silence_rate_20dB.mean,0.0
desolate,lowLevel.spectral_energyband_middle_high.mean,43.81997612604755
desolate,lowLevel.spectral_energyband_high.mean,23.043234583703452
desolate,lowLevel.hfc.mean,21.024190547061153
desolate,lowLevel.barkbands.mean.18,15.203984703490278
desolate,lowLevel.spectral_energy.mean,14.54795213646139
desolate,lowLevel.spectral_rms.mean,9.133905226306524
desolate,lowLevel.spectral_complexity.mean,6.989678812693455
desolate,lowLevel.barkbands.mean.5,6.331367048172979
desolate,lowLevel.mfcc.stdev.10,6.172796896986256
desolate,lowLevel.spectral_energyband_middle_high.stdev,5.676867432877771
desolate,lowLevel.mfcc.stdev.12,5.321988924726611
desolate,lowLevel.silence_rate_60dB.mean,5.0527427339111455
desolate,lowLevel.mfcc.stdev.9,4.711889352358412
desolate,lowLevel.barkbands.mean.4,4.015475722408155
desolate,lowLevel.spectral_energyband_middle_low.mean,3.574774353968678
desolate,lowLevel.mfcc.stdev.8,3.3081602908932837
desolate,lowLevel.pitch_instantaneous_confidence.stdev,3.1097405370965134
desolate,lowLevel.mfcc.stdev.7,2.8243277992587537
desolate,lowLevel.spectral_strongpeak.stdev,2.8164913676155265
desolate,lowLevel.mfcc.mean.8,2.4541968343110057
desolate,lowLevel.spectral_strongpeak.mean,2.2983381111116614
desolate,lowLevel.silence_rate_60dB.stdev,2.07750107558968
desolate,lowLevel.barkbands.mean.11,2.0424238703999436
desolate,lowLevel.spectral_complexity.stdev,1.9305642927647568
desolate,lowLevel.scvalleys.mean.5,1.8538984867336694
desolate,lowLevel.mfcc.stdev.11,1.4190526771635632
desolate,lowLevel.barkbands.mean.24,1.278599668876268
desolate,lowLevel.barkbands.stdev.4,1.0938803184544668
desolate,lowLevel.barkbands.stdev.15,1.0472832060331712
desolate,lowLevel.barkbands.mean.17,1.0177003998833243
desolate,lowLevel.barkbands.mean.21,0.9709844960889313
desolate,lowLevel.barkbands.mean.7,0.9510222330136457
desolate,lowLevel.spectral_flatness_db.stdev,0.9277597194013651
desolate,lowLevel.mfcc.stdev.0,0.8581442623253679
desolate,lowLevel.barkbands.mean.6,0.8139803779195063
desolate,lowLevel.sccoeffs.mean.4,0.7948959385394119
desolate,lowLevel.barkbands.mean.22,0.7926967302337289
desolate,lowLevel.sccoeffs.mean.3,0.7609911856707186
desolate,lowLevel.spectral_kurtosis.stdev,0.760412662071758
desolate,lowLevel.mfcc.stdev.5,0.7572591067146277
desolate,lowLevel.sccoeffs.mean.5,0.7507308738131542
desolate,lowLevel.barkbands.stdev.7,0.738929275481496
desolate,lowLevel.scvalleys.stdev.0,0.7152669262723066
desolate,lowLevel.scvalleys.stdev.2,0.6338024266442517
desolate,lowLevel.barkbands.mean.16,0.6291069870057981
desolate,lowLevel.spectral_spread.mean,0.5997474449250149
desolate,lowLevel.spectral_skewness.mean,0.5868603346461896
desolate,lowLevel.barkbands.stdev.5,0.577929284714628
desolate,lowLevel.mfcc.mean.0,0.5544786608079448
desolate,sfx.tristimulus.stdev.1,0.5510105453868164
desolate,lowLevel.barkbands.stdev.11,0.5387715013930574
desolate,lowLevel.mfcc.mean.7,0.5304776040939032
desolate,lowLevel.spectral_flux.mean,0.5118614700768376
desolate,lowLevel.barkbands.mean.23,0.5116094421246089
desolate,lowLevel.barkbands.mean.9,0.48451873869635165
desolate,lowLevel.barkbands.stdev.9,0.48230964070535265
desolate,sfx.tristimulus.mean.2,0.47174169999198057
desolate,lowLevel.barkbands.stdev.23,0.4539055952918716
desolate,lowLevel.spectral_kurtosis.mean,0.44845666669425555
desolate,lowLevel.pitch.stdev,0.4431351952080149
desolate,lowLevel.sccoeffs.mean.2,0.44283786209416576
desolate,lowLevel.scvalleys.mean.2,0.43576163133548107
desolate,lowLevel.mfcc.stdev.4,0.4187243363558082
desolate,lowLevel.spectral_decrease.mean,0.4082514316542074
desolate,lowLevel.scvalleys.stdev.1,0.40822932141600177
desolate,lowLevel.barkbands.mean.19,0.39974234357941896
desolate,lowLevel.spectral_skewness.stdev,0.3935474505633465
desolate,lowLevel.barkbands.stdev.17,0.3896024491114076
desolate,lowLevel.barkbands_kurtosis.mean,0.38854624904342927
desolate,lowLevel.mfcc.stdev.6,0.3860256368207047
desolate,lowLevel.barkbands.stdev.3,0.3766935472958721
desolate,lowLevel.barkbands.stdev.10,0.36899294579052366
desolate,lowLevel.mfcc.stdev.2,0.36532866925699636
desolate,lowLevel.barkbands.stdev.21,0.3648570449149702
desolate,lowLevel.barkbands.stdev.22,0.3556089297926519
desolate,lowLevel.mfcc.mean.6,0.34729449974838644
desolate,lowLevel.spectral_energyband_middle_low.stdev,0.3419563938805368
desolate,lowLevel.mfcc.mean.11,0.33314337237970904
desolate,lowLevel.sccoeffs.stdev.1,0.33071852271677926
desolate,lowLevel.scvalleys.mean.4,0.32890734930697363
desolate,lowLevel.zerocrossingrate.mean,0.32680259706103243
desolate,lowLevel.pitch_instantaneous_confidence.mean,0.32558813379728235
desolate,lowLevel.spectral_rms.stdev,0.32185469358228147
desolate,lowLevel.scvalleys.stdev.4,0.3216939132253174
desolate,lowLevel.barkbands.mean.20,0.32156589391524903
desolate,lowLevel.scvalleys.stdev.3,0.31498654578172136
desolate,lowLevel.sccoeffs.mean.1,0.31170333399495576
desolate,lowLevel.barkbands.mean.8,0.3089333100360818
desolate,sfx.oddtoevenharmonicenergyratio.stdev,0.30441921458987053
desolate,lowLevel.barkbands.stdev.8,0.3022402955102734
desolate,lowLevel.pitch_salience.mean,0.3008662334032124
desolate,lowLevel.sccoeffs.stdev.3,0.2961411736905575
desolate,lowLevel.barkbands_skewness.mean,0.283818108815467
desolate,lowLevel.barkbands.stdev.6,0.2812987338693347
desolate,lowLevel.barkbands.stdev.16,0.27532217136467807
desolate,lowLevel.barkbands.mean.26,0.2726306300028227
desolate,lowLevel.zerocrossingrate.stdev,0.2704685324715683
desolate,lowLevel.mfcc.stdev.3,0.2445354959636461
desolate,sfx.oddtoevenharmonicenergyratio.mean,0.24151075817644596
desolate,lowLevel.spectral_rolloff.mean,0.24130356323439628
desolate,lowLevel.spectral_energyband_low.mean,0.23068891502043698
desolate,sfx.tristimulus.stdev.2,0.23015283735003322
desolate,lowLevel.sccoeffs.stdev.2,0.22348959924420342
desolate,lowLevel.barkbands.mean.2,0.2169684144319035
desolate,lowLevel.barkbands.mean.3,0.21206959699338768
desolate,lowLevel.spectral_centroid.stdev,0.20605161317507736
desolate,lowLevel.barkbands.mean.15,0.20329861474601785
desolate,lowLevel.mfcc.mean.10,0.20293272667913698
desolate,lowLevel.pitch_salience.stdev,0.1987117303069681
desolate,lowLevel.mfcc.stdev.1,0.19675600160553586
desolate,lowLevel.pitch.mean,0.19651549264381174
desolate,lowLevel.barkbands.mean.25,0.19635081029264256
desolate,lowLevel.barkbands.stdev.19,0.19042085563705768
desolate,lowLevel.spectral_spread.stdev,0.18770438071805984
desolate,lowLevel.mfcc.mean.3,0.18542828771751374
desolate,lowLevel.barkbands.stdev.0,0.1845124092506012
desolate,lowLevel.scvalleys.mean.0,0.18135153512412217
desolate,lowLevel.silence_rate_30dB.mean,0.18081760127097368
desolate,lowLevel.sccoeffs.stdev.5,0.17883357673417777
desolate,lowLevel.mfcc.mean.9,0.17484238054021262
desolate,lowLevel.scvalleys.stdev.5,0.17410408559953794
desolate,lowLevel.hfc.stdev,0.1729449505728553
desolate,lowLevel.barkbands.stdev.24,0.1692661436391063
desolate,sfx.tristimulus.mean.0,0.1669806777354097
desolate,lowLevel.barkbands.stdev.2,0.16502360766753554
desolate,lowLevel.barkbands_kurtosis.stdev,0.1648550332756713
desolate,sfx.tristimulus.mean.1,0.15142740971350577
desolate,lowLevel.mfcc.mean.12,0.14862273876497056
desolate,lowLevel.barkbands.mean.13,0.14674144993477967
desolate,lowLevel.dissonance.stdev,0.14620479466975667
desolate,lowLevel.sccoeffs.stdev.4,0.13029490855115
desolate,lowLevel.spectral_rolloff.stdev,0.12473949867126066
desolate,lowLevel.barkbands.stdev.26,0.12290620100975502
desolate,lowLevel.barkbands.mean.10,0.12134669674560428
desolate,lowLevel.spectral_crest.stdev,0.12004782307485584
desolate,lowLevel.spectral_decrease.stdev,0.1199796885921387
desolate,sfx.inharmonicity.mean,0.11622492483002134
desolate,lowLevel.sccoeffs.mean.0,0.11620010224578436
desolate,lowLevel.barkbands.mean.0,0.1151074722292833
desolate,sfx.tristimulus.stdev.0,0.11259908766078297
desolate,lowLevel.spectral_centroid.mean,0.10444864523014985
desolate,lowLevel.mfcc.mean.2,0.10311636932601687
desolate,lowLevel.barkbands_spread.stdev,0.1005928126978688
desolate,lowLevel.barkbands.mean.1,0.10028992019942962
desolate,lowLevel.barkbands_skewness.stdev,0.10026993534120265
desolate,lowLevel.barkbands.mean.14,0.09988260403042659
desolate,lowLevel.mfcc.mean.5,0.0993714795622509
desolate,lowLevel.barkbands.stdev.13,0.09780333035450894
desolate,lowLevel.dissonance.mean,0.08765371725166915
desolate,lowLevel.barkbands.stdev.14,0.08729945807135664
desolate,lowLevel.scvalleys.mean.3,0.08066391985630617
desolate,lowLevel.spectral_energyband_low.stdev,0.080608555523213
desolate,lowLevel.barkbands_spread.mean,0.07831793764489703
desolate,lowLevel.spectral_crest.mean,0.0754750431078719
desolate,lowLevel.barkbands.stdev.18,0.07051677179697435
desolate,lowLevel.scvalleys.mean.1,0.06744592756149359
desolate,lowLevel.spectral_energy.stdev,0.06399283782229759
desolate,lowLevel.barkbands.stdev.12,0.06397871463559568
desolate,lowLevel.sccoeffs.stdev.0,0.06290210352744907
desolate,lowLevel.mfcc.mean.1,0.0619557139580138
desolate,lowLevel.spectral_energyband_high.stdev,0.06163199043658096
desolate,sfx.inharmonicity.stdev,0.05847589440236334
desolate,lowLevel.spectral_flux.stdev,0.056850261287763715
desolate,lowLevel.barkbands.stdev.20,0.05667609750526026
desolate,lowLevel.spectral_flatness_db.mean,0.056518148820032366
desolate,lowLevel.barkbands.mean.12,0.04804384023009334
desolate,lowLevel.barkbands.stdev.25,0.0438663131208159
desolate,lowLevel.mfcc.mean.4,0.04370316749555059
desolate,lowLevel.barkbands.stdev.1,0.02249817523988895
desolate,lowLevel.silence_rate_30dB.stdev,0.0009179059998132288
desolate,lowLevel.silence_rate_20dB.stdev,0.0008202429744414985
desolate,lowLevel.silence_rate_20dB.mean,0.0
digital,lowLevel.hfc.mean,28.64000584211317
digital,lowLevel.spectral_energyband_middle_high.mean,15.535480717886912
digital,lowLevel.barkbands.mean.17,10.085558037376813
digital,lowLevel.spectral_strongpeak.stdev,9.581076351965521
digital,lowLevel.spectral_energy.stdev,4.276051672286485
digital,lowLevel.barkbands.stdev.26,3.413172312262759
digital,lowLevel.barkbands.mean.18,2.800200270586629
digital,lowLevel.sccoeffs.mean.5,2.7987068474915304
digital,lowLevel.spectral_energyband_middle_low.stdev,2.516922969005236
digital,lowLevel.spectral_flux.stdev,2.221327333248155
digital,lowLevel.barkbands.mean.19,2.1642431672685234
digital,lowLevel.hfc.stdev,2.084585797368777
digital,lowLevel.spectral_rms.stdev,1.8987191296919264
digital,lowLevel.spectral_energyband_high.mean,1.6954102105828497
digital,lowLevel.spectral_energyband_middle_low.mean,1.5794603707449824
digital,lowLevel.sccoeffs.mean.4,1.5790579969922476
digital,lowLevel.spectral_complexity.stdev,1.409977707843609
digital,lowLevel.spectral_energy.mean,1.4051917740507633
digital,lowLevel.spectral_spread.mean,1.3987316786010524
digital,lowLevel.mfcc.stdev.12,1.2038029495483897
digital,lowLevel.spectral_skewness.stdev,1.0946534870272444
digital,lowLevel.barkbands.stdev.4,1.0816467292006564
digital,lowLevel.mfcc.stdev.10,1.0473713963729097
digital,lowLevel.mfcc.mean.0,0.9396642304854907
digital,lowLevel.barkbands.mean.10,0.9222896329642936
digital,lowLevel.barkbands.mean.26,0.8928598055235852
digital,lowLevel.spectral_complexity.mean,0.8763546893680427
digital,lowLevel.sccoeffs.mean.2,0.8633702979885811
digital,lowLevel.spectral_energyband_middle_high.stdev,0.8425858384995308
digital,lowLevel.mfcc.stdev.8,0.8371459637965017
digital,lowLevel.pitch_instantaneous_confidence.stdev,0.8148054678158587
digital,lowLevel.sccoeffs.stdev.1,0.7763193062073697
digital,lowLevel.barkbands.stdev.10,0.7673675462258416
digital,lowLevel.mfcc.stdev.2,0.7384674762495251
digital,lowLevel.barkbands.stdev.9,0.704976476025422
digital,lowLevel.barkbands.stdev.3,0.6992046448862652
digital,lowLevel.scvalleys.stdev.3,0.6535749806607782
digital,lowLevel.spectral_strongpeak.mean,0.6410887896172426
digital,lowLevel.scvalleys.stdev.4,0.6184529221327466
digital,lowLevel.scvalleys.stdev.2,0.6102440382092027
digital,lowLevel.barkbands.stdev.6,0.5903752518999568
digital,lowLevel.barkbands.mean.20,0.5837237933155848
digital,lowLevel.mfcc.stdev.9,0.5784853784856523
digital,lowLevel.barkbands.stdev.12,0.577232484567503
digital,lowLevel.mfcc.stdev.11,0.5556458327318978
digital,lowLevel.spectral_kurtosis.stdev,0.4825537910173807
digital,lowLevel.sccoeffs.stdev.2,0.4716504559164605
digital,lowLevel.spectral_rms.mean,0.462548269408785
digital,lowLevel.scvalleys.stdev.1,0.44498710138941533
digital,lowLevel.spectral_flux.mean,0.43562337744868973
digital,lowLevel.mfcc.stdev.7,0.4355594824675677
digital,lowLevel.barkbands.mean.25,0.41912086548427396
digital,lowLevel.sccoeffs.mean.3,0.4188207798287067
digital,lowLevel.mfcc.stdev.0,0.41171261914405477
digital,lowLevel.scvalleys.mean.4,0.39974369388073683
digital,lowLevel.scvalleys.mean.5,0.3670759826900394
digital,lowLevel.spectral_kurtosis.mean,0.3586908396396211
digital,lowLevel.spectral_centroid.stdev,0.35439634500380635
digital,lowLevel.mfcc.stdev.6,0.35203444900889735
digital,lowLevel.barkbands.stdev.11,0.33626469110458856
digital,lowLevel.spectral_flatness_db.mean,0.33032175878315684
digital,lowLevel.barkbands.mean.7,0.31167636317150027
digital,lowLevel.sccoeffs.mean.1,0.3019976729485734
digital,lowLevel.barkbands.stdev.8,0.29341651433969673
digital,lowLevel.spectral_skewness.mean,0.27397486682275485
digital,lowLevel.scvalleys.stdev.5,0.2722524787245675
digital,lowLevel.barkbands.mean.12,0.26686288989867535
digital,lowLevel.scvalleys.stdev.0,0.2498090997582949
digital,lowLevel.barkbands.mean.9,0.24757146748015657
digital,lowLevel.pitch_instantaneous_confidence.mean,0.2443219427572103
digital,lowLevel.mfcc.stdev.1,0.23873384572402756
digital,lowLevel.barkbands_spread.mean,0.22064291828519345
digital,lowLevel.barkbands.mean.21,0.21884822200200915
digital,lowLevel.mfcc.mean.4,0.21451585936483752
digital,lowLevel.spectral_decrease.stdev,0.2132029615084683
digital,lowLevel.barkbands.mean.22,0.18359154038796532
digital,lowLevel.scvalleys.mean.0,0.18080376620491734
digital,lowLevel.barkbands.mean.8,0.17919858727327664
digital,lowLevel.dissonance.mean,0.16710829343787736
digital,lowLevel.spectral_energyband_low.mean,0.16429941015667282
digital,lowLevel.spectral_flatness_db.stdev,0.16062879965102184
digital,sfx.inharmonicity.mean,0.15193826475479
digital,lowLevel.barkbands.mean.23,0.14912740937279523
digital,lowLevel.barkbands.mean.6,0.146912475661793
digital,lowLevel.barkbands.stdev.25,0.14171594440722401
digital,lowLevel.pitch.mean,0.14170643430270502
digital,lowLevel.barkbands.mean.5,0.1373494664167083
digital,lowLevel.barkbands.mean.4,0.13574349915143102
digital,lowLevel.sccoeffs.stdev.3,0.1355324779433431
digital,lowLevel.barkbands.stdev.21,0.1333120098370273
digital,lowLevel.barkbands.stdev.13,0.13180068964197744
digital,sfx.tristimulus.stdev.0,0.12667655227960495
digital,lowLevel.spectral_crest.mean,0.12530431633183525
digital,lowLevel.barkbands.mean.14,0.12161780305268621
digital,lowLevel.barkbands.stdev.15,0.11874967875905895
digital,lowLevel.barkbands.mean.11,0.11502334656779567
digital,lowLevel.silence_rate_60dB.mean,0.11086878491221341
digital,lowLevel.barkbands.stdev.7,0.10660858879418811
digital,lowLevel.barkbands.mean.24,0.10644834630068267
digital,lowLevel.sccoeffs.stdev.0,0.1042579697623296
digital,lowLevel.mfcc.mean.11,0.10215784519294857
digital,lowLevel.mfcc.mean.1,0.09839519601337088
digital,lowLevel.scvalleys.mean.3,0.0978602672175839
digital,lowLevel.spectral_rolloff.stdev,0.09758512751841408
digital,lowLevel.pitch_salience.mean,0.09730320033304451
digital,sfx.tristimulus.stdev.1,0.0969404786134902
digital,lowLevel.barkbands.mean.16,0.09581421930124634
digital,lowLevel.barkbands.stdev.17,0.09351469954299318
digital,lowLevel.mfcc.mean.3,0.09329969169279906
digital,lowLevel.mfcc.mean.2,0.09166941616786062
digital,lowLevel.barkbands.stdev.19,0.08488492283504456
digital,lowLevel.scvalleys.mean.1,0.07888016680590226
digital,lowLevel.spectral_decrease.mean,0.07777001441399989
digital,lowLevel.sccoeffs.stdev.5,0.07703066370822853
digital,lowLevel.zerocrossingrate.stdev,0.0760224535888483
digital,lowLevel.mfcc.mean.7,0.07543425010044302
digital,lowLevel.pitch_salience.stdev,0.07542598315922078
digital,sfx.tristimulus.stdev.2,0.07292441323579624
digital,lowLevel.silence_rate_60dB.stdev,0.07118792390997442
digital,lowLevel.barkbands.stdev.20,0.07053380845536594
digital,lowLevel.spectral_spread.stdev,0.07047435049889827
digital,lowLevel.mfcc.stdev.5,0.0693131449388602
digital,sfx.tristimulus.mean.2,0.06894239629036747
digital,lowLevel.barkbands.mean.0,0.06860793208943505
digital,lowLevel.dissonance.stdev,0.0664104127090468
digital,lowLevel.barkbands.mean.3,0.06606793994160398
digital,lowLevel.barkbands.stdev.22,0.06404131526869605
digital,lowLevel.mfcc.mean.8,0.06375842960665068
digital,lowLevel.barkbands.stdev.14,0.06037260097946273
digital,lowLevel.mfcc.mean.12,0.05597599331554193
digital,lowLevel.barkbands_skewness.mean,0.05431396533776933
digital,lowLevel.barkbands.mean.13,0.05317695198050387
digital,sfx.tristimulus.mean.0,0.05197510691198204
digital,lowLevel.barkbands.stdev.18,0.051728516511502676
digital,lowLevel.barkbands.stdev.24,0.05014131769888763
digital,lowLevel.mfcc.stdev.4,0.04836161955608986
digital,lowLevel.mfcc.stdev.3,0.04671569395933517
digital,lowLevel.barkbands.stdev.23,0.044920060046024446
digital,lowLevel.barkbands_spread.stdev,0.04355686241615331
digital,lowLevel.barkbands.stdev.2,0.04281553501550661
digital,lowLevel.pitch.stdev,0.04268016595051449
digital,lowLevel.spectral_crest.stdev,0.04166054907545913
digital,lowLevel.barkbands_skewness.stdev,0.04067970795404108
digital,lowLevel.barkbands.mean.1,0.036822691864870194
digital,lowLevel.barkbands_kurtosis.mean,0.035837963925587246
digital,lowLevel.barkbands.stdev.5,0.035190887363569345
digital,lowLevel.scvalleys.mean.2,0.0348407322235289
digital,sfx.oddtoevenharmonicenergyratio.stdev,0.03468229394638911
digital,lowLevel.mfcc.mean.5,0.03154547719941547
digital,lowLevel.barkbands.stdev.0,0.030904346860779697
digital,lowLevel.sccoeffs.stdev.4,0.02900193599271006
digital,sfx.oddtoevenharmonicenergyratio.mean,0.027994312894222162
digital,lowLevel.barkbands_kurtosis.stdev,0.027488596725561365
digital,lowLevel.barkbands.mean.2,0.027162889404280577
digital,sfx.tristimulus.mean.1,0.02588054016860042
digital,lowLevel.spectral_energyband_high.stdev,0.02468852262973087
digital,lowLevel.mfcc.mean.9,0.023754568901495077
digital,lowLevel.barkbands.stdev.16,0.023188360293431742
digital,lowLevel.spectral_rolloff.mean,0.022210509032987602
digital,lowLevel.barkbands.mean.15,0.02168099509071908
digital,lowLevel.mfcc.mean.6,0.021124674928984177
digital,lowLevel.sccoeffs.mean.0,0.02070138517410669
digital,lowLevel.spectral_centroid.mean,0.019296715860036784
digital,lowLevel.zerocrossingrate.mean,0.01640576176578179
digital,sfx.inharmonicity.stdev,0.013844982600176081
digital,lowLevel.spectral_energyband_low.stdev,0.012067198844306404
digital,lowLevel.mfcc.mean.10,0.011316139651398771
digital,lowLevel.barkbands.stdev.1,0.007280555350007489
digital,lowLevel.silence_rate_30dB.mean,0.0
digital,lowLevel.silence_rate_20dB.stdev,0.0
digital,lowLevel.silence_rate_20dB.mean,0.0
digital,lowLevel.silence_rate_30dB.stdev,0.0
dirty,lowLevel.hfc.mean,2816.5639025703913
dirty,lowLevel.spectral_energy.mean,673.5461201216749
dirty,lowLevel.hfc.stdev,233.4801514595165
dirty,lowLevel.spectral_complexity.stdev,186.82349074984813
dirty,lowLevel.spectral_energyband_middle_low.stdev,112.23144361366576
dirty,lowLevel.spectral_complexity.mean,81.98990608908935
dirty,lowLevel.silence_rate_60dB.mean,60.841899712493614
dirty,lowLevel.spectral_energyband_middle_low.mean,36.384501770866336
dirty,lowLevel.spectral_rms.stdev,23.51564360113116
dirty,lowLevel.spectral_energyband_middle_high.stdev,18.587796612046077
dirty,lowLevel.mfcc.stdev.9,16.011383930715965
dirty,lowLevel.pitch_instantaneous_confidence.stdev,15.335090430875425
dirty,lowLevel.mfcc.stdev.10,14.267424010777177
dirty,lowLevel.mfcc.stdev.2,13.763902808144621
dirty,lowLevel.barkbands.stdev.26,11.284248008392751
dirty,lowLevel.barkbands.stdev.12,11.186725344588922
dirty,lowLevel.mfcc.stdev.11,11.165771428568405
dirty,lowLevel.spectral_energyband_middle_high.mean,11.01230620770366
dirty,lowLevel.mfcc.stdev.8,9.897247094359045
dirty,lowLevel.barkbands.stdev.11,9.397509421538416
dirty,lowLevel.spectral_skewness.stdev,9.241479056348908
dirty,lowLevel.barkbands.mean.25,8.44895085853932
dirty,lowLevel.barkbands.stdev.5,7.137371372380585
dirty,lowLevel.spectral_rms.mean,7.1055436406168155
dirty,lowLevel.scvalleys.stdev.3,6.5603083978712675
dirty,lowLevel.barkbands.mean.26,6.443221524721594
dirty,lowLevel.spectral_kurtosis.stdev,6.349765676088282
dirty,lowLevel.barkbands.mean.5,6.341107194770302
dirty,lowLevel.sccoeffs.mean.2,5.977192705555353
dirty,lowLevel.barkbands.stdev.6,5.828389768168563
dirty,lowLevel.mfcc.stdev.12,5.49401577928802
dirty,lowLevel.scvalleys.stdev.4,5.416345028737851
dirty,lowLevel.barkbands.stdev.20,5.298807586703333
dirty,lowLevel.spectral_energy.stdev,5.280264604720287
dirty,lowLevel.mfcc.stdev.0,4.997529584390577
dirty,lowLevel.scvalleys.stdev.2,4.857711049524369
dirty,lowLevel.spectral_spread.mean,4.56218044218258
dirty,lowLevel.sccoeffs.stdev.2,4.544485889491625
dirty,lowLevel.spectral_energyband_high.stdev,4.3357743018714245
dirty,lowLevel.scvalleys.stdev.1,4.2270433362573385
dirty,lowLevel.mfcc.mean.8,4.117979952861788
dirty,lowLevel.pitch.stdev,4.086287542319042
dirty,lowLevel.barkbands.stdev.4,4.0311851121950895
dirty,lowLevel.barkbands.mean.12,3.9502416779869236
dirty,lowLevel.mfcc.stdev.7,3.949253427555959
dirty,lowLevel.barkbands.stdev.21,3.9004654256277718
dirty,lowLevel.barkbands.mean.6,3.8605580254952656
dirty,lowLevel.spectral_strongpeak.stdev,3.7642618969694013
dirty,lowLevel.spectral_strongpeak.mean,3.7258414868992986
dirty,lowLevel.sccoeffs.mean.3,3.441568484187883
dirty,lowLevel.barkbands.mean.13,3.416730555400136
dirty,lowLevel.barkbands.mean.7,3.381798282436648
dirty,sfx.tristimulus.stdev.0,3.2859359950962244
dirty,lowLevel.spectral_skewness.mean,3.2766232720168773
dirty,lowLevel.spectral_kurtosis.mean,3.265913861730951
dirty,lowLevel.spectral_energyband_high.mean,3.1449619817722123
dirty,lowLevel.barkbands.stdev.25,3.029136529759853
dirty,lowLevel.sccoeffs.stdev.3,2.8801738250695053
dirty,lowLevel.sccoeffs.mean.0,2.8139787512263865
dirty,lowLevel.barkbands_skewness.stdev,2.7146048411050288
dirty,lowLevel.barkbands.stdev.3,2.7071723617846146
dirty,lowLevel.mfcc.mean.3,2.6243011402257252
dirty,lowLevel.barkbands.mean.17,2.527258677277132
dirty,lowLevel.barkbands.stdev.10,2.514906356751453
dirty,lowLevel.pitch.mean,2.4809148937638383
dirty,lowLevel.barkbands.stdev.13,2.4643941363174235
dirty,lowLevel.barkbands.stdev.9,2.3871935103234136
dirty,lowLevel.barkbands.mean.11,2.365341404773062
dirty,lowLevel.barkbands.stdev.8,2.348834612639621
dirty,lowLevel.scvalleys.mean.5,2.283395038015442
dirty,sfx.tristimulus.stdev.1,2.2683775233163033
dirty,lowLevel.barkbands.mean.9,2.123987599967222
dirty,lowLevel.barkbands.stdev.15,2.1023276073538
dirty,lowLevel.sccoeffs.mean.4,2.0418171835917747
dirty,lowLevel.barkbands.mean.10,1.9168379673210438
dirty,lowLevel.zerocrossingrate.mean,1.8566290078888414
dirty,lowLevel.barkbands.mean.4,1.7804425104041002
dirty,lowLevel.mfcc.mean.0,1.7506315613063634
dirty,lowLevel.scvalleys.mean.4,1.7119999194692355
dirty,lowLevel.barkbands.mean.16,1.7113920395786408
dirty,lowLevel.scvalleys.stdev.5,1.6773922833963297
dirty,lowLevel.spectral_decrease.stdev,1.6750784816686064
dirty,lowLevel.barkbands.mean.3,1.6626402326510288
dirty,lowLevel.barkbands_spread.stdev,1.6207679577564704
dirty,lowLevel.scvalleys.stdev.0,1.607153631404799
dirty,lowLevel.spectral_crest.stdev,1.5494347554231354
dirty,lowLevel.barkbands.mean.15,1.5273489581450121
dirty,sfx.tristimulus.stdev.2,1.3694847490842221
dirty,lowLevel.barkbands.stdev.7,1.3642100649740314
dirty,lowLevel.mfcc.stdev.5,1.3338321181072388
dirty,lowLevel.mfcc.mean.7,1.328940519306343
dirty,lowLevel.mfcc.mean.10,1.2459897638182156
dirty,lowLevel.barkbands.mean.8,1.239570718142204
dirty,lowLevel.silence_rate_60dB.stdev,1.1990308211825322
dirty,lowLevel.barkbands.stdev.17,1.1439510111522395
dirty,lowLevel.zerocrossingrate.stdev,1.139779546414502
dirty,lowLevel.pitch_salience.mean,1.135835515683084
dirty,lowLevel.mfcc.mean.6,1.1304351579019567
dirty,lowLevel.sccoeffs.stdev.1,1.1018487498222385
dirty,lowLevel.spectral_spread.stdev,1.098082177049946
dirty,lowLevel.sccoeffs.mean.5,1.0734114208971732
dirty,lowLevel.sccoeffs.mean.1,1.0325100261106854
dirty,lowLevel.barkbands.mean.24,1.0147237425262574
dirty,lowLevel.barkbands.mean.18,0.9862631008945755
dirty,lowLevel.barkbands.mean.14,0.9697760464478051
dirty,lowLevel.mfcc.stdev.6,0.9681254122988321
dirty,lowLevel.spectral_flatness_db.stdev,0.9547865735949017
dirty,lowLevel.mfcc.stdev.4,0.9525447722407989
dirty,lowLevel.barkbands_kurtosis.stdev,0.9503385065181646
dirty,sfx.oddtoevenharmonicenergyratio.stdev,0.9034642486949451
dirty,lowLevel.barkbands.stdev.24,0.899036920760409
dirty,lowLevel.scvalleys.mean.0,0.8582163801474962
dirty,lowLevel.spectral_centroid.stdev,0.7964641820872203
dirty,lowLevel.mfcc.mean.11,0.7691104461846408
dirty,lowLevel.barkbands_skewness.mean,0.7429137481958605
dirty,lowLevel.pitch_instantaneous_confidence.mean,0.7393966266072312
dirty,lowLevel.pitch_salience.stdev,0.7265449595724931
dirty,lowLevel.mfcc.mean.9,0.7250052154831792
dirty,lowLevel.scvalleys.mean.3,0.7127070309798
dirty,lowLevel.mfcc.mean.12,0.7084786306077149
dirty,lowLevel.barkbands.mean.23,0.7076645169872791
dirty,lowLevel.mfcc.stdev.1,0.6956156165770153
dirty,lowLevel.spectral_flux.stdev,0.6759821800515056
dirty,lowLevel.mfcc.mean.5,0.652008107790607
dirty,lowLevel.barkbands.stdev.18,0.639525634018355
dirty,lowLevel.spectral_decrease.mean,0.631903190354933
dirty,lowLevel.barkbands.mean.2,0.5993230796593707
dirty,lowLevel.barkbands.stdev.23,0.598137557906739
dirty,lowLevel.spectral_rolloff.mean,0.5847965390203171
dirty,sfx.inharmonicity.stdev,0.5782387217623182
dirty,lowLevel.spectral_centroid.mean,0.5668695291387849
dirty,lowLevel.spectral_flux.mean,0.5622210879373597
dirty,lowLevel.mfcc.mean.2,0.5545131746621337
dirty,lowLevel.spectral_flatness_db.mean,0.5374798924221977
dirty,lowLevel.sccoeffs.stdev.5,0.5368343816808192
dirty,lowLevel.barkbands.mean.1,0.5220725549443159
dirty,lowLevel.barkbands.mean.19,0.521869026357308
dirty,lowLevel.barkbands.stdev.16,0.5201442292600404
dirty,lowLevel.mfcc.mean.4,0.5123570675059455
dirty,lowLevel.barkbands.mean.0,0.5002884443674702
dirty,sfx.oddtoevenharmonicenergyratio.mean,0.4590728200510057
dirty,sfx.tristimulus.mean.2,0.4570540204294957
dirty,lowLevel.sccoeffs.stdev.4,0.44949485501274467
dirty,lowLevel.barkbands.stdev.14,0.4115935517475009
dirty,lowLevel.dissonance.stdev,0.41044446727028117
dirty,lowLevel.barkbands.stdev.22,0.4056677740154555
dirty,lowLevel.scvalleys.mean.1,0.3950638820169843
dirty,lowLevel.mfcc.stdev.3,0.3889678172999993
dirty,lowLevel.barkbands.stdev.1,0.3797785803253646
dirty,sfx.tristimulus.mean.1,0.37926256595528685
dirty,lowLevel.sccoeffs.stdev.0,0.36925683856679825
dirty,lowLevel.barkbands.mean.20,0.3690921907691518
dirty,sfx.tristimulus.mean.0,0.34291692166152643
dirty,lowLevel.barkbands.mean.21,0.3263690481398953
dirty,lowLevel.spectral_energyband_low.stdev,0.32143667787022423
dirty,lowLevel.dissonance.mean,0.31912105821538717
dirty,lowLevel.mfcc.mean.1,0.2803378829994472
dirty,lowLevel.barkbands.stdev.2,0.27980014015338384
dirty,lowLevel.scvalleys.mean.2,0.27405037509743124
dirty,sfx.inharmonicity.mean,0.27092262003861833
dirty,lowLevel.barkbands.stdev.0,0.27054313430562615
dirty,lowLevel.barkbands.stdev.19,0.27026580277015455
dirty,lowLevel.barkbands.mean.22,0.2540844910326996
dirty,lowLevel.spectral_crest.mean,0.2427849541127216
dirty,lowLevel.spectral_rolloff.stdev,0.2295412408275297
dirty,lowLevel.spectral_energyband_low.mean,0.2206020583616919
dirty,lowLevel.barkbands_spread.mean,0.1912393202073872
dirty,lowLevel.barkbands_kurtosis.mean,0.1129352982970886
dirty,lowLevel.silence_rate_30dB.stdev,0.001580699987243861
dirty,lowLevel.silence_rate_30dB.mean,0.0010666930756997317
dirty,lowLevel.silence_rate_20dB.stdev,0.0
dirty,lowLevel.silence_rate_20dB.mean,0.0
discouraging,lowLevel.spectral_energy.mean,26.927990094791312
discouraging,lowLevel.spectral_complexity.mean,23.723958533097175
discouraging,lowLevel.silence_rate_60dB.mean,10.619286585701047
discouraging,lowLevel.spectral_rms.stdev,5.221958517082385
discouraging,lowLevel.spectral_complexity.stdev,4.119628350203129
discouraging,lowLevel.barkbands.mean.5,3.925444270407752
discouraging,lowLevel.mfcc.stdev.9,3.0652240994822932
discouraging,lowLevel.mfcc.stdev.8,2.6597699411431677
discouraging,lowLevel.hfc.mean,2.380845081021107
discouraging,lowLevel.mfcc.stdev.10,2.312292512258864
discouraging,lowLevel.spectral_energyband_middle_low.mean,2.0693609481095336
discouraging,lowLevel.spectral_energyband_middle_low.stdev,1.482319424780144
discouraging,lowLevel.mfcc.stdev.11,1.4329353221201018
discouraging,lowLevel.spectral_energyband_middle_high.mean,1.3764768035616726
discouraging,lowLevel.scvalleys.stdev.3,1.28448636392568
discouraging,lowLevel.mfcc.stdev.12,1.1682365072338143
discouraging,lowLevel.spectral_kurtosis.mean,1.0979753004357917
discouraging,lowLevel.spectral_skewness.mean,1.058273692491639
discouraging,lowLevel.pitch_instantaneous_confidence.stdev,1.0140712062893726
discouraging,lowLevel.spectral_energyband_high.stdev,1.0129651636816561
discouraging,lowLevel.scvalleys.mean.4,0.8893078666806105
discouraging,lowLevel.barkbands.stdev.26,0.8246800876877387
discouraging,lowLevel.barkbands.mean.26,0.8112825752214121
discouraging,lowLevel.scvalleys.stdev.4,0.7515973124900484
discouraging,lowLevel.mfcc.stdev.0,0.7463543211270007
discouraging,lowLevel.spectral_energy.stdev,0.6872183221348678
discouraging,lowLevel.mfcc.mean.8,0.6666691050722875
discouraging,lowLevel.sccoeffs.mean.3,0.6512763367645675
discouraging,lowLevel.hfc.stdev,0.5990233880947926
discouraging,lowLevel.barkbands.stdev.4,0.5697795104933903
discouraging,lowLevel.scvalleys.stdev.1,0.5416543746978277
discouraging,lowLevel.scvalleys.mean.5,0.5383929425188398
discouraging,lowLevel.spectral_energyband_middle_high.stdev,0.5114435621799203
discouraging,lowLevel.spectral_rms.mean,0.47235752290362143
discouraging,lowLevel.mfcc.stdev.7,0.4668750377895776
discouraging,sfx.tristimulus.stdev.1,0.46346282280865125
discouraging,lowLevel.barkbands.stdev.16,0.4453680874685233
discouraging,lowLevel.sccoeffs.mean.2,0.4271835780891706
discouraging,lowLevel.sccoeffs.mean.4,0.42684727246523835
discouraging,lowLevel.mfcc.mean.0,0.42517693740228424
discouraging,lowLevel.sccoeffs.mean.5,0.4164810567690438
discouraging,lowLevel.barkbands.stdev.12,0.38039869843123597
discouraging,lowLevel.barkbands.mean.25,0.37440261812662357
discouraging,lowLevel.spectral_spread.mean,0.362778861199331
discouraging,lowLevel.barkbands.mean.4,0.3585531535318296
discouraging,lowLevel.sccoeffs.stdev.5,0.34623197385371896
discouraging,lowLevel.barkbands_spread.stdev,0.3418946959791356
discouraging,lowLevel.barkbands.mean.17,0.31939144256466534
discouraging,lowLevel.barkbands.mean.19,0.31226066270755837
discouraging,lowLevel.scvalleys.stdev.2,0.28191387110200594
discouraging,lowLevel.sccoeffs.stdev.2,0.2806918226106063
discouraging,lowLevel.barkbands.mean.15,0.2728062219975982
discouraging,lowLevel.barkbands.stdev.15,0.2582081733562518
discouraging,lowLevel.spectral_strongpeak.mean,0.2521090570735396
discouraging,lowLevel.spectral_energyband_high.mean,0.22652164213650394
discouraging,lowLevel.mfcc.mean.6,0.22572585476154927
discouraging,lowLevel.spectral_strongpeak.stdev,0.22112592275516363
discouraging,lowLevel.sccoeffs.mean.1,0.22083786274743034
discouraging,lowLevel.mfcc.stdev.5,0.21896950016889605
discouraging,lowLevel.mfcc.stdev.6,0.2187850766131305
discouraging,lowLevel.spectral_kurtosis.stdev,0.21690279865651974
discouraging,lowLevel.spectral_flatness_db.stdev,0.2095784070697846
discouraging,lowLevel.barkbands.stdev.10,0.20133461905788863
discouraging,lowLevel.spectral_skewness.stdev,0.19570904842112213
discouraging,lowLevel.mfcc.mean.1,0.18506268340934184
discouraging,lowLevel.spectral_rolloff.stdev,0.1781948171192198
discouraging,lowLevel.mfcc.stdev.2,0.17759378147820826
discouraging,lowLevel.barkbands.stdev.20,0.17659529410593677
discouraging,lowLevel.mfcc.mean.3,0.1706967181598884
discouraging,lowLevel.scvalleys.stdev.0,0.16385888556033024
discouraging,lowLevel.barkbands.stdev.18,0.1629965429820004
discouraging,lowLevel.sccoeffs.stdev.4,0.1418482984227012
discouraging,lowLevel.spectral_decrease.stdev,0.1415733681860729
discouraging,lowLevel.barkbands_skewness.mean,0.1390195357889752
discouraging,sfx.oddtoevenharmonicenergyratio.stdev,0.13869638054893585
discouraging,lowLevel.mfcc.stdev.1,0.13476671892567538
discouraging,lowLevel.spectral_decrease.mean,0.13243364162917715
discouraging,lowLevel.mfcc.stdev.4,0.12875435153910075
discouraging,lowLevel.barkbands.mean.18,0.12665139742966858
discouraging,lowLevel.scvalleys.mean.1,0.12548952811630443
discouraging,lowLevel.pitch_salience.stdev,0.12160188916823245
discouraging,lowLevel.barkbands.mean.2,0.11970380376442336
discouraging,lowLevel.scvalleys.stdev.5,0.11289512053190265
discouraging,lowLevel.barkbands.mean.8,0.1110083788225893
discouraging,lowLevel.barkbands.stdev.3,0.10822100732184481
discouraging,lowLevel.barkbands.mean.20,0.1063509176055959
discouraging,lowLevel.barkbands.mean.12,0.10396918867263594
discouraging,lowLevel.sccoeffs.stdev.3,0.10249478290279512
discouraging,lowLevel.pitch.stdev,0.09992940632946556
discouraging,lowLevel.sccoeffs.stdev.1,0.09868062748864759
discouraging,lowLevel.barkbands.mean.21,0.09722574561237707
discouraging,lowLevel.barkbands.stdev.17,0.09660142551729223
discouraging,sfx.oddtoevenharmonicenergyratio.mean,0.09563616136620112
discouraging,lowLevel.mfcc.mean.5,0.08939907762396615
discouraging,lowLevel.scvalleys.mean.2,0.08900389020345756
discouraging,lowLevel.spectral_flux.stdev,0.08698879966323148
discouraging,lowLevel.barkbands.stdev.8,0.08623146668469417
discouraging,lowLevel.mfcc.mean.12,0.08513071507331915
discouraging,lowLevel.mfcc.mean.9,0.0844827327382518
discouraging,lowLevel.barkbands.mean.13,0.08173307354445569
discouraging,lowLevel.barkbands.stdev.0,0.08115496911523223
discouraging,lowLevel.dissonance.mean,0.08111826902313624
discouraging,lowLevel.barkbands.stdev.19,0.07875626489476417
discouraging,lowLevel.barkbands_spread.mean,0.07434264224139042
discouraging,lowLevel.pitch_salience.mean,0.07427499676123261
discouraging,lowLevel.pitch.mean,0.07335673567285994
discouraging,lowLevel.mfcc.mean.2,0.07006764720426872
discouraging,lowLevel.barkbands.mean.6,0.06969453663623426
discouraging,lowLevel.mfcc.stdev.3,0.06934489740160643
discouraging,lowLevel.barkbands.mean.22,0.06889789941487834
discouraging,lowLevel.zerocrossingrate.stdev,0.06791369327402208
discouraging,lowLevel.mfcc.mean.10,0.06715493875435641
discouraging,sfx.tristimulus.mean.1,0.06657439724403957
discouraging,lowLevel.mfcc.mean.7,0.06481291889213026
discouraging,sfx.inharmonicity.stdev,0.06265549183808616
discouraging,lowLevel.scvalleys.mean.3,0.06154676127334824
discouraging,lowLevel.barkbands.stdev.21,0.05823415517807007
discouraging,lowLevel.mfcc.mean.11,0.05346148072203505
discouraging,sfx.tristimulus.mean.0,0.0533511707726575
discouraging,lowLevel.barkbands.mean.0,0.053226458716380876
discouraging,sfx.tristimulus.stdev.2,0.052360833673446905
discouraging,lowLevel.barkbands.mean.7,0.05218525824966491
discouraging,lowLevel.barkbands.mean.1,0.050929766321132774
discouraging,lowLevel.spectral_energyband_low.stdev,0.04832695811637677
discouraging,lowLevel.spectral_rolloff.mean,0.04771695733506931
discouraging,lowLevel.pitch_instantaneous_confidence.mean,0.04720222313699196
discouraging,sfx.inharmonicity.mean,0.04714606456764159
discouraging,lowLevel.spectral_flux.mean,0.04612894593810779
discouraging,lowLevel.spectral_spread.stdev,0.045406548233586363
discouraging,lowLevel.barkbands_skewness.stdev,0.04432274027567473
discouraging,lowLevel.scvalleys.mean.0,0.044103914970037295
discouraging,lowLevel.spectral_centroid.stdev,0.04369661704549799
discouraging,lowLevel.barkbands.mean.3,0.04359224241852644
discouraging,lowLevel.barkbands.stdev.22,0.04327973666659091
discouraging,lowLevel.silence_rate_60dB.stdev,0.04196540039265528
discouraging,lowLevel.barkbands.stdev.1,0.041423792030400364
discouraging,lowLevel.barkbands.stdev.5,0.041317815439469996
discouraging,lowLevel.barkbands.mean.9,0.04092014520574594
discouraging,lowLevel.barkbands.mean.23,0.03819528970052488
discouraging,lowLevel.barkbands.stdev.24,0.03736761256004684
discouraging,lowLevel.barkbands.stdev.6,0.03653412007770385
discouraging,lowLevel.barkbands.stdev.7,0.0363879029682721
discouraging,lowLevel.spectral_flatness_db.mean,0.036334578649984905
discouraging,lowLevel.zerocrossingrate.mean,0.03451083492109319
discouraging,lowLevel.barkbands.stdev.9,0.03413525170617504
discouraging,lowLevel.barkbands_kurtosis.stdev,0.030380123396753334
discouraging,lowLevel.barkbands.stdev.14,0.02836794480936078
discouraging,lowLevel.mfcc.mean.4,0.025620829917897936
discouraging,lowLevel.barkbands.mean.14,0.025552776067343075
discouraging,lowLevel.barkbands.mean.10,0.025373665848746896
discouraging,lowLevel.spectral_crest.stdev,0.023048552589898463
discouraging,lowLevel.barkbands.stdev.13,0.0216316194346291
discouraging,sfx.tristimulus.mean.2,0.020942280087183462
discouraging,lowLevel.sccoeffs.mean.0,0.020149620497249998
discouraging,lowLevel.sccoeffs.stdev.0,0.01916688566780067
discouraging,lowLevel.barkbands.mean.24,0.018172399439208675
discouraging,lowLevel.barkbands.stdev.11,0.017539465759909945
discouraging,lowLevel.barkbands_kurtosis.mean,0.016446686855488224
discouraging,lowLevel.spectral_energyband_low.mean,0.016327988312696107
discouraging,lowLevel.barkbands.mean.11,0.01600640467950143
discouraging,lowLevel.barkbands.mean.16,0.015717736700025853
discouraging,sfx.tristimulus.stdev.0,0.015663231333746808
discouraging,lowLevel.dissonance.stdev,0.01480272226035595
discouraging,lowLevel.barkbands.stdev.23,0.014389650605153292
discouraging,lowLevel.spectral_crest.mean,0.011373341589205666
discouraging,lowLevel.barkbands.stdev.25,0.005468772724270821
discouraging,lowLevel.barkbands.stdev.2,0.003052833038964309
discouraging,lowLevel.spectral_centroid.mean,0.0026344867947045714
discouraging,lowLevel.silence_rate_30dB.stdev,0.0003091059916187078
discouraging,lowLevel.silence_rate_30dB.mean,0.00018072599777951837
discouraging,lowLevel.silence_rate_20dB.stdev,0.0
discouraging,lowLevel.silence_rate_20dB.mean,0.0
distorted,lowLevel.hfc.mean,866.344185389652
distorted,lowLevel.spectral_energy.mean,335.22730718786124
distorted,lowLevel.silence_rate_60dB.mean,142.72217549154857
distorted,lowLevel.spectral_complexity.stdev,98.13663701993619
distorted,lowLevel.spectral_energy.stdev,73.52521150321263
distorted,lowLevel.spectral_complexity.mean,48.60455360215565
distorted,lowLevel.hfc.stdev,37.4438201324956
distorted,lowLevel.spectral_decrease.stdev,24.271643864223734
distorted,lowLevel.barkbands.stdev.12,23.31367549485003
distorted,lowLevel.spectral_energyband_middle_low.stdev,20.520771981493453
distorted,lowLevel.spectral_energyband_middle_low.mean,17.679813935479615
distorted,lowLevel.spectral_energyband_middle_high.mean,17.56228809971799
distorted,lowLevel.barkbands.stdev.26,17.256917502763827
distorted,lowLevel.spectral_rms.mean,9.88983339874585
distorted,lowLevel.barkbands.mean.25,8.842283867823426
distorted,lowLevel.barkbands.mean.26,8.78296494049573
distorted,lowLevel.barkbands.stdev.5,7.91581108120954
distorted,lowLevel.mfcc.stdev.8,7.478260122181382
distorted,lowLevel.mfcc.stdev.11,6.761521859214554
distorted,lowLevel.mfcc.stdev.10,6.241751246998319
distorted,lowLevel.mfcc.stdev.9,6.126152641169028
distorted,lowLevel.pitch_instantaneous_confidence.stdev,5.722306268615284
distorted,lowLevel.spectral_rms.stdev,5.61315874512195
distorted,lowLevel.mfcc.stdev.0,4.781683012171015
distorted,lowLevel.barkbands.mean.13,4.686091192346794
distorted,lowLevel.spectral_strongpeak.stdev,4.42250564353526
distorted,lowLevel.barkbands.mean.5,3.943241053435486
distorted,lowLevel.mfcc.mean.0,3.876097837749512
distorted,lowLevel.barkbands.stdev.11,3.7760339034721255
distorted,lowLevel.barkbands.stdev.25,3.637610847130418
distorted,lowLevel.barkbands.stdev.6,3.511218107305467
distorted,lowLevel.scvalleys.stdev.2,2.997096066595077
distorted,lowLevel.barkbands.stdev.8,2.658381860528607
distorted,lowLevel.barkbands.mean.6,2.6034648282620765
distorted,lowLevel.spectral_strongpeak.mean,2.5257589397369884
distorted,lowLevel.barkbands.mean.11,2.4932564164118958
distorted,lowLevel.scvalleys.stdev.3,2.401084705852554
distorted,lowLevel.spectral_energyband_high.mean,2.377560056600487
distorted,lowLevel.barkbands.mean.12,2.186590932225954
distorted,lowLevel.spectral_spread.mean,2.1746870538549956
distorted,lowLevel.mfcc.stdev.12,2.1588203406427056
distorted,lowLevel.barkbands.mean.15,1.8697083551633114
distorted,lowLevel.spectral_energyband_high.stdev,1.791989661360276
distorted,lowLevel.mfcc.stdev.7,1.7512268641439732
distorted,lowLevel.spectral_kurtosis.mean,1.7132596729061333
distorted,lowLevel.barkbands.mean.16,1.5878718635340192
distorted,lowLevel.scvalleys.mean.1,1.5492224836780224
distorted,lowLevel.sccoeffs.stdev.2,1.5088123141395045
distorted,sfx.tristimulus.stdev.1,1.5017457753274357
distorted,lowLevel.spectral_energyband_middle_high.stdev,1.4834212355781347
distorted,lowLevel.scvalleys.mean.5,1.4786121679826465
distorted,lowLevel.barkbands.mean.7,1.4575796540593728
distorted,lowLevel.mfcc.mean.8,1.4313820402458077
distorted,lowLevel.barkbands.mean.8,1.4192033528524917
distorted,lowLevel.sccoeffs.mean.4,1.3112877001112793
distorted,lowLevel.barkbands.mean.9,1.2848177664563991
distorted,lowLevel.barkbands.stdev.7,1.16992397037302
distorted,lowLevel.sccoeffs.mean.2,1.1496071702922563
distorted,lowLevel.barkbands.mean.18,1.1432062642124947
distorted,lowLevel.barkbands.mean.10,1.0124595554370899
distorted,lowLevel.spectral_crest.stdev,0.9905361016863026
distorted,lowLevel.spectral_rolloff.mean,0.9811622677370906
distorted,lowLevel.barkbands_kurtosis.stdev,0.9201781116134953
distorted,lowLevel.barkbands.stdev.17,0.9119498473883141
distorted,lowLevel.barkbands.stdev.10,0.9111157997249393
distorted,lowLevel.spectral_skewness.mean,0.8196220479294425
distorted,lowLevel.barkbands.mean.17,0.8174633746384643
distorted,lowLevel.scvalleys.mean.4,0.8071247976549785
distorted,lowLevel.mfcc.mean.12,0.7925012573832646
distorted,lowLevel.barkbands.stdev.21,0.7717480972060002
distorted,lowLevel.mfcc.stdev.2,0.7234484896398499
distorted,lowLevel.spectral_kurtosis.stdev,0.6781817503797356
distorted,sfx.oddtoevenharmonicenergyratio.mean,0.6764649986725999
distorted,lowLevel.barkbands_skewness.stdev,0.6656102097476833
distorted,sfx.tristimulus.stdev.0,0.6403268335907342
distorted,lowLevel.barkbands.stdev.3,0.6304411074379459
distorted,lowLevel.scvalleys.stdev.1,0.6172453265990043
distorted,lowLevel.barkbands.stdev.9,0.6086739408492576
distorted,lowLevel.pitch_salience.stdev,0.5592918526381254
distorted,lowLevel.barkbands.mean.19,0.5524984847615997
distorted,lowLevel.scvalleys.stdev.4,0.5303583028289722
distorted,lowLevel.mfcc.stdev.4,0.5286609824979678
distorted,lowLevel.barkbands.stdev.13,0.5048207991640083
distorted,lowLevel.scvalleys.mean.2,0.4852404364501126
distorted,lowLevel.barkbands.stdev.14,0.4654406544577796
distorted,lowLevel.barkbands.mean.4,0.464587576163467
distorted,lowLevel.scvalleys.mean.3,0.4103541625154321
distorted,lowLevel.barkbands.stdev.4,0.40909654663119
distorted,lowLevel.barkbands.mean.22,0.4059916586847976
distorted,lowLevel.pitch.mean,0.39891829807311296
distorted,lowLevel.sccoeffs.mean.5,0.3927267582039349
distorted,lowLevel.mfcc.mean.10,0.37927194697840605
distorted,lowLevel.mfcc.stdev.5,0.37906846569967456
distorted,lowLevel.barkbands.stdev.20,0.3771852237696294
distorted,lowLevel.scvalleys.stdev.5,0.3554074104608844
distorted,lowLevel.barkbands.mean.24,0.34932324265901116
distorted,lowLevel.mfcc.mean.5,0.3436160378041677
distorted,lowLevel.spectral_flatness_db.stdev,0.3198130946839228
distorted,lowLevel.barkbands.stdev.18,0.3177176675526425
distorted,lowLevel.mfcc.mean.11,0.31054990896154777
distorted,lowLevel.scvalleys.stdev.0,0.304642007642542
distorted,lowLevel.mfcc.stdev.1,0.2858627113746479
distorted,lowLevel.sccoeffs.stdev.3,0.2856428553460262
distorted,lowLevel.barkbands.mean.2,0.28010152200022276
distorted,lowLevel.barkbands.stdev.15,0.25846178372739814
distorted,lowLevel.barkbands.mean.3,0.24850839917780831
distorted,lowLevel.mfcc.mean.3,0.2451022738532629
distorted,lowLevel.pitch.stdev,0.24382580851670355
distorted,lowLevel.sccoeffs.mean.3,0.2428042300962261
distorted,sfx.oddtoevenharmonicenergyratio.stdev,0.23883675670731463
distorted,lowLevel.barkbands.stdev.24,0.22579250199487433
distorted,lowLevel.mfcc.mean.2,0.20643877283691836
distorted,lowLevel.barkbands.mean.23,0.1989373676260584
distorted,lowLevel.spectral_decrease.mean,0.18792794851469807
distorted,lowLevel.sccoeffs.stdev.4,0.18108579714316875
distorted,lowLevel.barkbands.mean.1,0.1624232942413073
distorted,lowLevel.mfcc.mean.7,0.15788314696419548
distorted,lowLevel.pitch_salience.mean,0.15446260792214161
distorted,lowLevel.mfcc.stdev.6,0.1477278926904546
distorted,sfx.tristimulus.stdev.2,0.14695071597816423
distorted,lowLevel.scvalleys.mean.0,0.14284966528066434
distorted,lowLevel.barkbands.stdev.23,0.14240696765773464
distorted,lowLevel.spectral_centroid.mean,0.1394222112139687
distorted,lowLevel.spectral_centroid.stdev,0.13881512961233966
distorted,lowLevel.zerocrossingrate.stdev,0.13833554927259684
distorted,lowLevel.sccoeffs.stdev.1,0.13719321702956222
distorted,lowLevel.barkbands_kurtosis.mean,0.13603576173795773
distorted,lowLevel.barkbands.stdev.0,0.13561753001704346
distorted,lowLevel.barkbands.mean.0,0.1329247531010651
distorted,lowLevel.silence_rate_60dB.stdev,0.13284710323205218
distorted,lowLevel.barkbands.stdev.16,0.12939473666483536
distorted,lowLevel.spectral_skewness.stdev,0.12823994722566567
distorted,lowLevel.mfcc.mean.4,0.12675108255643863
distorted,lowLevel.sccoeffs.mean.0,0.1254973485483788
distorted,lowLevel.dissonance.mean,0.11741785984486341
distorted,lowLevel.spectral_flux.mean,0.11333298374665901
distorted,lowLevel.spectral_spread.stdev,0.11169081402476877
distorted,lowLevel.barkbands.mean.14,0.1107942938378983
distorted,lowLevel.barkbands_spread.stdev,0.10207999625708908
distorted,lowLevel.barkbands.stdev.22,0.09889601112809032
distorted,lowLevel.spectral_energyband_low.mean,0.09430382198297593
distorted,lowLevel.mfcc.mean.9,0.09198141284286976
distorted,lowLevel.sccoeffs.stdev.5,0.08279254750232212
distorted,lowLevel.barkbands_skewness.mean,0.07842103524308186
distorted,lowLevel.mfcc.stdev.3,0.06995032680788427
distorted,sfx.tristimulus.mean.1,0.068977932605776
distorted,lowLevel.sccoeffs.mean.1,0.0664147321949713
distorted,lowLevel.mfcc.mean.6,0.06589311589073077
distorted,lowLevel.spectral_energyband_low.stdev,0.06310865825798828
distorted,lowLevel.barkbands.mean.21,0.06048417767283354
distorted,lowLevel.barkbands.mean.20,0.059999879740644246
distorted,lowLevel.barkbands.stdev.2,0.05690465870429762
distorted,lowLevel.barkbands.stdev.19,0.05427180271362886
distorted,lowLevel.spectral_crest.mean,0.04653079900890589
distorted,lowLevel.spectral_rolloff.stdev,0.04475922498386353
distorted,lowLevel.mfcc.mean.1,0.043299236334860325
distorted,lowLevel.spectral_flux.stdev,0.039772722091584
distorted,lowLevel.dissonance.stdev,0.03324462322052568
distorted,sfx.inharmonicity.stdev,0.03259924007579684
distorted,lowLevel.barkbands_spread.mean,0.030161802776092372
distorted,sfx.inharmonicity.mean,0.029956590151414275
distorted,lowLevel.zerocrossingrate.mean,0.021035946090705693
distorted,lowLevel.barkbands.stdev.1,0.02089276177503052
distorted,lowLevel.silence_rate_30dB.mean,0.012344286980805919
distorted,lowLevel.pitch_instantaneous_confidence.mean,0.009547021938487887
distorted,lowLevel.silence_rate_20dB.stdev,0.0034830180229619145
distorted,sfx.tristimulus.mean.2,0.0018198509642388672
distorted,lowLevel.sccoeffs.stdev.0,0.0
distorted,sfx.tristimulus.mean.0,0.0
distorted,lowLevel.spectral_flatness_db.mean,0.0
distorted,lowLevel.silence_rate_30dB.stdev,0.0
distorted,lowLevel.silence_rate_20dB.mean,0.0
distressing,lowLevel.hfc.mean,334.16407319484256
distressing,lowLevel.spectral_energy.mean,124.53688422462074
distressing,lowLevel.silence_rate_60dB.mean,104.2627835505109
distressing,lowLevel.spectral_complexity.stdev,58.1288237762883
distressing,lowLevel.spectral_complexity.mean,54.03262322253724
distressing,lowLevel.spectral_energyband_middle_high.mean,29.727534953015265
distressing,lowLevel.hfc.stdev,23.541641022384578
distressing,lowLevel.barkbands.mean.16,9.699235793472326
distressing,lowLevel.barkbands.stdev.12,6.653285550716646
distressing,lowLevel.spectral_energyband_middle_low.mean,6.517989214614772
distressing,lowLevel.spectral_energy.stdev,4.715463402568349
distressing,lowLevel.barkbands.mean.20,4.705537118577922
distressing,lowLevel.spectral_rms.stdev,4.474891531051981
distressing,lowLevel.spectral_flux.mean,3.6185499888324557
distressing,lowLevel.spectral_rms.mean,3.3423823908378836
distressing,lowLevel.barkbands.mean.14,3.281104674832477
distressing,lowLevel.mfcc.stdev.9,2.9660779931831485
distressing,lowLevel.barkbands.stdev.11,2.9596760748263478
distressing,lowLevel.spectral_energyband_high.mean,2.7552843541525363
distressing,lowLevel.spectral_decrease.mean,2.534443486165401
distressing,lowLevel.barkbands.mean.26,2.1240718564741883
distressing,lowLevel.barkbands.mean.25,1.9167518049016508
distressing,lowLevel.barkbands.mean.17,1.9127555953746196
distressing,lowLevel.barkbands.mean.9,1.8771274059581629
distressing,lowLevel.barkbands.mean.5,1.8445517244001053
distressing,lowLevel.spectral_strongpeak.stdev,1.8108603118853352
distressing,lowLevel.barkbands.stdev.6,1.7892273898627709
distressing,lowLevel.spectral_energyband_middle_low.stdev,1.788127255506879
distressing,lowLevel.barkbands.mean.24,1.746060160745401
distressing,lowLevel.spectral_strongpeak.mean,1.7342335330003849
distressing,lowLevel.mfcc.stdev.7,1.667017392302796
distressing,lowLevel.barkbands.mean.10,1.662888096923325
distressing,lowLevel.barkbands.mean.22,1.6361446990966897
distressing,lowLevel.barkbands.stdev.7,1.596823036456044
distressing,lowLevel.mfcc.stdev.10,1.4103375348337295
distressing,lowLevel.pitch_instantaneous_confidence.stdev,1.2562193984767873
distressing,lowLevel.mfcc.stdev.8,1.2531754083101987
distressing,lowLevel.barkbands.mean.12,1.2103289584920276
distressing,lowLevel.pitch.mean,0.9718855057334395
distressing,lowLevel.sccoeffs.mean.1,0.9440855015573106
distressing,lowLevel.barkbands.stdev.26,0.9043071356344399
distressing,lowLevel.spectral_skewness.mean,0.81144237132429
distressing,sfx.tristimulus.stdev.1,0.795915395365995
distressing,lowLevel.barkbands.mean.11,0.70597953926017
distressing,lowLevel.barkbands.mean.18,0.6919166093534841
distressing,lowLevel.spectral_rolloff.mean,0.6231636931361209
distressing,lowLevel.mfcc.mean.8,0.6012368206186238
distressing,lowLevel.scvalleys.stdev.3,0.5346823603799749
distressing,lowLevel.mfcc.stdev.12,0.511359878746589
distressing,lowLevel.mfcc.mean.0,0.4794067387301766
distressing,lowLevel.mfcc.stdev.0,0.4646943860112174
distressing,lowLevel.barkbands.mean.13,0.44935832207193016
distressing,lowLevel.spectral_kurtosis.stdev,0.4419467857666488
distressing,lowLevel.spectral_energyband_middle_high.stdev,0.441639496335938
distressing,lowLevel.barkbands.mean.8,0.42422670908672444
distressing,lowLevel.barkbands.mean.19,0.41773371505360046
distressing,lowLevel.spectral_spread.mean,0.4116916774518131
distressing,lowLevel.mfcc.stdev.11,0.398310444073914
distressing,lowLevel.spectral_kurtosis.mean,0.3944044999684593
distressing,lowLevel.spectral_flatness_db.stdev,0.3898771618758019
distressing,lowLevel.scvalleys.stdev.4,0.3756666621560498
distressing,lowLevel.sccoeffs.stdev.2,0.3440462707703098
distressing,lowLevel.barkbands.stdev.5,0.3061400924548252
distressing,lowLevel.spectral_skewness.stdev,0.30518641920409095
distressing,lowLevel.scvalleys.mean.1,0.30345857404972776
distressing,lowLevel.spectral_centroid.mean,0.30012692835680355
distressing,lowLevel.barkbands.mean.7,0.2950818216643256
distressing,lowLevel.barkbands.stdev.25,0.29125803162696684
distressing,lowLevel.mfcc.stdev.2,0.27643243726630295
distressing,lowLevel.mfcc.stdev.5,0.26839458882011513
distressing,lowLevel.scvalleys.stdev.2,0.26314537495531454
distressing,lowLevel.scvalleys.stdev.1,0.2467206515698308
distressing,lowLevel.barkbands.mean.6,0.23884132919556578
distressing,lowLevel.zerocrossingrate.mean,0.22761967379483394
distressing,lowLevel.mfcc.stdev.4,0.22605853518303576
distressing,lowLevel.sccoeffs.mean.2,0.2220313030717307
distressing,lowLevel.barkbands.stdev.8,0.21921936607898118
distressing,lowLevel.barkbands.mean.23,0.2164592785721915
distressing,lowLevel.scvalleys.stdev.0,0.21433171567014142
distressing,lowLevel.barkbands.stdev.18,0.2128946968496166
distressing,lowLevel.spectral_crest.stdev,0.21230541515615187
distressing,sfx.tristimulus.mean.2,0.20876756145889885
distressing,lowLevel.mfcc.mean.12,0.19658346277515193
distressing,sfx.tristimulus.stdev.0,0.19017408208992492
distressing,lowLevel.barkbands.mean.21,0.18959594817715697
distressing,lowLevel.barkbands.mean.3,0.18494984355220367
distressing,lowLevel.barkbands.mean.4,0.18162899347486333
distressing,lowLevel.barkbands.mean.15,0.1639162785904773
distressing,lowLevel.barkbands_skewness.mean,0.16065001777133148
distressing,lowLevel.mfcc.stdev.3,0.15426762277365924
distressing,lowLevel.pitch.stdev,0.15020866955819656
distressing,lowLevel.barkbands.stdev.4,0.14625588155968217
distressing,sfx.tristimulus.stdev.2,0.1409090462052518
distressing,lowLevel.barkbands.stdev.24,0.13240892429894302
distressing,lowLevel.scvalleys.mean.5,0.12801361325546168
distressing,lowLevel.sccoeffs.mean.5,0.11886848858806687
distressing,lowLevel.barkbands.stdev.3,0.11742400301437783
distressing,lowLevel.pitch_salience.stdev,0.11235964570460055
distressing,lowLevel.barkbands_kurtosis.stdev,0.11131059503736651
distressing,sfx.oddtoevenharmonicenergyratio.mean,0.10804253108790363
distressing,lowLevel.mfcc.mean.6,0.10657144986453204
distressing,lowLevel.scvalleys.stdev.5,0.10534666631929213
distressing,lowLevel.barkbands.stdev.15,0.10403646763734287
distressing,lowLevel.mfcc.stdev.6,0.10361393839048105
distressing,lowLevel.barkbands.stdev.9,0.102180820134258
distressing,lowLevel.sccoeffs.stdev.3,0.09915049882783933
distressing,lowLevel.barkbands.stdev.1,0.0971411707232619
distressing,lowLevel.barkbands.mean.1,0.09709366323730251
distressing,lowLevel.mfcc.stdev.1,0.09662706961898948
distressing,lowLevel.sccoeffs.stdev.1,0.09487421431757853
distressing,lowLevel.barkbands.stdev.13,0.09283663866881398
distressing,lowLevel.mfcc.mean.7,0.09103896726628591
distressing,lowLevel.barkbands.mean.0,0.08939613460154305
distressing,lowLevel.sccoeffs.mean.3,0.0893222160964946
distressing,lowLevel.barkbands.stdev.2,0.08145628226520785
distressing,lowLevel.barkbands.stdev.10,0.08131472019977082
distressing,lowLevel.scvalleys.mean.3,0.07653819411507357
distressing,lowLevel.mfcc.mean.1,0.062240104722150136
distressing,sfx.oddtoevenharmonicenergyratio.stdev,0.061239292816026136
distressing,lowLevel.spectral_flatness_db.mean,0.06121881900162407
distressing,lowLevel.spectral_rolloff.stdev,0.06043295094286805
distressing,lowLevel.barkbands.stdev.17,0.05946735010229531
distressing,lowLevel.scvalleys.mean.4,0.05741349937042983
distressing,lowLevel.pitch_instantaneous_confidence.mean,0.05508311278185829
distressing,sfx.tristimulus.mean.1,0.054768071440925326
distressing,lowLevel.barkbands_kurtosis.mean,0.05381404005058954
distressing,lowLevel.mfcc.mean.10,0.0501600460807019
distressing,lowLevel.sccoeffs.mean.4,0.04944494182586823
distressing,lowLevel.mfcc.mean.2,0.04924995098008367
distressing,lowLevel.barkbands_spread.stdev,0.04766809822694995
distressing,lowLevel.sccoeffs.stdev.4,0.04565076288054115
distressing,lowLevel.spectral_centroid.stdev,0.04500743264691209
distressing,lowLevel.pitch_salience.mean,0.04482076442104699
distressing,lowLevel.mfcc.mean.11,0.04454815000076451
distressing,lowLevel.sccoeffs.stdev.5,0.043449258341297536
distressing,lowLevel.barkbands.stdev.16,0.0433587715132262
distressing,lowLevel.mfcc.mean.3,0.04323799751171009
distressing,lowLevel.scvalleys.mean.0,0.04277443741011666
distressing,lowLevel.barkbands.mean.2,0.04040610030654079
distressing,lowLevel.mfcc.mean.9,0.039543656299144914
distressing,lowLevel.spectral_flux.stdev,0.038307245300643444
distressing,lowLevel.spectral_spread.stdev,0.03769352568373385
distressing,lowLevel.barkbands.stdev.23,0.03733897629444982
distressing,sfx.inharmonicity.mean,0.037023995946583454
distressing,lowLevel.barkbands.stdev.20,0.036227183255505224
distressing,lowLevel.barkbands_skewness.stdev,0.03616132974639186
distressing,sfx.inharmonicity.stdev,0.03465665487024694
distressing,lowLevel.spectral_crest.mean,0.03328930251109341
distressing,lowLevel.zerocrossingrate.stdev,0.033065108225741824
distressing,lowLevel.mfcc.mean.5,0.032123985415039115
distressing,lowLevel.spectral_decrease.stdev,0.031551408472296316
distressing,lowLevel.dissonance.mean,0.0314408429308628
distressing,lowLevel.barkbands.stdev.14,0.03024465289490763
distressing,lowLevel.barkbands.stdev.21,0.028650195639784215
distressing,lowLevel.sccoeffs.mean.0,0.028560813941567176
distressing,lowLevel.barkbands_spread.mean,0.027224950626759892
distressing,lowLevel.scvalleys.mean.2,0.02721355900199285
distressing,lowLevel.mfcc.mean.4,0.027205511853292563
distressing,sfx.tristimulus.mean.0,0.02315258696958722
distressing,lowLevel.spectral_energyband_low.mean,0.019686592661855684
distressing,lowLevel.barkbands.stdev.0,0.01946884804738147
distressing,lowLevel.silence_rate_60dB.stdev,0.01837943899477068
distressing,lowLevel.dissonance.stdev,0.017803234776920362
distressing,lowLevel.spectral_energyband_high.stdev,0.017727451161177576
distressing,lowLevel.barkbands.stdev.22,0.017543663074320648
distressing,lowLevel.sccoeffs.stdev.0,0.017087661499090245
distressing,lowLevel.spectral_energyband_low.stdev,0.015005550148543989
distressing,lowLevel.silence_rate_30dB.stdev,0.014526033934089355
distressing,lowLevel.barkbands.stdev.19,0.009395466905971261
distressing,lowLevel.silence_rate_30dB.mean,0.00011346200335538015
distressing,lowLevel.silence_rate_20dB.mean,0.0
distressing,lowLevel.silence_rate_20dB.stdev,0.0
dry,lowLevel.hfc.mean,445.78316635533747
dry,lowLevel.spectral_energyband_middle_high.mean,53.54752978918623
dry,lowLevel.hfc.stdev,30.795819560676136
dry,lowLevel.spectral_complexity.stdev,26.055733644549036
dry,lowLevel.spectral_complexity.mean,12.353198309775507
dry,lowLevel.spectral_energy.mean,11.963040772523982
dry,lowLevel.spectral_energyband_high.mean,9.88041905722821
dry,lowLevel.spectral_energyband_middle_high.stdev,6.20143145257498
dry,lowLevel.spectral_strongpeak.mean,5.849516181226932
dry,lowLevel.barkbands.mean.11,5.527446087391581
dry,lowLevel.barkbands.stdev.7,5.0020011044562125
dry,lowLevel.barkbands.mean.17,4.019485952835566
dry,lowLevel.barkbands.stdev.11,3.924578264402953
dry,lowLevel.barkbands.stdev.8,3.792526708884907
dry,lowLevel.barkbands.mean.6,3.7248375096810378
dry,lowLevel.barkbands.stdev.6,3.4432637462759885
dry,lowLevel.barkbands.stdev.9,2.427809613428508
dry,lowLevel.barkbands.mean.18,2.3527532970783795
dry,lowLevel.mfcc.mean.0,2.1462212191072467
dry,lowLevel.sccoeffs.mean.5,2.0100296734690346
dry,lowLevel.barkbands.mean.5,1.97186826755933
dry,lowLevel.barkbands.mean.9,1.937033872705797
dry,lowLevel.mfcc.stdev.8,1.6426578163200247
dry,lowLevel.zerocrossingrate.stdev,1.5439704791260738
dry,lowLevel.spectral_energyband_middle_low.stdev,1.5250910859722353
dry,lowLevel.mfcc.stdev.9,1.507412891533022
dry,lowLevel.scvalleys.mean.2,1.4777621260436717
dry,lowLevel.barkbands.stdev.13,1.4139280467943536
dry,lowLevel.barkbands.mean.16,1.3816916156083607
dry,sfx.tristimulus.stdev.0,1.3543040417907832
dry,lowLevel.spectral_energyband_middle_low.mean,1.272469519659353
dry,lowLevel.barkbands.mean.8,1.2689340664574047
dry,lowLevel.pitch_instantaneous_confidence.stdev,1.2672777113511984
dry,lowLevel.barkbands.mean.10,1.2513666114045918
dry,lowLevel.spectral_rms.stdev,1.20422920171859
dry,lowLevel.barkbands.mean.14,1.2026471046574443
dry,lowLevel.spectral_strongpeak.stdev,1.2010018464588939
dry,lowLevel.barkbands.mean.7,1.1797952110300685
dry,sfx.tristimulus.mean.2,1.1377474085174981
dry,lowLevel.scvalleys.mean.5,1.1280877278586559
dry,lowLevel.sccoeffs.mean.4,1.1278611739126063
dry,lowLevel.spectral_centroid.mean,1.1174545535832294
dry,lowLevel.mfcc.stdev.11,1.1011376983433365
dry,lowLevel.barkbands.stdev.12,1.095052141476117
dry,lowLevel.scvalleys.mean.4,1.0111588948184362
dry,lowLevel.barkbands.mean.26,0.9911602728491289
dry,lowLevel.zerocrossingrate.mean,0.9888304896621776
dry,lowLevel.mfcc.stdev.10,0.9701183067481907
dry,lowLevel.spectral_spread.mean,0.9697353556557573
dry,lowLevel.barkbands.mean.25,0.92395285845123
dry,lowLevel.barkbands.stdev.17,0.9109388768720237
dry,lowLevel.spectral_rms.mean,0.890203812648906
dry,lowLevel.spectral_rolloff.stdev,0.8457559134449184
dry,lowLevel.sccoeffs.mean.3,0.8379370431302959
dry,lowLevel.barkbands.mean.19,0.8257431389392877
dry,lowLevel.sccoeffs.mean.1,0.8047047026088876
dry,lowLevel.barkbands.stdev.10,0.7876662009562097
dry,lowLevel.barkbands.mean.12,0.7581846812317963
dry,lowLevel.barkbands.mean.15,0.7559044243880635
dry,sfx.tristimulus.stdev.1,0.7502671147890965
dry,lowLevel.spectral_energy.stdev,0.7488204482897345
dry,lowLevel.barkbands.stdev.4,0.7325021202550488
dry,lowLevel.barkbands.mean.13,0.7137556112893435
dry,sfx.tristimulus.stdev.2,0.7109115516559541
dry,lowLevel.spectral_decrease.mean,0.7094539425770563
dry,lowLevel.mfcc.stdev.6,0.6770622434305551
dry,lowLevel.barkbands.mean.20,0.6480660369097677
dry,lowLevel.barkbands.mean.1,0.6172167008589895
dry,lowLevel.pitch_instantaneous_confidence.mean,0.6162515833175348
dry,lowLevel.spectral_crest.stdev,0.6155911577498046
dry,lowLevel.mfcc.stdev.7,0.6137513721905634
dry,lowLevel.sccoeffs.stdev.2,0.5886606073090661
dry,lowLevel.mfcc.stdev.2,0.5846831916296651
dry,sfx.tristimulus.mean.1,0.5675032867275149
dry,lowLevel.sccoeffs.mean.2,0.5629117102971577
dry,sfx.oddtoevenharmonicenergyratio.mean,0.539501564820057
dry,lowLevel.pitch.mean,0.5303543634481684
dry,lowLevel.sccoeffs.stdev.1,0.5207004302455971
dry,lowLevel.silence_rate_60dB.mean,0.5195738256516051
dry,lowLevel.mfcc.stdev.12,0.49184631062234985
dry,lowLevel.mfcc.stdev.0,0.47635135782820726
dry,lowLevel.sccoeffs.stdev.3,0.46165319996543985
dry,lowLevel.mfcc.stdev.4,0.45831951058880804
dry,lowLevel.pitch_salience.stdev,0.4514842772332486
dry,lowLevel.barkbands.mean.4,0.4511997111803794
dry,lowLevel.mfcc.mean.5,0.45053104467160665
dry,lowLevel.spectral_flux.stdev,0.44987522996734697
dry,lowLevel.spectral_skewness.stdev,0.43806934456870295
dry,sfx.oddtoevenharmonicenergyratio.stdev,0.43223380502513464
dry,lowLevel.sccoeffs.mean.0,0.4295632578814548
dry,lowLevel.scvalleys.stdev.1,0.42761719666305
dry,lowLevel.barkbands.stdev.26,0.4208959046027303
dry,lowLevel.barkbands_spread.stdev,0.41870366550756444
dry,lowLevel.barkbands.mean.23,0.4164758985489243
dry,lowLevel.mfcc.mean.11,0.4161520744655718
dry,lowLevel.spectral_centroid.stdev,0.39319076229367056
dry,lowLevel.silence_rate_60dB.stdev,0.3920525875655585
dry,lowLevel.mfcc.mean.3,0.38274816308512527
dry,lowLevel.spectral_decrease.stdev,0.36081397493035183
dry,lowLevel.barkbands.stdev.1,0.3579238922275181
dry,lowLevel.mfcc.mean.6,0.35577856205600256
dry,lowLevel.barkbands.mean.24,0.3554720588017517
dry,lowLevel.barkbands.stdev.16,0.35469692236438277
dry,lowLevel.barkbands_skewness.stdev,0.35401001572972746
dry,lowLevel.mfcc.stdev.5,0.3451907743992706
dry,lowLevel.barkbands.mean.21,0.34003368676167156
dry,lowLevel.spectral_kurtosis.stdev,0.33754061232281174
dry,lowLevel.barkbands.stdev.3,0.32813741440168087
dry,lowLevel.spectral_flatness_db.mean,0.3230181760754931
dry,lowLevel.barkbands.stdev.19,0.31767318870697636
dry,lowLevel.barkbands.stdev.14,0.31394615200770204
dry,lowLevel.dissonance.mean,0.31242925767583074
dry,lowLevel.dissonance.stdev,0.30897436557097535
dry,lowLevel.mfcc.stdev.1,0.29425533738231024
dry,lowLevel.scvalleys.stdev.2,0.2833696102597969
dry,sfx.inharmonicity.stdev,0.2819820893219003
dry,lowLevel.mfcc.mean.8,0.26599221416472574
dry,lowLevel.mfcc.stdev.3,0.26476374093226696
dry,lowLevel.pitch.stdev,0.2592552944797717
dry,lowLevel.spectral_flux.mean,0.24704133515660942
dry,lowLevel.barkbands.stdev.18,0.24148053143107973
dry,lowLevel.barkbands.stdev.5,0.239728869020837
dry,lowLevel.barkbands.stdev.25,0.23913476350389828
dry,lowLevel.scvalleys.stdev.3,0.23579231563689973
dry,lowLevel.barkbands.stdev.20,0.23040644805223565
dry,lowLevel.spectral_crest.mean,0.2276273776542439
dry,lowLevel.spectral_energyband_low.mean,0.22709004066382477
dry,lowLevel.mfcc.mean.7,0.22553455221896002
dry,lowLevel.barkbands.stdev.23,0.22397735856246914
dry,lowLevel.barkbands_kurtosis.stdev,0.21717707994321245
dry,lowLevel.spectral_spread.stdev,0.20552378144975592
dry,lowLevel.barkbands.mean.22,0.20271633351694618
dry,lowLevel.barkbands.mean.0,0.19793442013906315
dry,lowLevel.scvalleys.mean.0,0.19668752443249105
dry,lowLevel.mfcc.mean.10,0.19442486814477888
dry,lowLevel.spectral_skewness.mean,0.19306621971099958
dry,sfx.inharmonicity.mean,0.18936019177726848
dry,lowLevel.barkbands_skewness.mean,0.1879650828868762
dry,lowLevel.spectral_energyband_low.stdev,0.187446550509776
dry,lowLevel.mfcc.mean.1,0.18186992138907954
dry,lowLevel.mfcc.mean.12,0.1818221562571125
dry,lowLevel.mfcc.mean.4,0.17981525573713952
dry,lowLevel.barkbands.stdev.22,0.1768228266728329
dry,lowLevel.sccoeffs.stdev.0,0.17627247534892376
dry,lowLevel.scvalleys.stdev.5,0.1748556765110152
dry,lowLevel.scvalleys.mean.3,0.16470228558137023
dry,sfx.tristimulus.mean.0,0.16208031412406854
dry,lowLevel.barkbands_spread.mean,0.16165724285929173
dry,lowLevel.sccoeffs.stdev.4,0.16129630004434148
dry,lowLevel.spectral_flatness_db.stdev,0.14944353955525003
dry,lowLevel.barkbands_kurtosis.mean,0.14649769763673248
dry,lowLevel.barkbands.stdev.15,0.14249117853796633
dry,lowLevel.barkbands.stdev.0,0.14108459088311065
dry,lowLevel.scvalleys.mean.1,0.13994537221242354
dry,lowLevel.mfcc.mean.2,0.13196166392481246
dry,lowLevel.pitch_salience.mean,0.12185179777043231
dry,lowLevel.mfcc.mean.9,0.11867701224855409
dry,lowLevel.scvalleys.stdev.0,0.11267041337123374
dry,lowLevel.barkbands.mean.3,0.11056333796977924
dry,lowLevel.spectral_rolloff.mean,0.10951276347259409
dry,lowLevel.spectral_kurtosis.mean,0.10034877061480074
dry,lowLevel.scvalleys.stdev.4,0.0996194785238913
dry,lowLevel.barkbands.stdev.24,0.09883781089865806
dry,lowLevel.sccoeffs.stdev.5,0.0842741032010963
dry,lowLevel.spectral_energyband_high.stdev,0.08005457496255985
dry,lowLevel.barkbands.mean.2,0.06726651641019998
dry,lowLevel.barkbands.stdev.2,0.06140520700682828
dry,lowLevel.barkbands.stdev.21,0.058255834454030264
dry,lowLevel.silence_rate_30dB.stdev,0.0018198592561020632
dry,lowLevel.silence_rate_30dB.mean,0.00043908299994654953
dry,lowLevel.silence_rate_20dB.mean,3.0103299650363624e-05
dry,lowLevel.silence_rate_20dB.stdev,0.0
dull,lowLevel.barkbands.stdev.3,4.41620159309241
dull,lowLevel.barkbands.stdev.4,2.5041702098678797
dull,lowLevel.spectral_complexity.mean,2.346162879955955
dull,lowLevel.mfcc.stdev.10,1.8737228987392882
dull,lowLevel.silence_rate_60dB.mean,1.7926147088874131
dull,lowLevel.spectral_energyband_high.mean,1.5431635705172084
dull,lowLevel.pitch_instantaneous_confidence.stdev,1.524427829834167
dull,lowLevel.mfcc.stdev.8,1.4783491384005174
dull,lowLevel.barkbands.stdev.18,1.369444414274767
dull,lowLevel.scvalleys.stdev.3,1.2831088429666124
dull,lowLevel.sccoeffs.mean.5,1.1934477447357494
dull,lowLevel.scvalleys.mean.4,1.077083456912078
dull,lowLevel.barkbands.mean.4,1.0647964162926655
dull,lowLevel.mfcc.stdev.9,0.9857735403638799
dull,lowLevel.scvalleys.mean.5,0.9528904294129461
dull,lowLevel.mfcc.stdev.11,0.9220515805063769
dull,lowLevel.spectral_complexity.stdev,0.9041398126573768
dull,lowLevel.spectral_energyband_middle_high.stdev,0.8846352636173833
dull,lowLevel.hfc.mean,0.822387422551401
dull,lowLevel.scvalleys.stdev.2,0.7258058564038947
dull,lowLevel.zerocrossingrate.mean,0.716913859883789
dull,lowLevel.spectral_energy.stdev,0.709096553386189
dull,lowLevel.spectral_spread.mean,0.6943999874638394
dull,lowLevel.mfcc.mean.0,0.6440810670610517
dull,lowLevel.spectral_skewness.stdev,0.6250210402504308
dull,lowLevel.mfcc.stdev.12,0.5516291771709803
dull,lowLevel.spectral_energyband_middle_high.mean,0.4696876617381349
dull,lowLevel.mfcc.stdev.7,0.4500205984149943
dull,lowLevel.barkbands.stdev.26,0.420178004540503
dull,lowLevel.spectral_energy.mean,0.4052501237601973
dull,lowLevel.barkbands.stdev.15,0.37914070778060704
dull,lowLevel.sccoeffs.mean.4,0.36327602731762454
dull,lowLevel.spectral_kurtosis.mean,0.3592799583420856
dull,lowLevel.scvalleys.stdev.1,0.3522436326020397
dull,lowLevel.mfcc.stdev.2,0.33801770239369944
dull,lowLevel.mfcc.mean.8,0.3182169345964212
dull,lowLevel.barkbands.stdev.14,0.3081793000455946
dull,lowLevel.spectral_skewness.mean,0.30065247957827523
dull,lowLevel.spectral_rms.stdev,0.2575272286776453
dull,lowLevel.spectral_centroid.stdev,0.25706267717760056
dull,lowLevel.sccoeffs.stdev.2,0.25262435773038305
dull,lowLevel.scvalleys.stdev.0,0.24903247597103473
dull,lowLevel.sccoeffs.stdev.1,0.23288946159300394
dull,lowLevel.spectral_strongpeak.mean,0.2325791254406795
dull,lowLevel.hfc.stdev,0.20771036652149633
dull,lowLevel.spectral_rolloff.stdev,0.2034231208381243
dull,lowLevel.barkbands_spread.mean,0.2006279134657234
dull,lowLevel.mfcc.stdev.5,0.19802268913190346
dull,lowLevel.mfcc.stdev.0,0.17596436146413907
dull,lowLevel.barkbands.mean.26,0.16070564941037446
dull,lowLevel.barkbands.stdev.11,0.15448757953708991
dull,lowLevel.scvalleys.mean.2,0.15266895847162232
dull,lowLevel.scvalleys.stdev.4,0.14998649910558015
dull,lowLevel.barkbands.mean.5,0.14117585658095777
dull,lowLevel.spectral_kurtosis.stdev,0.14076502539683133
dull,lowLevel.spectral_rms.mean,0.1382590943831019
dull,lowLevel.barkbands.mean.17,0.12709813995752484
dull,lowLevel.barkbands.mean.25,0.12467108292912599
dull,lowLevel.sccoeffs.stdev.5,0.12278007378336042
dull,sfx.tristimulus.stdev.1,0.12192717508878559
dull,lowLevel.pitch.mean,0.12109109174343757
dull,lowLevel.mfcc.mean.7,0.11407829514791956
dull,lowLevel.spectral_strongpeak.stdev,0.1113029207335785
dull,lowLevel.spectral_flux.mean,0.10441308922600001
dull,lowLevel.barkbands.stdev.9,0.10412053030449897
dull,lowLevel.dissonance.stdev,0.10348288930254057
dull,lowLevel.pitch_instantaneous_confidence.mean,0.10096645032172091
dull,lowLevel.spectral_energyband_middle_low.stdev,0.09995115446508862
dull,lowLevel.barkbands.stdev.17,0.09878987824777141
dull,lowLevel.mfcc.mean.6,0.09863705962197855
dull,lowLevel.spectral_flux.stdev,0.09829688048921525
dull,lowLevel.sccoeffs.mean.2,0.08497691855882294
dull,lowLevel.barkbands.mean.20,0.0848487404291518
dull,lowLevel.barkbands.stdev.21,0.08040076319593936
dull,lowLevel.spectral_energyband_middle_low.mean,0.07726024654402863
dull,lowLevel.barkbands.mean.11,0.07301896912395023
dull,lowLevel.scvalleys.mean.1,0.0726139159523882
dull,lowLevel.barkbands.mean.21,0.0720845023606671
dull,lowLevel.scvalleys.mean.0,0.06833245966117829
dull,sfx.inharmonicity.stdev,0.06726727972272784
dull,sfx.inharmonicity.mean,0.06531026706943521
dull,lowLevel.mfcc.stdev.3,0.06315061543136835
dull,lowLevel.mfcc.stdev.6,0.0624867700971663
dull,lowLevel.barkbands.stdev.7,0.059879627253394574
dull,lowLevel.barkbands.mean.19,0.05759403289994225
dull,lowLevel.barkbands_spread.stdev,0.05752448600833304
dull,lowLevel.barkbands.stdev.5,0.05739080539206043
dull,lowLevel.spectral_decrease.stdev,0.057147545972839
dull,lowLevel.silence_rate_60dB.stdev,0.051921477541327477
dull,lowLevel.barkbands.mean.6,0.04732964310096577
dull,sfx.tristimulus.stdev.2,0.046164962826878764
dull,lowLevel.barkbands.mean.9,0.046053349622525275
dull,sfx.oddtoevenharmonicenergyratio.mean,0.045277716184500605
dull,lowLevel.barkbands.mean.18,0.042706615407951176
dull,lowLevel.spectral_decrease.mean,0.0420095419685822
dull,lowLevel.zerocrossingrate.stdev,0.04075417452258989
dull,sfx.tristimulus.mean.2,0.04000691697001457
dull,lowLevel.barkbands.mean.0,0.039705205941572785
dull,lowLevel.barkbands.mean.24,0.03821631846949458
dull,lowLevel.barkbands.stdev.6,0.03763236204395071
dull,lowLevel.barkbands.stdev.20,0.036861874745227396
dull,lowLevel.barkbands_kurtosis.mean,0.035439308907371014
dull,lowLevel.sccoeffs.mean.1,0.035342650837264955
dull,lowLevel.spectral_flatness_db.mean,0.03507434530183673
dull,lowLevel.barkbands.stdev.12,0.034758431269438006
dull,lowLevel.pitch.stdev,0.03452902696153615
dull,lowLevel.mfcc.mean.2,0.03364660934312269
dull,lowLevel.spectral_energyband_low.mean,0.03277211566455662
dull,lowLevel.barkbands.mean.13,0.031961950298864394
dull,lowLevel.mfcc.mean.4,0.03182723023928702
dull,lowLevel.barkbands.mean.16,0.03137680096551776
dull,lowLevel.sccoeffs.mean.3,0.031257501686923206
dull,lowLevel.mfcc.mean.1,0.031055196363013238
dull,lowLevel.mfcc.mean.10,0.030546892870916054
dull,lowLevel.barkbands.mean.23,0.03029555274406448
dull,lowLevel.barkbands.mean.7,0.029687972622923553
dull,lowLevel.scvalleys.stdev.5,0.0290322796208784
dull,lowLevel.mfcc.stdev.4,0.02870456239907071
dull,lowLevel.spectral_spread.stdev,0.02844698437547777
dull,sfx.tristimulus.mean.1,0.028270796523429453
dull,lowLevel.spectral_crest.stdev,0.02693893256946467
dull,lowLevel.barkbands.mean.10,0.026327190164010972
dull,lowLevel.sccoeffs.mean.0,0.025050084135727957
dull,lowLevel.barkbands_skewness.mean,0.025024229849805124
dull,lowLevel.pitch_salience.mean,0.023884189664386213
dull,lowLevel.mfcc.mean.11,0.023303867841605097
dull,lowLevel.silence_rate_30dB.stdev,0.022999199107289314
dull,lowLevel.barkbands_kurtosis.stdev,0.02235806014505215
dull,lowLevel.spectral_flatness_db.stdev,0.020645883632823825
dull,lowLevel.spectral_rolloff.mean,0.019848351745167747
dull,lowLevel.barkbands.stdev.8,0.019069689908064902
dull,lowLevel.barkbands.mean.1,0.018310979823581874
dull,lowLevel.mfcc.mean.12,0.01771066697256174
dull,lowLevel.mfcc.mean.3,0.017434361041523516
dull,lowLevel.barkbands.mean.12,0.016575820045545697
dull,lowLevel.sccoeffs.stdev.3,0.015776534972246736
dull,lowLevel.mfcc.mean.5,0.01569894670683425
dull,lowLevel.barkbands.stdev.10,0.015664210193790495
dull,lowLevel.spectral_centroid.mean,0.015422330237925053
dull,lowLevel.spectral_energyband_low.stdev,0.014476281066890806
dull,lowLevel.barkbands.mean.22,0.013442849856801331
dull,sfx.oddtoevenharmonicenergyratio.stdev,0.012609280529431999
dull,lowLevel.barkbands.mean.8,0.01172586577013135
dull,lowLevel.barkbands.stdev.0,0.01122325996402651
dull,lowLevel.barkbands.mean.15,0.01109893003012985
dull,lowLevel.barkbands.stdev.23,0.010616343711262743
dull,sfx.tristimulus.mean.0,0.010400638915598392
dull,lowLevel.sccoeffs.stdev.4,0.00949669277179055
dull,lowLevel.mfcc.stdev.1,0.007590477092890069
dull,lowLevel.barkbands.stdev.24,0.006777780130505562
dull,lowLevel.barkbands.stdev.19,0.0061015901155769825
dull,sfx.tristimulus.stdev.0,0.0057432110770605505
dull,lowLevel.barkbands.mean.3,0.005676371030858718
dull,lowLevel.spectral_crest.mean,0.004851070116274059
dull,lowLevel.barkbands.mean.14,0.004699024022556841
dull,lowLevel.mfcc.mean.9,0.004592402023263276
dull,lowLevel.barkbands.stdev.25,0.0045234079589135945
dull,lowLevel.scvalleys.mean.3,0.003783871070481837
dull,lowLevel.barkbands.stdev.1,0.0037254899507388473
dull,lowLevel.barkbands.mean.2,0.003560309996828437
dull,lowLevel.barkbands.stdev.22,0.0035304129705764353
dull,lowLevel.barkbands.stdev.16,0.003100720001384616
dull,lowLevel.sccoeffs.stdev.0,0.0024509529466740787
dull,lowLevel.barkbands.stdev.13,0.002150334999896586
dull,lowLevel.barkbands.stdev.2,0.002074684016406536
dull,lowLevel.spectral_energyband_high.stdev,0.0018307899590581656
dull,lowLevel.barkbands_skewness.stdev,0.0009155200095847249
dull,lowLevel.pitch_salience.stdev,0.0006121729966253042
dull,lowLevel.silence_rate_20dB.mean,0.0
dull,lowLevel.silence_rate_20dB.stdev,0.0
dull,lowLevel.silence_rate_30dB.mean,0.0
dull,lowLevel.dissonance.mean,0.0
dynamic,lowLevel.barkbands.mean.18,48.12736907818271
dynamic,lowLevel.barkbands.mean.17,26.565030331810704
dynamic,lowLevel.spectral_energyband_middle_high.stdev,23.67515210468264
dynamic,lowLevel.spectral_energyband_middle_high.mean,20.782321008078725
dynamic,lowLevel.hfc.mean,12.89610407713917
dynamic,lowLevel.spectral_strongpeak.stdev,9.658179052852233
dynamic,lowLevel.spectral_strongpeak.mean,4.310250831709709
dynamic,lowLevel.spectral_energyband_high.mean,3.786147978172721
dynamic,lowLevel.mfcc.stdev.10,3.738256081748659
dynamic,lowLevel.mfcc.stdev.9,2.5124717176513514
dynamic,lowLevel.mfcc.stdev.8,2.490570040536113
dynamic,lowLevel.mfcc.stdev.12,2.43390080814288
dynamic,lowLevel.barkbands.stdev.3,1.9648249776564626
dynamic,lowLevel.barkbands.mean.20,1.9451464009471238
dynamic,lowLevel.scvalleys.mean.5,1.9349493814952439
dynamic,lowLevel.mfcc.stdev.11,1.709141514958901
dynamic,lowLevel.sccoeffs.mean.4,1.7024314391892403
dynamic,lowLevel.scvalleys.stdev.3,1.5873965990613215
dynamic,lowLevel.barkbands.mean.10,1.5770662290160544
dynamic,lowLevel.mfcc.stdev.7,1.540935553595773
dynamic,lowLevel.sccoeffs.mean.5,1.5079445612063864
dynamic,lowLevel.spectral_complexity.mean,1.4369843458989635
dynamic,lowLevel.spectral_kurtosis.mean,1.2961168880465266
dynamic,lowLevel.sccoeffs.mean.3,1.2057532498147339
dynamic,lowLevel.barkbands.mean.4,1.1725817473870848
dynamic,lowLevel.silence_rate_60dB.mean,1.0307061616331339
dynamic,lowLevel.hfc.stdev,0.9046222067263443
dynamic,lowLevel.scvalleys.mean.4,0.9008665571454912
dynamic,lowLevel.barkbands.stdev.4,0.7701200295705348
dynamic,lowLevel.spectral_spread.mean,0.7473465044131444
dynamic,lowLevel.pitch_instantaneous_confidence.stdev,0.667232650690039
dynamic,lowLevel.spectral_kurtosis.stdev,0.6268500295409467
dynamic,lowLevel.barkbands.mean.11,0.564049767691813
dynamic,lowLevel.zerocrossingrate.mean,0.5587496266234666
dynamic,lowLevel.barkbands.mean.24,0.5542428581829881
dynamic,lowLevel.mfcc.stdev.0,0.5540302522772436
dynamic,lowLevel.barkbands.mean.3,0.5489686841319781
dynamic,lowLevel.barkbands.mean.26,0.49734561135119293
dynamic,lowLevel.spectral_energy.mean,0.4727664669044316
dynamic,lowLevel.spectral_flux.stdev,0.4241536143235862
dynamic,lowLevel.scvalleys.mean.3,0.4103860129835084
dynamic,lowLevel.barkbands.mean.16,0.40138597518671304
dynamic,lowLevel.scvalleys.stdev.0,0.3836049087367428
dynamic,lowLevel.spectral_complexity.stdev,0.3564339826205014
dynamic,lowLevel.sccoeffs.mean.2,0.3309466076498211
dynamic,lowLevel.scvalleys.stdev.4,0.3219918506219983
dynamic,lowLevel.mfcc.mean.8,0.2988362841288108
dynamic,lowLevel.spectral_centroid.stdev,0.29619866792927496
dynamic,lowLevel.mfcc.mean.0,0.2958157953689806
dynamic,lowLevel.scvalleys.stdev.2,0.2846248259720596
dynamic,lowLevel.spectral_energyband_middle_low.mean,0.2720448965628748
dynamic,lowLevel.barkbands.stdev.5,0.26324517375906
dynamic,lowLevel.barkbands.stdev.9,0.2596228293841705
dynamic,lowLevel.barkbands.mean.19,0.24958308727946132
dynamic,lowLevel.barkbands.mean.25,0.2426912544760853
dynamic,lowLevel.silence_rate_60dB.stdev,0.24119776908109714
dynamic,lowLevel.spectral_flux.mean,0.23911052881157957
dynamic,lowLevel.mfcc.stdev.5,0.23822003312753282
dynamic,lowLevel.barkbands.stdev.11,0.23791950512074211
dynamic,lowLevel.barkbands.mean.9,0.23342239647172391
dynamic,lowLevel.scvalleys.stdev.1,0.23110687178404987
dynamic,lowLevel.barkbands.mean.22,0.22854688325423922
dynamic,lowLevel.barkbands.mean.23,0.2260851686686749
dynamic,lowLevel.pitch_instantaneous_confidence.mean,0.22496026295266347
dynamic,lowLevel.sccoeffs.stdev.2,0.21268727621645667
dynamic,sfx.tristimulus.stdev.1,0.21217604942783908
dynamic,lowLevel.barkbands.mean.5,0.1699573347886358
dynamic,lowLevel.spectral_centroid.mean,0.1597058541374281
dynamic,lowLevel.mfcc.stdev.2,0.15345432417598204
dynamic,lowLevel.spectral_rms.mean,0.1525158367876429
dynamic,lowLevel.spectral_rolloff.stdev,0.13618031542864628
dynamic,lowLevel.scvalleys.mean.2,0.13610416122401148
dynamic,lowLevel.zerocrossingrate.stdev,0.13449360086815432
dynamic,lowLevel.mfcc.stdev.6,0.13140736826244392
dynamic,lowLevel.mfcc.stdev.4,0.12324117147363722
dynamic,sfx.oddtoevenharmonicenergyratio.mean,0.12250093861075584
dynamic,lowLevel.mfcc.mean.7,0.12112570978933945
dynamic,lowLevel.pitch.mean,0.12059661804232746
dynamic,lowLevel.barkbands.mean.21,0.11668828838082845
dynamic,lowLevel.barkbands.stdev.19,0.10963070997968316
dynamic,lowLevel.silence_rate_30dB.mean,0.09840620309114456
dynamic,lowLevel.barkbands.stdev.8,0.09678625978995115
dynamic,lowLevel.barkbands.stdev.7,0.09314751932106446
dynamic,sfx.tristimulus.mean.2,0.09122891281731427
dynamic,lowLevel.mfcc.mean.4,0.08892548113362864
dynamic,lowLevel.barkbands.mean.8,0.08664635525201447
dynamic,lowLevel.mfcc.mean.12,0.07930947401041522
dynamic,lowLevel.spectral_rms.stdev,0.07635339006083086
dynamic,lowLevel.barkbands.stdev.26,0.0750317684141919
dynamic,lowLevel.spectral_skewness.stdev,0.07439582797815092
dynamic,lowLevel.spectral_skewness.mean,0.07438005405951742
dynamic,lowLevel.spectral_energyband_high.stdev,0.06985509861260653
dynamic,lowLevel.barkbands.mean.7,0.06927056592599001
dynamic,lowLevel.spectral_spread.stdev,0.06920625473139808
dynamic,sfx.oddtoevenharmonicenergyratio.stdev,0.0667545510623313
dynamic,lowLevel.barkbands.stdev.2,0.06539353146217763
dynamic,lowLevel.pitch_salience.mean,0.06492374796835065
dynamic,lowLevel.scvalleys.mean.1,0.05996536766178906
dynamic,lowLevel.spectral_decrease.mean,0.05789674003608525
dynamic,lowLevel.barkbands.mean.6,0.056499630911275744
dynamic,sfx.inharmonicity.mean,0.05532021577528212
dynamic,lowLevel.sccoeffs.stdev.1,0.053850550786592066
dynamic,lowLevel.spectral_crest.stdev,0.05330057262108312
dynamic,lowLevel.scvalleys.mean.0,0.053219438530504704
dynamic,lowLevel.barkbands.mean.14,0.051462901312334
dynamic,lowLevel.pitch.stdev,0.045760418055579066
dynamic,lowLevel.barkbands.stdev.12,0.045199000160209835
dynamic,lowLevel.barkbands.stdev.21,0.04414539974095533
dynamic,lowLevel.spectral_crest.mean,0.0437139657442458
dynamic,lowLevel.mfcc.stdev.3,0.042727020336315036
dynamic,lowLevel.barkbands_spread.stdev,0.04242875214549713
dynamic,lowLevel.barkbands.stdev.24,0.042057030368596315
dynamic,lowLevel.mfcc.mean.2,0.04105451935902238
dynamic,lowLevel.spectral_decrease.stdev,0.0397424450784456
dynamic,lowLevel.mfcc.stdev.1,0.03880043215223594
dynamic,lowLevel.barkbands.stdev.10,0.037938039411528734
dynamic,lowLevel.barkbands_skewness.mean,0.03751721262233332
dynamic,lowLevel.mfcc.mean.11,0.03594244108694511
dynamic,sfx.tristimulus.stdev.2,0.03371543809771538
dynamic,lowLevel.barkbands_kurtosis.stdev,0.03305277178878896
dynamic,lowLevel.barkbands.stdev.1,0.03244460001587868
dynamic,lowLevel.mfcc.mean.5,0.03182405378902331
dynamic,lowLevel.barkbands.stdev.22,0.03105653647799045
dynamic,lowLevel.sccoeffs.stdev.4,0.02947196848981548
dynamic,lowLevel.sccoeffs.stdev.3,0.0288370595080778
dynamic,lowLevel.spectral_energyband_middle_low.stdev,0.02786313936589968
dynamic,lowLevel.barkbands.stdev.6,0.027109047766316507
dynamic,lowLevel.mfcc.mean.3,0.025074654474849467
dynamic,lowLevel.barkbands.stdev.15,0.0229878754762467
dynamic,lowLevel.dissonance.mean,0.022379820235073566
dynamic,lowLevel.mfcc.mean.6,0.021831330413988326
dynamic,lowLevel.spectral_energy.stdev,0.021809489699080586
dynamic,lowLevel.mfcc.mean.10,0.021759645955171436
dynamic,lowLevel.sccoeffs.mean.1,0.02101632655831054
dynamic,lowLevel.scvalleys.stdev.5,0.02087371575180441
dynamic,lowLevel.barkbands.stdev.23,0.02066605957224965
dynamic,lowLevel.spectral_flatness_db.stdev,0.02045727742370218
dynamic,lowLevel.sccoeffs.stdev.5,0.019676756230182946
dynamic,lowLevel.barkbands.mean.2,0.019100657707895152
dynamic,lowLevel.spectral_flatness_db.mean,0.01883720001205802
dynamic,lowLevel.barkbands_kurtosis.mean,0.01748003838120521
dynamic,lowLevel.barkbands.stdev.18,0.01621593100571772
dynamic,sfx.tristimulus.mean.0,0.014544790261425078
dynamic,lowLevel.spectral_energyband_low.mean,0.014485709834843874
dynamic,lowLevel.barkbands.mean.0,0.014238899573683739
dynamic,lowLevel.barkbands.mean.12,0.011731770006008446
dynamic,lowLevel.barkbands.stdev.0,0.011454855620741
dynamic,sfx.tristimulus.mean.1,0.01061809016391635
dynamic,lowLevel.barkbands_spread.mean,0.010259735337967868
dynamic,lowLevel.barkbands.stdev.25,0.010192946065217257
dynamic,lowLevel.barkbands.stdev.14,0.009771801880560815
dynamic,lowLevel.silence_rate_30dB.stdev,0.009484030306339264
dynamic,sfx.tristimulus.stdev.0,0.009291060967370868
dynamic,lowLevel.mfcc.mean.9,0.009050073946127668
dynamic,lowLevel.barkbands_skewness.stdev,0.008981279912404716
dynamic,lowLevel.sccoeffs.stdev.0,0.00794494416913949
dynamic,lowLevel.spectral_rolloff.mean,0.006202465941896662
dynamic,lowLevel.barkbands.stdev.13,0.005869620013982058
dynamic,lowLevel.barkbands.stdev.16,0.005468179937452078
dynamic,lowLevel.dissonance.stdev,0.005401160102337599
dynamic,lowLevel.barkbands.stdev.20,0.005302538938849466
dynamic,sfx.inharmonicity.stdev,0.004976187105057761
dynamic,lowLevel.mfcc.mean.1,0.004700176083133556
dynamic,lowLevel.barkbands.stdev.17,0.004366920096799731
dynamic,lowLevel.barkbands.mean.13,0.0035495799966156483
dynamic,lowLevel.spectral_energyband_low.stdev,0.0024210091069107875
dynamic,lowLevel.barkbands.mean.1,0.0020446759881451726
dynamic,lowLevel.barkbands.mean.15,0.0002396789932390675
dynamic,lowLevel.silence_rate_20dB.stdev,0.0
dynamic,lowLevel.sccoeffs.mean.0,0.0
dynamic,lowLevel.pitch_salience.stdev,0.0
dynamic,lowLevel.silence_rate_20dB.mean,0.0
earthy,lowLevel.hfc.mean,36.86885612399783
earthy,lowLevel.barkbands.stdev.4,21.59270285803359
earthy,lowLevel.spectral_energyband_middle_high.mean,19.280403468059376
earthy,lowLevel.barkbands.mean.18,15.8792855401407
earthy,lowLevel.spectral_energyband_middle_low.mean,15.239437158335932
earthy,lowLevel.barkbands.mean.15,14.971578692900948
earthy,lowLevel.spectral_energyband_middle_low.stdev,13.091984514612705
earthy,lowLevel.spectral_complexity.mean,10.162853917980101
earthy,lowLevel.hfc.stdev,7.387833261222113
earthy,lowLevel.barkbands.stdev.3,7.17550621641567
earthy,lowLevel.spectral_energy.stdev,6.434022260364145
earthy,lowLevel.mfcc.stdev.10,6.366496067377739
earthy,lowLevel.mfcc.stdev.8,5.952705759904347
earthy,lowLevel.spectral_rms.stdev,5.915443974081427
earthy,lowLevel.spectral_complexity.stdev,5.695049875124823
earthy,lowLevel.scvalleys.stdev.4,5.184013828402385
earthy,lowLevel.spectral_strongpeak.stdev,4.870742918690667
earthy,lowLevel.mfcc.stdev.9,4.193363770667929
earthy,lowLevel.barkbands.stdev.26,4.1074821963266
earthy,lowLevel.barkbands.mean.17,4.022614481044002
earthy,lowLevel.sccoeffs.mean.4,3.9735934017808177
earthy,lowLevel.mfcc.stdev.0,3.8502584769157693
earthy,lowLevel.spectral_spread.mean,3.6958064790815115
earthy,lowLevel.spectral_energyband_high.mean,3.4746394702233374
earthy,lowLevel.barkbands.mean.20,3.1588457248872146
earthy,lowLevel.spectral_energyband_middle_high.stdev,2.97732347343117
earthy,lowLevel.spectral_strongpeak.mean,2.7358621230814606
earthy,lowLevel.spectral_kurtosis.mean,2.71660772128962
earthy,lowLevel.pitch_instantaneous_confidence.stdev,2.6779669715324417
earthy,lowLevel.silence_rate_60dB.mean,2.529379505373072
earthy,lowLevel.sccoeffs.mean.5,2.3676023255102336
earthy,lowLevel.scvalleys.mean.4,2.31393262243364
earthy,lowLevel.sccoeffs.mean.3,2.196882583666593
earthy,lowLevel.spectral_energy.mean,2.085694685811177
earthy,lowLevel.spectral_rms.mean,2.08309783693403
earthy,lowLevel.mfcc.stdev.7,2.019854615442455
earthy,lowLevel.scvalleys.stdev.3,1.9839682165766135
earthy,lowLevel.barkbands.mean.16,1.9004841555142775
earthy,lowLevel.scvalleys.stdev.2,1.5801623000297695
earthy,lowLevel.mfcc.mean.0,1.501789177476894
earthy,lowLevel.scvalleys.mean.5,1.4606602935818955
earthy,lowLevel.barkbands.mean.9,1.4085116958012804
earthy,lowLevel.mfcc.stdev.11,1.3518317961134017
earthy,lowLevel.barkbands.mean.10,1.318607094231993
earthy,lowLevel.barkbands.mean.26,1.2963700763648376
earthy,lowLevel.pitch_salience.stdev,1.1115148632088676
earthy,lowLevel.barkbands.mean.21,1.1091785477474332
earthy,lowLevel.barkbands.mean.11,1.1047514027450234
earthy,lowLevel.mfcc.stdev.12,1.1014072246616706
earthy,lowLevel.barkbands.stdev.18,1.09828869078774
earthy,lowLevel.barkbands.stdev.11,1.0563481877325103
earthy,lowLevel.sccoeffs.stdev.2,0.9605150900315493
earthy,lowLevel.zerocrossingrate.stdev,0.9487888729199767
earthy,lowLevel.sccoeffs.mean.2,0.9264750427682884
earthy,lowLevel.silence_rate_60dB.stdev,0.9193245774367824
earthy,lowLevel.spectral_flux.mean,0.883233972126618
earthy,lowLevel.barkbands.mean.19,0.8541138864820823
earthy,lowLevel.spectral_flux.stdev,0.841841708868742
earthy,sfx.tristimulus.stdev.1,0.8415820935042575
earthy,lowLevel.spectral_skewness.mean,0.8341801890637726
earthy,lowLevel.barkbands.stdev.12,0.7752728631603532
earthy,lowLevel.barkbands.mean.4,0.7349234819412231
earthy,lowLevel.spectral_centroid.stdev,0.6996318977326155
earthy,lowLevel.barkbands.mean.6,0.6775215330999345
earthy,lowLevel.mfcc.stdev.5,0.6680678725242615
earthy,lowLevel.barkbands.mean.5,0.6527648121118546
earthy,lowLevel.barkbands.mean.24,0.5854902938008308
earthy,lowLevel.barkbands.stdev.14,0.5822125885169953
earthy,lowLevel.spectral_decrease.stdev,0.5674042056780308
earthy,lowLevel.barkbands.mean.25,0.5661317481426522
earthy,lowLevel.spectral_rolloff.stdev,0.5637445424217731
earthy,lowLevel.barkbands.stdev.25,0.5498903795960359
earthy,lowLevel.pitch.mean,0.5399730199715123
earthy,lowLevel.mfcc.stdev.2,0.5299035406205803
earthy,lowLevel.spectral_skewness.stdev,0.5208525054622442
earthy,lowLevel.scvalleys.stdev.0,0.5061230536084622
earthy,lowLevel.mfcc.mean.8,0.5054049305617809
earthy,lowLevel.spectral_decrease.mean,0.48564662120770663
earthy,lowLevel.mfcc.mean.12,0.47874428413342685
earthy,lowLevel.pitch_instantaneous_confidence.mean,0.45082512113731354
earthy,lowLevel.scvalleys.stdev.1,0.4371034922078252
earthy,lowLevel.mfcc.stdev.6,0.41150499833747745
earthy,lowLevel.barkbands.stdev.10,0.4101340629858896
earthy,lowLevel.barkbands.stdev.17,0.3984977116342634
earthy,lowLevel.sccoeffs.stdev.1,0.3878027346218005
earthy,lowLevel.barkbands.mean.7,0.37890816503204405
earthy,lowLevel.barkbands.mean.22,0.37863112133345567
earthy,lowLevel.barkbands.stdev.15,0.34333669068291783
earthy,lowLevel.spectral_crest.stdev,0.34044019086286426
earthy,lowLevel.spectral_energyband_high.stdev,0.334309195750393
earthy,lowLevel.mfcc.mean.1,0.33271483093267307
earthy,lowLevel.scvalleys.mean.3,0.3274913022760302
earthy,lowLevel.scvalleys.mean.2,0.32280019589234143
earthy,lowLevel.sccoeffs.stdev.3,0.30921142001170665
earthy,sfx.tristimulus.stdev.0,0.30886734393425286
earthy,lowLevel.spectral_kurtosis.stdev,0.3070209023426287
earthy,sfx.inharmonicity.stdev,0.299818851693999
earthy,lowLevel.mfcc.mean.7,0.2965218697208911
earthy,sfx.oddtoevenharmonicenergyratio.mean,0.28987733856774867
earthy,lowLevel.barkbands.stdev.9,0.28951149829663336
earthy,sfx.oddtoevenharmonicenergyratio.stdev,0.278490140568465
earthy,lowLevel.spectral_spread.stdev,0.27264213358284906
earthy,lowLevel.barkbands_skewness.stdev,0.2659230522112921
earthy,lowLevel.zerocrossingrate.mean,0.25890229555079713
earthy,lowLevel.sccoeffs.mean.0,0.257082068012096
earthy,lowLevel.barkbands.mean.0,0.24828902713488787
earthy,lowLevel.barkbands.mean.23,0.24567913345526904
earthy,lowLevel.spectral_energyband_low.mean,0.2444532822119072
earthy,lowLevel.sccoeffs.stdev.5,0.2415603386471048
earthy,lowLevel.barkbands.mean.3,0.23310852178838104
earthy,lowLevel.barkbands.stdev.21,0.2318207244388759
earthy,sfx.tristimulus.stdev.2,0.23010554199572653
earthy,lowLevel.barkbands.mean.14,0.22947470878716558
earthy,sfx.inharmonicity.mean,0.22706624178681523
earthy,lowLevel.barkbands.stdev.8,0.22400686115724966
earthy,lowLevel.barkbands.stdev.24,0.2198514465126209
earthy,lowLevel.pitch_salience.mean,0.21823334065265954
earthy,lowLevel.barkbands_spread.mean,0.21435926773119718
earthy,lowLevel.spectral_flatness_db.mean,0.212459598435089
earthy,lowLevel.barkbands_kurtosis.stdev,0.20262630644720048
earthy,lowLevel.barkbands_spread.stdev,0.1932220941525884
earthy,lowLevel.scvalleys.stdev.5,0.1920331009896472
earthy,lowLevel.barkbands.stdev.7,0.19182875362457708
earthy,lowLevel.barkbands.stdev.13,0.1918127293465659
earthy,lowLevel.barkbands.mean.12,0.17929791638744064
earthy,lowLevel.sccoeffs.mean.1,0.176386121311225
earthy,lowLevel.barkbands.stdev.20,0.17587716924026608
earthy,lowLevel.mfcc.mean.10,0.17496246052905917
earthy,lowLevel.mfcc.mean.5,0.17048679484287277
earthy,lowLevel.pitch.stdev,0.16928243869915605
earthy,lowLevel.mfcc.mean.3,0.16831880155950785
earthy,lowLevel.mfcc.mean.6,0.16807001183042303
earthy,lowLevel.barkbands.mean.13,0.16292963933665305
earthy,lowLevel.barkbands.stdev.6,0.1488876584917307
earthy,lowLevel.barkbands.stdev.22,0.1443857995327562
earthy,lowLevel.mfcc.stdev.1,0.14178292138967663
earthy,lowLevel.barkbands.stdev.0,0.13890613545663655
earthy,lowLevel.scvalleys.mean.1,0.13077366328798234
earthy,lowLevel.mfcc.stdev.3,0.1296975691220723
earthy,lowLevel.mfcc.mean.11,0.12957978143822402
earthy,lowLevel.barkbands.stdev.16,0.12947610905393958
earthy,lowLevel.spectral_crest.mean,0.12773936364101246
earthy,lowLevel.barkbands.stdev.19,0.12755444273352623
earthy,lowLevel.mfcc.mean.4,0.11878500902093947
earthy,lowLevel.barkbands_skewness.mean,0.11843723978381604
earthy,lowLevel.spectral_flatness_db.stdev,0.11819633969571441
earthy,lowLevel.dissonance.stdev,0.10193814104422927
earthy,lowLevel.barkbands.stdev.1,0.10030279017519206
earthy,lowLevel.mfcc.mean.9,0.0888609120156616
earthy,lowLevel.barkbands.mean.1,0.08865307085216045
earthy,lowLevel.barkbands.mean.2,0.08843843173235655
earthy,lowLevel.barkbands.stdev.5,0.08830991107970476
earthy,lowLevel.spectral_energyband_low.stdev,0.08815472014248371
earthy,lowLevel.barkbands.stdev.2,0.08537115971557796
earthy,lowLevel.dissonance.mean,0.08212470990838483
earthy,lowLevel.barkbands_kurtosis.mean,0.0800052301492542
earthy,lowLevel.scvalleys.mean.0,0.0782617584336549
earthy,sfx.tristimulus.mean.1,0.06905084056779742
earthy,sfx.tristimulus.mean.2,0.06609747174661607
earthy,lowLevel.mfcc.stdev.4,0.06585736072156578
earthy,lowLevel.spectral_centroid.mean,0.06171201169490814
earthy,lowLevel.mfcc.mean.2,0.05214563093613833
earthy,lowLevel.sccoeffs.stdev.0,0.0513096441864036
earthy,sfx.tristimulus.mean.0,0.043042650213465095
earthy,lowLevel.barkbands.mean.8,0.04189312970265746
earthy,lowLevel.sccoeffs.stdev.4,0.03889722051098943
earthy,lowLevel.spectral_rolloff.mean,0.029658879851922393
earthy,lowLevel.barkbands.stdev.23,0.028736996930092573
earthy,lowLevel.silence_rate_20dB.mean,0.0
earthy,lowLevel.silence_rate_20dB.stdev,0.0
earthy,lowLevel.silence_rate_30dB.stdev,0.0
earthy,lowLevel.silence_rate_30dB.mean,0.0
easygoing,lowLevel.hfc.mean,71.82930419272415
easygoing,lowLevel.hfc.stdev,8.24658687043302
easygoing,lowLevel.spectral_energy.mean,5.362442083439703
easygoing,lowLevel.spectral_energyband_middle_low.stdev,4.000781489075962
easygoing,lowLevel.spectral_energyband_middle_high.mean,2.536717283315044
easygoing,lowLevel.spectral_complexity.mean,2.200882451641519
easygoing,lowLevel.spectral_complexity.stdev,1.8770186157692024
easygoing,lowLevel.silence_rate_60dB.mean,1.5221450273347727
easygoing,lowLevel.pitch_instantaneous_confidence.stdev,1.3247149750677636
easygoing,lowLevel.spectral_energyband_middle_high.stdev,1.3109278673327935
easygoing,lowLevel.spectral_energyband_middle_low.mean,1.098677577378112
easygoing,lowLevel.scvalleys.mean.4,0.8840383866736374
easygoing,lowLevel.mfcc.stdev.10,0.7910431415275525
easygoing,lowLevel.barkbands.mean.26,0.7431987422838233
easygoing,lowLevel.spectral_energyband_high.mean,0.6012454654087378
easygoing,lowLevel.scvalleys.stdev.4,0.5610548188652587
easygoing,lowLevel.barkbands.mean.25,0.5507526491473982
easygoing,lowLevel.mfcc.stdev.11,0.5462536340469342
easygoing,lowLevel.mfcc.stdev.2,0.5187055955668711
easygoing,lowLevel.sccoeffs.mean.3,0.5168180958219182
easygoing,lowLevel.mfcc.stdev.8,0.5062750642027822
easygoing,lowLevel.pitch.mean,0.5003455166229287
easygoing,lowLevel.sccoeffs.mean.5,0.4668543717764635
easygoing,lowLevel.scvalleys.mean.3,0.44766481104761624
easygoing,lowLevel.sccoeffs.stdev.2,0.42772162634125266
easygoing,lowLevel.barkbands.stdev.25,0.4273791843879735
easygoing,lowLevel.barkbands.stdev.9,0.4247258708674053
easygoing,lowLevel.barkbands.mean.18,0.4141612275730182
easygoing,lowLevel.sccoeffs.stdev.5,0.4123721047590152
easygoing,lowLevel.sccoeffs.stdev.3,0.40853170792499327
easygoing,lowLevel.pitch.stdev,0.39085454926720686
easygoing,lowLevel.spectral_kurtosis.stdev,0.33625084033877783
easygoing,lowLevel.barkbands.stdev.12,0.32558334512441434
easygoing,lowLevel.sccoeffs.mean.2,0.28962724735012557
easygoing,lowLevel.mfcc.stdev.9,0.2813763637750455
easygoing,lowLevel.scvalleys.stdev.3,0.27481986371003586
easygoing,lowLevel.barkbands.mean.12,0.2678217343852367
easygoing,lowLevel.spectral_strongpeak.mean,0.2595406453931446
easygoing,lowLevel.barkbands.stdev.26,0.2582801549717715
easygoing,lowLevel.spectral_rms.stdev,0.22598461936991043
easygoing,lowLevel.spectral_kurtosis.mean,0.2199514338717563
easygoing,lowLevel.mfcc.mean.0,0.21828845690608034
easygoing,lowLevel.spectral_skewness.stdev,0.1911221030059096
easygoing,lowLevel.mfcc.stdev.7,0.1850282016261744
easygoing,lowLevel.spectral_energy.stdev,0.1840403490978133
easygoing,lowLevel.spectral_centroid.stdev,0.17196348810830386
easygoing,lowLevel.spectral_flux.mean,0.16540590772729047
easygoing,lowLevel.spectral_spread.mean,0.1612493405002624
easygoing,lowLevel.barkbands.mean.20,0.15959444715946347
easygoing,lowLevel.scvalleys.mean.5,0.15606179849419277
easygoing,lowLevel.barkbands.stdev.13,0.1544206018593286
easygoing,lowLevel.barkbands.mean.15,0.15081305571379744
easygoing,lowLevel.mfcc.mean.2,0.13743992459399124
easygoing,lowLevel.spectral_rms.mean,0.13579116427473537
easygoing,lowLevel.sccoeffs.stdev.4,0.13028033842510922
easygoing,lowLevel.barkbands.stdev.17,0.12075562512109173
easygoing,lowLevel.pitch_instantaneous_confidence.mean,0.1207122202224582
easygoing,lowLevel.spectral_strongpeak.stdev,0.1187055805812065
easygoing,lowLevel.spectral_decrease.stdev,0.11826235346052272
easygoing,sfx.inharmonicity.stdev,0.11726233852687074
easygoing,lowLevel.mfcc.mean.8,0.11454636419424857
easygoing,lowLevel.barkbands.mean.19,0.11394178127738996
easygoing,lowLevel.scvalleys.stdev.5,0.1131685747532174
easygoing,lowLevel.barkbands.stdev.6,0.1078761858298094
easygoing,lowLevel.mfcc.mean.11,0.10405121949588647
easygoing,lowLevel.spectral_rolloff.mean,0.10309059310384328
easygoing,lowLevel.mfcc.stdev.6,0.10037661782916985
easygoing,lowLevel.barkbands.stdev.19,0.0995172587900015
easygoing,lowLevel.barkbands.stdev.4,0.09701442782352387
easygoing,lowLevel.barkbands.mean.24,0.0963918359402669
easygoing,lowLevel.dissonance.stdev,0.0926375037993239
easygoing,sfx.oddtoevenharmonicenergyratio.mean,0.08789901490490593
easygoing,lowLevel.dissonance.mean,0.08486845019342582
easygoing,lowLevel.barkbands.stdev.11,0.08381442405601547
easygoing,lowLevel.barkbands.mean.22,0.08309907894388857
easygoing,lowLevel.scvalleys.stdev.1,0.0823086187874651
easygoing,lowLevel.mfcc.stdev.0,0.08028270654676817
easygoing,lowLevel.sccoeffs.stdev.1,0.07836412036468232
easygoing,lowLevel.barkbands.mean.11,0.07771215077809757
easygoing,lowLevel.barkbands_spread.mean,0.07736146064416971
easygoing,lowLevel.barkbands.mean.17,0.07640158428704735
easygoing,lowLevel.spectral_skewness.mean,0.07413358373878509
easygoing,lowLevel.barkbands_skewness.mean,0.07279226441823994
easygoing,sfx.tristimulus.stdev.1,0.07141842178498337
easygoing,lowLevel.sccoeffs.mean.4,0.07043566848199134
easygoing,lowLevel.barkbands.stdev.5,0.06939660433704375
easygoing,lowLevel.barkbands.mean.0,0.06835640265853726
easygoing,sfx.tristimulus.mean.1,0.0670769126054438
easygoing,lowLevel.barkbands.mean.8,0.06158629855281106
easygoing,lowLevel.mfcc.stdev.12,0.06082311439308796
easygoing,lowLevel.scvalleys.stdev.2,0.05724239594928804
easygoing,lowLevel.barkbands.mean.13,0.057145490414768574
easygoing,lowLevel.spectral_spread.stdev,0.05575666780805477
easygoing,lowLevel.mfcc.stdev.3,0.05558849010640188
easygoing,sfx.tristimulus.mean.2,0.05531188137729259
easygoing,lowLevel.scvalleys.stdev.0,0.05487647855807154
easygoing,lowLevel.spectral_flatness_db.stdev,0.05403583455699845
easygoing,lowLevel.spectral_flux.stdev,0.05271530352956688
easygoing,sfx.tristimulus.stdev.2,0.05044343579902488
easygoing,lowLevel.barkbands.mean.4,0.04996585663775477
easygoing,lowLevel.barkbands.stdev.0,0.04796986712472062
easygoing,sfx.oddtoevenharmonicenergyratio.stdev,0.047925901639018775
easygoing,lowLevel.spectral_energyband_low.mean,0.04739098968070721
easygoing,lowLevel.barkbands.mean.16,0.046086030042577164
easygoing,lowLevel.barkbands.stdev.20,0.04606611488270573
easygoing,lowLevel.scvalleys.mean.2,0.045755869157062534
easygoing,lowLevel.barkbands.stdev.7,0.04550176940483652
easygoing,lowLevel.zerocrossingrate.stdev,0.044419947110327485
easygoing,lowLevel.barkbands.mean.23,0.04397610593150603
easygoing,lowLevel.barkbands.stdev.8,0.043132227464866446
easygoing,lowLevel.mfcc.stdev.5,0.04300134687454715
easygoing,lowLevel.spectral_decrease.mean,0.042926301647639775
easygoing,lowLevel.mfcc.mean.4,0.04214409174264233
easygoing,sfx.tristimulus.stdev.0,0.0399713486458495
easygoing,lowLevel.barkbands.stdev.21,0.039308841015667895
easygoing,lowLevel.mfcc.mean.3,0.038984767052170355
easygoing,lowLevel.mfcc.stdev.4,0.03827223067150953
easygoing,lowLevel.barkbands.mean.5,0.0377543752000804
easygoing,lowLevel.scvalleys.mean.1,0.03710785273960937
easygoing,lowLevel.barkbands_kurtosis.mean,0.037070559857966146
easygoing,lowLevel.spectral_crest.stdev,0.03646919595678355
easygoing,lowLevel.sccoeffs.mean.0,0.03548924116807939
easygoing,lowLevel.barkbands.mean.1,0.035326913106359825
easygoing,lowLevel.barkbands_skewness.stdev,0.034172512400036936
easygoing,lowLevel.mfcc.mean.1,0.03273189854280645
easygoing,lowLevel.barkbands.stdev.1,0.03212008162518032
easygoing,lowLevel.spectral_rolloff.stdev,0.030152965961248945
easygoing,lowLevel.mfcc.mean.5,0.029358559999479894
easygoing,lowLevel.sccoeffs.stdev.0,0.028684143028385733
easygoing,lowLevel.scvalleys.mean.0,0.0286786774504435
easygoing,lowLevel.barkbands.stdev.24,0.02701298611037828
easygoing,lowLevel.pitch_salience.stdev,0.026856196232984075
easygoing,lowLevel.mfcc.mean.6,0.025968644621627845
easygoing,lowLevel.spectral_flatness_db.mean,0.025033239497133764
easygoing,lowLevel.barkbands.mean.10,0.024962565737155273
easygoing,lowLevel.barkbands.stdev.22,0.02442211439984021
easygoing,lowLevel.barkbands.mean.21,0.02413607665924644
easygoing,lowLevel.barkbands.stdev.14,0.023700525118329097
easygoing,lowLevel.mfcc.mean.9,0.023427006863130373
easygoing,lowLevel.barkbands_kurtosis.stdev,0.02318642399472992
easygoing,lowLevel.barkbands.stdev.15,0.023136692796470015
easygoing,lowLevel.mfcc.mean.12,0.022625866143016538
easygoing,lowLevel.mfcc.stdev.1,0.022522800089973316
easygoing,lowLevel.barkbands.mean.6,0.021991756788011685
easygoing,lowLevel.spectral_centroid.mean,0.021882021368583082
easygoing,lowLevel.barkbands_spread.stdev,0.021358113485803187
easygoing,lowLevel.barkbands.stdev.18,0.02102232042797425
easygoing,lowLevel.sccoeffs.mean.1,0.019707732014467183
easygoing,lowLevel.spectral_energyband_high.stdev,0.01925083322566934
easygoing,lowLevel.barkbands.stdev.10,0.01816527758069242
easygoing,lowLevel.barkbands.stdev.3,0.017961407221378067
easygoing,lowLevel.mfcc.mean.10,0.017017809383105487
easygoing,sfx.tristimulus.mean.0,0.016647041913927296
easygoing,lowLevel.mfcc.mean.7,0.015936435964547968
easygoing,lowLevel.barkbands.mean.7,0.014699157028076115
easygoing,lowLevel.barkbands.stdev.16,0.014122479551588185
easygoing,lowLevel.barkbands.stdev.23,0.00998327449815406
easygoing,lowLevel.silence_rate_60dB.stdev,0.009926811797413393
easygoing,lowLevel.barkbands.mean.9,0.009063317178970465
easygoing,lowLevel.barkbands.stdev.2,0.008570438043534523
easygoing,lowLevel.barkbands.mean.14,0.008276898415829237
easygoing,lowLevel.spectral_energyband_low.stdev,0.0078087906520352135
easygoing,lowLevel.pitch_salience.mean,0.006315380842636387
easygoing,lowLevel.barkbands.mean.3,0.0046298588586068945
easygoing,sfx.inharmonicity.mean,0.0044247442010103555
easygoing,lowLevel.spectral_crest.mean,0.0040715178938626195
easygoing,lowLevel.barkbands.mean.2,0.0038156782284204382
easygoing,lowLevel.zerocrossingrate.mean,0.003414608456296264
easygoing,lowLevel.silence_rate_30dB.stdev,7.577980250061955e-05
easygoing,lowLevel.silence_rate_20dB.stdev,0.0
easygoing,lowLevel.silence_rate_20dB.mean,0.0
easygoing,lowLevel.silence_rate_30dB.mean,0.0
electronic,lowLevel.hfc.mean,11.858370048093349
electronic,lowLevel.spectral_energyband_middle_high.mean,4.174317933418755
electronic,lowLevel.barkbands.mean.16,3.065283649818525
electronic,lowLevel.spectral_energy.mean,2.621665130242036
electronic,lowLevel.spectral_rms.stdev,2.277370282387836
electronic,lowLevel.hfc.stdev,1.6906922926539352
electronic,lowLevel.spectral_complexity.stdev,1.5752371619709038
electronic,lowLevel.mfcc.stdev.8,1.2633538745812984
electronic,lowLevel.spectral_strongpeak.mean,1.2607158564710517
electronic,lowLevel.spectral_flux.mean,1.2014001480031788
electronic,lowLevel.spectral_energyband_high.mean,1.176596580841533
electronic,lowLevel.spectral_strongpeak.stdev,1.0906370042876006
electronic,lowLevel.spectral_energy.stdev,1.082002295217535
electronic,lowLevel.barkbands.mean.15,1.0643980526911037
electronic,lowLevel.barkbands.mean.18,1.0185889255386051
electronic,lowLevel.spectral_energyband_middle_low.stdev,0.9473044016604035
electronic,lowLevel.spectral_complexity.mean,0.9180985082439292
electronic,lowLevel.mfcc.stdev.7,0.8647283875206995
electronic,lowLevel.scvalleys.mean.4,0.8505900696553403
electronic,lowLevel.mfcc.stdev.9,0.8131887875326811
electronic,lowLevel.barkbands.stdev.26,0.7890409675551382
electronic,lowLevel.spectral_rms.mean,0.7875584370440265
electronic,lowLevel.barkbands.stdev.3,0.7322594543693413
electronic,lowLevel.barkbands.mean.17,0.729415665951251
electronic,lowLevel.barkbands.mean.14,0.6957240505498987
electronic,lowLevel.barkbands.mean.21,0.6915933568008654
electronic,lowLevel.pitch_instantaneous_confidence.stdev,0.6905396457425468
electronic,lowLevel.barkbands.mean.11,0.6854543517101774
electronic,lowLevel.mfcc.stdev.0,0.6743474390286792
electronic,lowLevel.barkbands.mean.26,0.6710998452535932
electronic,lowLevel.sccoeffs.mean.5,0.6067889269156694
electronic,lowLevel.spectral_energyband_middle_low.mean,0.605571981846424
electronic,lowLevel.mfcc.stdev.10,0.5568679174001545
electronic,lowLevel.dissonance.mean,0.5501473211495522
electronic,lowLevel.spectral_kurtosis.mean,0.5012707204145954
electronic,lowLevel.barkbands.mean.10,0.4777309671544572
electronic,lowLevel.barkbands.mean.22,0.4772722525438837
electronic,lowLevel.silence_rate_60dB.mean,0.4754812812991531
electronic,lowLevel.pitch_salience.mean,0.43622198560296965
electronic,lowLevel.barkbands.mean.5,0.4334532079934661
electronic,lowLevel.mfcc.stdev.6,0.42617699816038446
electronic,lowLevel.barkbands.mean.23,0.4193562700975759
electronic,lowLevel.spectral_spread.mean,0.41310732310671483
electronic,lowLevel.barkbands.stdev.9,0.40884885792030445
electronic,lowLevel.barkbands.mean.20,0.40712720708875594
electronic,lowLevel.barkbands.mean.24,0.39765356211851355
electronic,lowLevel.barkbands.stdev.11,0.3909630775755204
electronic,lowLevel.spectral_energyband_middle_high.stdev,0.3641627994893497
electronic,lowLevel.barkbands.stdev.6,0.363192566848511
electronic,lowLevel.barkbands.stdev.12,0.3482026548099384
electronic,lowLevel.barkbands_spread.stdev,0.33303465954850253
electronic,lowLevel.barkbands.mean.4,0.33123034709569765
electronic,lowLevel.spectral_decrease.mean,0.32675868687272214
electronic,lowLevel.spectral_energyband_high.stdev,0.3173853515472729
electronic,lowLevel.barkbands.stdev.5,0.3140753340012452
electronic,lowLevel.sccoeffs.mean.1,0.30299060284414736
electronic,lowLevel.scvalleys.mean.3,0.29608496002492757
electronic,lowLevel.spectral_skewness.mean,0.2928583988650644
electronic,lowLevel.barkbands.stdev.7,0.28910430264420484
electronic,lowLevel.mfcc.stdev.5,0.2762182288402073
electronic,lowLevel.barkbands.mean.25,0.2736778872058494
electronic,lowLevel.sccoeffs.mean.2,0.2720504730119728
electronic,lowLevel.scvalleys.stdev.5,0.2679533411647981
electronic,lowLevel.zerocrossingrate.mean,0.24982602535078513
electronic,lowLevel.barkbands.stdev.8,0.24901661192781432
electronic,lowLevel.barkbands.stdev.4,0.2482896120110354
electronic,lowLevel.spectral_flux.stdev,0.2411038300472228
electronic,lowLevel.barkbands.mean.19,0.23916868897504173
electronic,lowLevel.mfcc.mean.4,0.22746474202358513
electronic,lowLevel.barkbands.stdev.15,0.21288983174690657
electronic,lowLevel.barkbands.stdev.25,0.20816408094043481
electronic,lowLevel.barkbands.mean.3,0.20659552513552626
electronic,lowLevel.mfcc.stdev.11,0.20140352601299583
electronic,lowLevel.barkbands.stdev.17,0.20063248423855384
electronic,lowLevel.sccoeffs.stdev.2,0.20036416990660655
electronic,lowLevel.scvalleys.mean.5,0.20021663587522198
electronic,lowLevel.spectral_rolloff.stdev,0.1975595541880466
electronic,lowLevel.sccoeffs.stdev.1,0.19659009311180853
electronic,lowLevel.barkbands.stdev.18,0.19504188091377728
electronic,lowLevel.barkbands.mean.12,0.19494092116809725
electronic,lowLevel.spectral_flatness_db.stdev,0.19009946390906407
electronic,lowLevel.spectral_decrease.stdev,0.182007263455489
electronic,lowLevel.barkbands.stdev.16,0.18199716755391648
electronic,lowLevel.mfcc.mean.0,0.18170738834305666
electronic,lowLevel.barkbands.mean.13,0.18050443302377062
electronic,lowLevel.mfcc.mean.3,0.1795408893349304
electronic,lowLevel.barkbands.stdev.0,0.1788178277820407
electronic,lowLevel.barkbands.mean.7,0.17520993679499952
electronic,lowLevel.barkbands.stdev.10,0.17504917801024789
electronic,lowLevel.barkbands.stdev.22,0.17414348147212877
electronic,sfx.tristimulus.stdev.0,0.17016795928429929
electronic,lowLevel.barkbands.mean.8,0.16279975481319298
electronic,lowLevel.sccoeffs.mean.0,0.15729626023858145
electronic,lowLevel.spectral_centroid.mean,0.153798995969737
electronic,lowLevel.mfcc.stdev.12,0.15188586472140742
electronic,lowLevel.pitch.stdev,0.1481352515992853
electronic,sfx.inharmonicity.stdev,0.14743721197010018
electronic,lowLevel.mfcc.mean.2,0.14717854934860952
electronic,lowLevel.scvalleys.mean.1,0.14476088454557612
electronic,lowLevel.sccoeffs.mean.3,0.14423032120822654
electronic,lowLevel.barkbands.mean.6,0.1435371310053597
electronic,sfx.oddtoevenharmonicenergyratio.stdev,0.14346186201532873
electronic,lowLevel.barkbands.stdev.14,0.1408773668372305
electronic,lowLevel.barkbands_kurtosis.mean,0.140056947485391
electronic,lowLevel.sccoeffs.mean.4,0.13950264138816237
electronic,lowLevel.barkbands.stdev.24,0.13867173840901614
electronic,lowLevel.scvalleys.stdev.1,0.13701933530910537
electronic,lowLevel.spectral_spread.stdev,0.13538070849244832
electronic,lowLevel.mfcc.mean.7,0.13390807796331217
electronic,lowLevel.barkbands.stdev.21,0.13218537961802213
electronic,lowLevel.barkbands.mean.2,0.13191468942771678
electronic,lowLevel.mfcc.stdev.2,0.12093403384915291
electronic,lowLevel.pitch_instantaneous_confidence.mean,0.1184822975546922
electronic,lowLevel.barkbands.stdev.23,0.11286890302261554
electronic,sfx.tristimulus.stdev.1,0.10818596685095372
electronic,sfx.tristimulus.mean.1,0.10808997473941417
electronic,lowLevel.mfcc.stdev.1,0.10538312416952067
electronic,lowLevel.scvalleys.stdev.0,0.10446733308845069
electronic,lowLevel.barkbands.stdev.13,0.10259753460559295
electronic,lowLevel.barkbands.stdev.20,0.10180728215800627
electronic,sfx.oddtoevenharmonicenergyratio.mean,0.10095159435877576
electronic,lowLevel.mfcc.mean.6,0.09945762005259107
electronic,sfx.inharmonicity.mean,0.09028354247857351
electronic,lowLevel.barkbands.mean.9,0.08876871005145404
electronic,lowLevel.barkbands.stdev.19,0.08766856771308085
electronic,lowLevel.spectral_centroid.stdev,0.08612026536366102
electronic,lowLevel.pitch.mean,0.08249441013538217
electronic,lowLevel.sccoeffs.stdev.4,0.08247191242480767
electronic,lowLevel.spectral_kurtosis.stdev,0.08056733693820206
electronic,lowLevel.spectral_rolloff.mean,0.07684093891793964
electronic,lowLevel.barkbands_skewness.mean,0.07563399636637769
electronic,lowLevel.dissonance.stdev,0.07542136162737734
electronic,lowLevel.barkbands_skewness.stdev,0.07438425932195969
electronic,lowLevel.mfcc.mean.12,0.0742322697160489
electronic,sfx.tristimulus.mean.2,0.07263477055585099
electronic,lowLevel.spectral_crest.mean,0.07257155269599025
electronic,lowLevel.barkbands.mean.1,0.07118095475971131
electronic,lowLevel.spectral_skewness.stdev,0.06806604567123031
electronic,lowLevel.barkbands_spread.mean,0.06694692534273372
electronic,lowLevel.spectral_flatness_db.mean,0.06685102640403784
electronic,lowLevel.barkbands.mean.0,0.06669657180691502
electronic,lowLevel.mfcc.mean.5,0.06415706834741286
electronic,lowLevel.sccoeffs.stdev.5,0.06398956531950262
electronic,lowLevel.sccoeffs.stdev.0,0.06314995069078577
electronic,lowLevel.scvalleys.mean.0,0.061981989491414424
electronic,lowLevel.mfcc.mean.1,0.0584034434377827
electronic,lowLevel.mfcc.stdev.3,0.05559164406395212
electronic,lowLevel.mfcc.mean.10,0.05480297342683116
electronic,lowLevel.zerocrossingrate.stdev,0.05227765806557727
electronic,lowLevel.silence_rate_60dB.stdev,0.04771849748703971
electronic,lowLevel.scvalleys.stdev.3,0.046218473449004926
electronic,lowLevel.mfcc.mean.9,0.03660778512679763
electronic,lowLevel.mfcc.mean.8,0.035366024766915416
electronic,lowLevel.sccoeffs.stdev.3,0.03505662438396939
electronic,lowLevel.scvalleys.stdev.4,0.03422755898554897
electronic,lowLevel.barkbands_kurtosis.stdev,0.03314491447395085
electronic,lowLevel.scvalleys.stdev.2,0.032706948590202956
electronic,sfx.tristimulus.mean.0,0.027650919681036612
electronic,lowLevel.barkbands.stdev.1,0.023544740747411197
electronic,lowLevel.barkbands.stdev.2,0.023192721990767495
electronic,lowLevel.spectral_crest.stdev,0.02104753231876577
electronic,sfx.tristimulus.stdev.2,0.019871153652843532
electronic,lowLevel.scvalleys.mean.2,0.017388306811881193
electronic,lowLevel.mfcc.stdev.4,0.017340719474304933
electronic,lowLevel.spectral_energyband_low.mean,0.00999616186163621
electronic,lowLevel.spectral_energyband_low.stdev,0.009767385507984727
electronic,lowLevel.mfcc.mean.11,0.007512106682497688
electronic,lowLevel.pitch_salience.stdev,0.005404918078966148
electronic,lowLevel.silence_rate_30dB.stdev,0.0037362100556492805
electronic,lowLevel.silence_rate_20dB.mean,0.0
electronic,lowLevel.silence_rate_20dB.stdev,0.0
electronic,lowLevel.silence_rate_30dB.mean,0.0
empty,lowLevel.hfc.mean,80.71194585513513
empty,lowLevel.spectral_energy.mean,13.58645126454121
empty,lowLevel.spectral_complexity.stdev,6.833952441393649
empty,lowLevel.spectral_complexity.mean,5.206902697905207
empty,lowLevel.silence_rate_60dB.mean,3.42078406390101
empty,lowLevel.hfc.stdev,2.890973988281985
empty,lowLevel.spectral_energyband_middle_high.mean,1.3302820324570348
empty,lowLevel.barkbands.stdev.11,0.5827163330304757
empty,lowLevel.spectral_energyband_high.mean,0.4483278325651554
empty,lowLevel.mfcc.stdev.10,0.3977880367133366
empty,lowLevel.spectral_energyband_middle_low.mean,0.3962596811243202
empty,lowLevel.spectral_energyband_middle_low.stdev,0.3822941312300827
empty,lowLevel.barkbands.stdev.8,0.34883102156982204
empty,lowLevel.barkbands.mean.5,0.33877500800554117
empty,lowLevel.barkbands.stdev.12,0.3025926295622412
empty,lowLevel.mfcc.stdev.9,0.30090943126924685
empty,lowLevel.spectral_strongpeak.mean,0.27056679465158595
empty,lowLevel.barkbands.mean.6,0.2579696352722749
empty,lowLevel.barkbands.mean.17,0.2471364140710648
empty,lowLevel.mfcc.mean.8,0.23453672783944057
empty,lowLevel.barkbands.mean.12,0.22698078583653114
empty,lowLevel.pitch_instantaneous_confidence.stdev,0.22594715785453445
empty,lowLevel.mfcc.stdev.7,0.20298261677498886
empty,lowLevel.spectral_energyband_middle_high.stdev,0.1817085060865793
empty,lowLevel.mfcc.stdev.8,0.17806984891740285
empty,lowLevel.sccoeffs.stdev.5,0.16357319313556218
empty,lowLevel.spectral_rms.stdev,0.15528489431153503
empty,lowLevel.mfcc.mean.0,0.14113314371752494
empty,lowLevel.barkbands.mean.10,0.13991127950430382
empty,lowLevel.sccoeffs.stdev.3,0.13659150422427047
empty,lowLevel.sccoeffs.stdev.2,0.13355103757294273
empty,lowLevel.sccoeffs.mean.5,0.13148940538394527
empty,lowLevel.scvalleys.stdev.2,0.12780185394876753
empty,lowLevel.mfcc.stdev.12,0.12674523886562383
empty,lowLevel.barkbands.stdev.26,0.12594194049870566
empty,lowLevel.spectral_flux.stdev,0.12094597501618409
empty,sfx.tristimulus.mean.2,0.11668645400186506
empty,sfx.tristimulus.stdev.2,0.11024234712704128
empty,lowLevel.barkbands.stdev.10,0.1080261622805665
empty,lowLevel.sccoeffs.mean.3,0.105217701941001
empty,lowLevel.mfcc.mean.6,0.10436451786426915
empty,lowLevel.barkbands.stdev.9,0.10324515381580568
empty,lowLevel.sccoeffs.mean.2,0.1021894462292039
empty,lowLevel.barkbands_skewness.stdev,0.10122554498639147
empty,lowLevel.spectral_skewness.mean,0.09888926142230048
empty,sfx.tristimulus.stdev.1,0.09741214685891464
empty,lowLevel.spectral_crest.stdev,0.0949678543893242
empty,lowLevel.mfcc.stdev.0,0.09286957497079129
empty,lowLevel.spectral_flatness_db.stdev,0.09206075525389679
empty,lowLevel.barkbands.stdev.5,0.09018304306300706
empty,lowLevel.barkbands.mean.26,0.08771902542321186
empty,lowLevel.mfcc.stdev.11,0.08714341557515581
empty,lowLevel.sccoeffs.mean.4,0.08596498667066044
empty,lowLevel.scvalleys.stdev.5,0.0832618155363889
empty,lowLevel.zerocrossingrate.mean,0.07979209497989359
empty,lowLevel.barkbands.mean.4,0.07496109117619199
empty,lowLevel.barkbands.stdev.14,0.07062311439312907
empty,lowLevel.barkbands.stdev.17,0.07041257570745074
empty,lowLevel.barkbands.mean.15,0.07011331063495163
empty,lowLevel.barkbands.stdev.7,0.07006409374844225
empty,lowLevel.barkbands.mean.8,0.0670596201753142
empty,lowLevel.mfcc.stdev.4,0.06683336352216429
empty,lowLevel.barkbands.mean.25,0.06600528014860174
empty,lowLevel.spectral_skewness.stdev,0.06584598001791164
empty,lowLevel.barkbands.mean.18,0.06495250346961257
empty,lowLevel.barkbands.mean.16,0.06412557060684776
empty,lowLevel.barkbands.stdev.21,0.06351471242714979
empty,lowLevel.barkbands.mean.11,0.06332873888186441
empty,lowLevel.dissonance.mean,0.060090061878327106
empty,lowLevel.spectral_flux.mean,0.05874411903005239
empty,lowLevel.mfcc.mean.10,0.056977448564339284
empty,lowLevel.barkbands.stdev.3,0.05616663832915947
empty,lowLevel.scvalleys.stdev.0,0.05300519373213319
empty,lowLevel.sccoeffs.stdev.4,0.05277277253162538
empty,lowLevel.sccoeffs.stdev.1,0.05198048082547757
empty,lowLevel.barkbands.stdev.25,0.04972811520201503
empty,lowLevel.spectral_spread.stdev,0.04815430506096163
empty,lowLevel.spectral_strongpeak.stdev,0.048019451493019005
empty,lowLevel.mfcc.mean.12,0.047566728245328704
empty,lowLevel.barkbands_spread.stdev,0.04713113003253966
empty,sfx.oddtoevenharmonicenergyratio.mean,0.04586092734189151
empty,lowLevel.mfcc.mean.11,0.04518349729187321
empty,lowLevel.barkbands.stdev.23,0.0440133182446516
empty,lowLevel.scvalleys.stdev.3,0.04348843868683616
empty,lowLevel.spectral_kurtosis.stdev,0.043073937081317126
empty,lowLevel.barkbands.stdev.13,0.04285701527260244
empty,lowLevel.spectral_decrease.stdev,0.04207260382418099
empty,lowLevel.scvalleys.mean.5,0.040297150911555946
empty,lowLevel.mfcc.stdev.5,0.03912038981297883
empty,sfx.tristimulus.stdev.0,0.03749085562503751
empty,lowLevel.pitch.stdev,0.03706092791435367
empty,lowLevel.barkbands.mean.24,0.036542898184961814
empty,lowLevel.barkbands_kurtosis.mean,0.03580405902266648
empty,lowLevel.mfcc.mean.3,0.03560269966328633
empty,lowLevel.spectral_centroid.stdev,0.034888238786152215
empty,lowLevel.pitch.mean,0.03331259684637189
empty,lowLevel.barkbands.stdev.1,0.03262445137215764
empty,sfx.tristimulus.mean.1,0.032153398827176716
empty,lowLevel.barkbands.stdev.15,0.03205571858052281
empty,lowLevel.scvalleys.mean.0,0.03203674097767362
empty,lowLevel.barkbands.stdev.18,0.03178989025764167
empty,lowLevel.spectral_rms.mean,0.03140238084051816
empty,lowLevel.barkbands_spread.mean,0.030219234227843117
empty,lowLevel.spectral_energy.stdev,0.02966922949963191
empty,lowLevel.scvalleys.mean.1,0.029142617499474
empty,lowLevel.scvalleys.mean.4,0.02814014708656032
empty,lowLevel.spectral_rolloff.stdev,0.027675525071572338
empty,lowLevel.spectral_decrease.mean,0.02736575643211836
empty,lowLevel.barkbands.mean.9,0.026691701164054393
empty,sfx.oddtoevenharmonicenergyratio.stdev,0.02613792265947268
empty,lowLevel.mfcc.stdev.6,0.02585375612034113
empty,lowLevel.mfcc.stdev.1,0.02530074710421104
empty,sfx.inharmonicity.mean,0.024605000025985646
empty,lowLevel.barkbands.stdev.19,0.023253673085037008
empty,lowLevel.spectral_centroid.mean,0.02305784313921322
empty,lowLevel.spectral_spread.mean,0.022569138066501182
empty,sfx.tristimulus.mean.0,0.02220511162704497
empty,lowLevel.barkbands.stdev.4,0.020582408443260647
empty,lowLevel.barkbands.mean.19,0.020037848780702916
empty,lowLevel.mfcc.stdev.3,0.019797928885054716
empty,lowLevel.barkbands.mean.20,0.01951697460390278
empty,lowLevel.scvalleys.stdev.4,0.01884407225315954
empty,lowLevel.spectral_flatness_db.mean,0.01877012075692619
empty,lowLevel.scvalleys.mean.2,0.01867689847404108
empty,lowLevel.barkbands.stdev.16,0.017656736827120767
empty,lowLevel.barkbands.mean.7,0.017343260331472266
empty,lowLevel.barkbands.mean.22,0.01707143898420327
empty,lowLevel.mfcc.mean.7,0.01659705311521975
empty,lowLevel.dissonance.stdev,0.016423317121734726
empty,lowLevel.barkbands.mean.23,0.01613563964201603
empty,lowLevel.barkbands_kurtosis.stdev,0.01590984424092312
empty,lowLevel.barkbands.mean.21,0.015672935338443494
empty,lowLevel.barkbands.mean.13,0.015664354692489724
empty,lowLevel.silence_rate_60dB.stdev,0.015654115286451997
empty,lowLevel.spectral_kurtosis.mean,0.01560062167209253
empty,lowLevel.barkbands.stdev.22,0.015291432806407101
empty,lowLevel.spectral_crest.mean,0.014805732741479005
empty,lowLevel.sccoeffs.mean.0,0.014796701872000995
empty,lowLevel.mfcc.stdev.2,0.014752716992006754
empty,lowLevel.barkbands.mean.0,0.014401964658645738
empty,lowLevel.pitch_salience.stdev,0.013958080474367307
empty,lowLevel.barkbands.mean.1,0.013786977284325985
empty,lowLevel.spectral_rolloff.mean,0.013595879434888047
empty,lowLevel.mfcc.mean.5,0.013578639561728778
empty,lowLevel.mfcc.mean.4,0.01335444899450522
empty,lowLevel.scvalleys.mean.3,0.013163394160073949
empty,lowLevel.barkbands.stdev.20,0.01281538356852252
empty,lowLevel.barkbands_skewness.mean,0.01271032662361904
empty,lowLevel.scvalleys.stdev.1,0.012626473424461437
empty,lowLevel.spectral_energyband_low.mean,0.012467089824895083
empty,lowLevel.zerocrossingrate.stdev,0.01087574827397475
empty,lowLevel.barkbands.stdev.6,0.010791327744072987
empty,lowLevel.barkbands.mean.3,0.010670390090126602
empty,lowLevel.sccoeffs.mean.1,0.010669823024272773
empty,lowLevel.mfcc.mean.1,0.010245223232232092
empty,lowLevel.sccoeffs.stdev.0,0.00933729613552714
empty,lowLevel.barkbands.stdev.0,0.008945231174948276
empty,sfx.inharmonicity.stdev,0.008336467366916622
empty,lowLevel.mfcc.mean.9,0.007751622581963602
empty,lowLevel.mfcc.mean.2,0.007528948520302947
empty,lowLevel.pitch_salience.mean,0.006471582794802089
empty,lowLevel.barkbands.mean.14,0.0058596490221134445
empty,lowLevel.barkbands.stdev.2,0.0054962433605396654
empty,lowLevel.pitch_instantaneous_confidence.mean,0.005393716342950938
empty,lowLevel.spectral_energyband_low.stdev,0.003934465843940416
empty,lowLevel.barkbands.mean.2,0.0036106009333707334
empty,lowLevel.spectral_energyband_high.stdev,0.0035628867663035635
empty,lowLevel.barkbands.stdev.24,0.002661185611032124
empty,lowLevel.silence_rate_30dB.mean,0.001024940051138401
empty,lowLevel.silence_rate_30dB.stdev,9.075109846889973e-05
empty,lowLevel.silence_rate_20dB.stdev,0.0
empty,lowLevel.silence_rate_20dB.mean,0.0
encouraging,lowLevel.spectral_energy.mean,38.900688475849165
encouraging,lowLevel.spectral_complexity.mean,29.297661930417235
encouraging,lowLevel.silence_rate_60dB.mean,20.894660175770696
encouraging,lowLevel.spectral_complexity.stdev,6.504268778313417
encouraging,lowLevel.spectral_rms.stdev,6.117331992943946
encouraging,lowLevel.barkbands.mean.5,5.4964876613084925
encouraging,lowLevel.mfcc.stdev.9,4.658623161187279
encouraging,lowLevel.hfc.mean,4.03282615959688
encouraging,lowLevel.spectral_energyband_middle_low.mean,3.7407527744726394
encouraging,lowLevel.mfcc.stdev.10,3.4662312535801902
encouraging,lowLevel.mfcc.stdev.8,3.4346773392426257
encouraging,lowLevel.mfcc.stdev.11,2.1745618899949477
encouraging,lowLevel.scvalleys.stdev.4,1.57131579410634
encouraging,lowLevel.pitch_instantaneous_confidence.stdev,1.4821054215899494
encouraging,lowLevel.spectral_energyband_high.stdev,1.4281715918623377
encouraging,lowLevel.spectral_energyband_middle_high.mean,1.3407412649576145
encouraging,lowLevel.barkbands.stdev.26,1.3167771441076184
encouraging,lowLevel.mfcc.stdev.12,1.3148129436958698
encouraging,lowLevel.spectral_skewness.mean,1.2678791506768903
encouraging,lowLevel.spectral_kurtosis.mean,1.1890623653307557
encouraging,lowLevel.spectral_energyband_middle_low.stdev,1.1702905644633574
encouraging,lowLevel.mfcc.stdev.0,1.16844026761828
encouraging,lowLevel.scvalleys.mean.4,1.150374064425705
encouraging,lowLevel.barkbands.mean.26,1.0918062281052698
encouraging,lowLevel.sccoeffs.mean.3,1.059587239724351
encouraging,lowLevel.spectral_strongpeak.stdev,1.0271019428000727
encouraging,lowLevel.scvalleys.stdev.3,1.0000770751648815
encouraging,lowLevel.spectral_energy.stdev,0.9398521531547885
encouraging,lowLevel.mfcc.stdev.7,0.9226168227614835
encouraging,lowLevel.barkbands.stdev.15,0.9030346381987329
encouraging,lowLevel.mfcc.mean.8,0.8975595904194051
encouraging,lowLevel.sccoeffs.mean.4,0.849853225008701
encouraging,lowLevel.spectral_spread.mean,0.6770064285265107
encouraging,lowLevel.barkbands.mean.25,0.6754562771966448
encouraging,lowLevel.barkbands.stdev.4,0.6724590611993335
encouraging,lowLevel.hfc.stdev,0.6636776022205595
encouraging,lowLevel.sccoeffs.mean.5,0.6521885338879656
encouraging,lowLevel.scvalleys.stdev.1,0.6192645053233718
encouraging,lowLevel.spectral_energyband_middle_high.stdev,0.5794654096462182
encouraging,lowLevel.scvalleys.stdev.2,0.5681927121404442
encouraging,lowLevel.barkbands.mean.19,0.5660393334255787
encouraging,lowLevel.scvalleys.mean.5,0.53241398006503
encouraging,sfx.tristimulus.stdev.1,0.5207307683449471
encouraging,lowLevel.barkbands.mean.17,0.5035952795660705
encouraging,lowLevel.barkbands.stdev.3,0.4607615187414922
encouraging,lowLevel.barkbands.stdev.17,0.45625543035930605
encouraging,lowLevel.sccoeffs.mean.2,0.4168539055826841
encouraging,lowLevel.sccoeffs.stdev.2,0.4137866580495029
encouraging,lowLevel.pitch.mean,0.4050017170229694
encouraging,lowLevel.barkbands.stdev.12,0.404992120944371
encouraging,lowLevel.spectral_kurtosis.stdev,0.3979206858566613
encouraging,lowLevel.barkbands.stdev.6,0.39060733756195987
encouraging,lowLevel.scvalleys.stdev.0,0.38260285826072504
encouraging,lowLevel.mfcc.stdev.5,0.3704338524476043
encouraging,lowLevel.silence_rate_60dB.stdev,0.36658153997996124
encouraging,lowLevel.spectral_energyband_high.mean,0.35760881826718105
encouraging,lowLevel.spectral_rms.mean,0.3551267511647893
encouraging,lowLevel.barkbands.mean.4,0.3433504359709332
encouraging,lowLevel.spectral_skewness.stdev,0.33589173893415136
encouraging,lowLevel.mfcc.mean.7,0.3344605891907122
encouraging,lowLevel.sccoeffs.stdev.3,0.31453164169943193
encouraging,lowLevel.zerocrossingrate.stdev,0.3122020224800508
encouraging,lowLevel.pitch_salience.mean,0.311279164699954
encouraging,lowLevel.scvalleys.stdev.5,0.30889513729925966
encouraging,lowLevel.mfcc.stdev.2,0.3022771185460442
encouraging,lowLevel.barkbands.mean.7,0.30019905080189346
encouraging,lowLevel.mfcc.stdev.4,0.2943868053807819
encouraging,lowLevel.spectral_crest.stdev,0.2884568728550221
encouraging,lowLevel.barkbands.stdev.19,0.2876958072738489
encouraging,lowLevel.mfcc.mean.1,0.2853510046552401
encouraging,lowLevel.spectral_strongpeak.mean,0.2803545046845102
encouraging,lowLevel.barkbands.mean.2,0.2679098877488286
encouraging,lowLevel.spectral_decrease.mean,0.2529491726963897
encouraging,lowLevel.scvalleys.mean.2,0.23847063608991448
encouraging,lowLevel.zerocrossingrate.mean,0.23794225341407582
encouraging,lowLevel.barkbands.mean.20,0.23681186196336057
encouraging,lowLevel.barkbands.mean.6,0.23644584765133914
encouraging,lowLevel.spectral_rolloff.stdev,0.2314044737649965
encouraging,lowLevel.barkbands.stdev.7,0.22797846682806266
encouraging,lowLevel.spectral_flatness_db.stdev,0.2267586604684766
encouraging,lowLevel.barkbands.mean.10,0.2260563183153863
encouraging,lowLevel.barkbands.mean.21,0.2247803752325126
encouraging,lowLevel.mfcc.stdev.6,0.2148282335328986
encouraging,lowLevel.mfcc.mean.3,0.2114963647109107
encouraging,lowLevel.barkbands.stdev.5,0.2099880621644843
encouraging,lowLevel.mfcc.mean.6,0.20846998506749514
encouraging,sfx.tristimulus.stdev.2,0.20240193463178002
encouraging,lowLevel.barkbands.stdev.20,0.2008158677490428
encouraging,lowLevel.mfcc.stdev.1,0.19878557583797374
encouraging,lowLevel.barkbands_kurtosis.stdev,0.19509273812946049
encouraging,lowLevel.barkbands.mean.15,0.19070799768087454
encouraging,lowLevel.mfcc.stdev.3,0.18393166471651057
encouraging,lowLevel.sccoeffs.stdev.5,0.18283417175916838
encouraging,lowLevel.pitch.stdev,0.18223962509728153
encouraging,lowLevel.barkbands.mean.13,0.17559743390302174
encouraging,lowLevel.scvalleys.mean.3,0.1735341622843407
encouraging,lowLevel.sccoeffs.mean.1,0.17339911733506597
encouraging,lowLevel.sccoeffs.stdev.1,0.16772498241698486
encouraging,lowLevel.barkbands.stdev.13,0.16176333335897652
encouraging,lowLevel.barkbands.mean.18,0.1605769914931443
encouraging,lowLevel.spectral_flux.mean,0.15088993165409192
encouraging,sfx.oddtoevenharmonicenergyratio.stdev,0.1500750801715185
encouraging,lowLevel.barkbands_skewness.mean,0.14879284625931177
encouraging,lowLevel.pitch_instantaneous_confidence.mean,0.1475577351739048
encouraging,lowLevel.spectral_centroid.stdev,0.1430982418678468
encouraging,sfx.oddtoevenharmonicenergyratio.mean,0.13982511856011115
encouraging,lowLevel.mfcc.mean.0,0.13812228283495642
encouraging,lowLevel.mfcc.mean.2,0.13689566688117338
encouraging,lowLevel.spectral_flux.stdev,0.12604552287666593
encouraging,lowLevel.barkbands_skewness.stdev,0.12221088943988434
encouraging,lowLevel.mfcc.mean.12,0.11948451941498206
encouraging,lowLevel.mfcc.mean.10,0.11699226127166185
encouraging,lowLevel.barkbands.mean.9,0.11622078811342362
encouraging,sfx.inharmonicity.mean,0.11169255440108827
encouraging,lowLevel.barkbands.mean.12,0.10984719774569385
encouraging,lowLevel.barkbands.stdev.0,0.10545056985574774
encouraging,lowLevel.barkbands.mean.24,0.10482504029641859
encouraging,lowLevel.scvalleys.mean.1,0.10373284257366322
encouraging,lowLevel.barkbands.mean.1,0.09510241512543871
encouraging,sfx.inharmonicity.stdev,0.09485328894515987
encouraging,lowLevel.spectral_spread.stdev,0.09445943627360975
encouraging,lowLevel.sccoeffs.mean.0,0.09381907111674082
encouraging,lowLevel.mfcc.mean.4,0.09338128337913076
encouraging,lowLevel.barkbands.mean.22,0.09160405424336204
encouraging,lowLevel.mfcc.mean.9,0.08911239640292479
encouraging,lowLevel.barkbands.mean.0,0.08674398854054743
encouraging,lowLevel.spectral_energyband_low.mean,0.08377047104295343
encouraging,sfx.tristimulus.stdev.0,0.08295662619639188
encouraging,lowLevel.barkbands.mean.16,0.0826120290585095
encouraging,lowLevel.sccoeffs.stdev.4,0.08082381775602698
encouraging,lowLevel.pitch_salience.stdev,0.08031134758493863
encouraging,lowLevel.barkbands.stdev.18,0.07946836406335933
encouraging,lowLevel.barkbands_spread.stdev,0.07739705472340574
encouraging,lowLevel.barkbands.stdev.25,0.07650162451682263
encouraging,lowLevel.barkbands.stdev.9,0.0759876253978291
encouraging,lowLevel.barkbands.stdev.21,0.07597171059023822
encouraging,lowLevel.barkbands.mean.14,0.07472953418619
encouraging,lowLevel.barkbands.stdev.24,0.0743572361607221
encouraging,lowLevel.spectral_flatness_db.mean,0.07344838309654733
encouraging,lowLevel.barkbands.mean.8,0.07257811943418346
encouraging,lowLevel.sccoeffs.stdev.0,0.07224028497512336
encouraging,sfx.tristimulus.mean.1,0.07062229536677478
encouraging,lowLevel.spectral_energyband_low.stdev,0.07018087043979904
encouraging,lowLevel.barkbands.stdev.10,0.06901623501471477
encouraging,lowLevel.barkbands.stdev.2,0.06818880810533301
encouraging,lowLevel.barkbands.mean.3,0.06674570826726267
encouraging,lowLevel.dissonance.stdev,0.06619931430759607
encouraging,lowLevel.barkbands.stdev.14,0.06488995957624866
encouraging,lowLevel.barkbands.mean.11,0.06279417248879327
encouraging,lowLevel.dissonance.mean,0.061526317018433474
encouraging,lowLevel.barkbands.mean.23,0.054870028550794814
encouraging,lowLevel.barkbands.stdev.22,0.051681646320503205
encouraging,sfx.tristimulus.mean.2,0.05101950808239053
encouraging,lowLevel.spectral_decrease.stdev,0.04805266213952564
encouraging,lowLevel.barkbands.stdev.11,0.0459692099611857
encouraging,lowLevel.mfcc.mean.11,0.0422675695081125
encouraging,lowLevel.mfcc.mean.5,0.041055496210901765
encouraging,lowLevel.barkbands.stdev.16,0.039666288314037956
encouraging,lowLevel.spectral_centroid.mean,0.03832394791243132
encouraging,lowLevel.barkbands_spread.mean,0.03578543942057877
encouraging,lowLevel.barkbands.stdev.23,0.03565626632916974
encouraging,lowLevel.spectral_crest.mean,0.031673447556386236
encouraging,lowLevel.scvalleys.mean.0,0.03058145353134023
encouraging,sfx.tristimulus.mean.0,0.026285411717253737
encouraging,lowLevel.barkbands.stdev.1,0.022367933386703953
encouraging,lowLevel.barkbands_kurtosis.mean,0.020762579813890625
encouraging,lowLevel.barkbands.stdev.8,0.01940194626513403
encouraging,lowLevel.spectral_rolloff.mean,0.012173789196822327
encouraging,lowLevel.silence_rate_30dB.stdev,0.008958235535828862
encouraging,lowLevel.silence_rate_30dB.mean,0.001094650011509657
encouraging,lowLevel.silence_rate_20dB.stdev,3.8385900552384555e-05
encouraging,lowLevel.silence_rate_20dB.mean,0.0
energetic,lowLevel.barkbands.mean.18,22.352130965642573
energetic,lowLevel.barkbands.mean.17,11.982424152349267
energetic,lowLevel.spectral_energyband_middle_high.stdev,5.974949697461852
energetic,lowLevel.hfc.mean,5.939944548306812
energetic,lowLevel.barkbands.mean.19,4.946260189084569
energetic,lowLevel.spectral_strongpeak.stdev,4.224388241942506
energetic,lowLevel.spectral_energyband_middle_high.mean,3.9003786159155425
energetic,lowLevel.sccoeffs.mean.4,2.7849886722688098
energetic,lowLevel.sccoeffs.mean.3,2.5650367166890646
energetic,lowLevel.barkbands.stdev.3,2.349446169202565
energetic,lowLevel.mfcc.stdev.9,2.1001295587193454
energetic,lowLevel.mfcc.stdev.8,1.9686212056694785
energetic,lowLevel.mfcc.stdev.10,1.8359548267690116
energetic,lowLevel.spectral_strongpeak.mean,1.8175715100951493
energetic,lowLevel.mfcc.stdev.12,1.5686191031527414
energetic,lowLevel.scvalleys.stdev.3,1.4388821087195538
energetic,lowLevel.mfcc.stdev.7,1.4207615155464737
energetic,lowLevel.sccoeffs.mean.5,1.279537700014771
energetic,lowLevel.spectral_complexity.mean,1.2321342011346132
energetic,lowLevel.barkbands.mean.4,1.0400686766006402
energetic,lowLevel.silence_rate_60dB.stdev,0.9391410349344369
energetic,lowLevel.spectral_energyband_high.mean,0.9047467065465753
energetic,lowLevel.barkbands.stdev.4,0.8363105578609975
energetic,lowLevel.scvalleys.mean.5,0.8209664069654536
energetic,lowLevel.spectral_spread.mean,0.8193346363477758
energetic,lowLevel.spectral_kurtosis.mean,0.8100435408559861
energetic,lowLevel.mfcc.stdev.11,0.7939668893595808
energetic,lowLevel.barkbands.mean.20,0.7305344012056594
energetic,lowLevel.silence_rate_60dB.mean,0.7117970387917012
energetic,lowLevel.mfcc.mean.8,0.47986944107105955
energetic,lowLevel.pitch_instantaneous_confidence.stdev,0.4670004871513811
energetic,lowLevel.mfcc.stdev.0,0.44261011244088877
energetic,lowLevel.sccoeffs.mean.2,0.42064434057465405
energetic,lowLevel.hfc.stdev,0.41811406347187585
energetic,lowLevel.scvalleys.stdev.2,0.41655359548167326
energetic,lowLevel.barkbands.mean.26,0.40124753017153125
energetic,lowLevel.scvalleys.stdev.4,0.3895796442811843
energetic,lowLevel.scvalleys.mean.4,0.3856229747252655
energetic,lowLevel.spectral_complexity.stdev,0.36464103242906276
energetic,lowLevel.barkbands.mean.22,0.3227796029386809
energetic,lowLevel.spectral_skewness.stdev,0.30914559924713103
energetic,lowLevel.spectral_kurtosis.stdev,0.3067922165937489
energetic,sfx.tristimulus.stdev.1,0.29250342504747096
energetic,lowLevel.zerocrossingrate.stdev,0.2916281616417109
energetic,lowLevel.scvalleys.mean.2,0.2862303046058514
energetic,lowLevel.scvalleys.stdev.0,0.2745992179989116
energetic,lowLevel.sccoeffs.stdev.2,0.25259844634274486
energetic,lowLevel.spectral_energyband_middle_low.stdev,0.2519800525988103
energetic,lowLevel.mfcc.stdev.2,0.24380561917132582
energetic,lowLevel.pitch.mean,0.2420200280903373
energetic,lowLevel.spectral_energyband_middle_low.mean,0.23674085436505266
energetic,lowLevel.barkbands.mean.11,0.2221334614114312
energetic,lowLevel.barkbands.stdev.1,0.2205564215691993
energetic,lowLevel.barkbands.mean.21,0.21348871970258188
energetic,lowLevel.barkbands.stdev.10,0.2107646090153139
energetic,lowLevel.spectral_centroid.stdev,0.20715721352462424
energetic,lowLevel.pitch_instantaneous_confidence.mean,0.2044433467744966
energetic,lowLevel.mfcc.mean.0,0.19783615478445427
energetic,lowLevel.spectral_skewness.mean,0.19451182831835467
energetic,lowLevel.scvalleys.stdev.1,0.1814610578585416
energetic,lowLevel.mfcc.mean.3,0.1737809837431996
energetic,lowLevel.spectral_rolloff.stdev,0.1721450638397073
energetic,lowLevel.barkbands.mean.25,0.16618893944541924
energetic,lowLevel.spectral_rms.mean,0.1652015660656616
energetic,lowLevel.barkbands.stdev.18,0.16505517768746358
energetic,lowLevel.mfcc.stdev.5,0.1551931712019723
energetic,lowLevel.scvalleys.stdev.5,0.15195670739922207
energetic,lowLevel.barkbands.mean.3,0.14619751951249782
energetic,lowLevel.barkbands.mean.10,0.14160737555357628
energetic,lowLevel.barkbands.stdev.21,0.12826914897595998
energetic,lowLevel.barkbands.stdev.11,0.12782159547350602
energetic,lowLevel.barkbands.stdev.5,0.12454847094340948
energetic,lowLevel.mfcc.mean.7,0.12263380899821641
energetic,lowLevel.barkbands.mean.16,0.12185150392906507
energetic,lowLevel.barkbands.stdev.16,0.12019341611448908
energetic,lowLevel.mfcc.mean.6,0.11952250761532923
energetic,lowLevel.mfcc.mean.1,0.11885486714891158
energetic,lowLevel.barkbands.mean.5,0.11606620033853687
energetic,lowLevel.barkbands.mean.9,0.1115268419162021
energetic,lowLevel.barkbands.stdev.26,0.10105639350877027
energetic,lowLevel.pitch_salience.stdev,0.09677178395941155
energetic,lowLevel.barkbands.stdev.15,0.09662328899139538
energetic,lowLevel.zerocrossingrate.mean,0.09619885752908885
energetic,lowLevel.mfcc.stdev.6,0.0935974865424214
energetic,sfx.oddtoevenharmonicenergyratio.mean,0.08964666300744284
energetic,lowLevel.barkbands.stdev.9,0.08759478498541284
energetic,lowLevel.scvalleys.mean.0,0.08472065903333714
energetic,lowLevel.barkbands.mean.0,0.08441296046657953
energetic,lowLevel.barkbands.mean.24,0.08269578190811444
energetic,lowLevel.barkbands_skewness.mean,0.08128129091346636
energetic,lowLevel.barkbands.mean.13,0.07669026892108377
energetic,lowLevel.barkbands_kurtosis.mean,0.07654438704048516
energetic,lowLevel.barkbands.mean.7,0.07535513270704541
energetic,lowLevel.barkbands.stdev.7,0.0750307596536004
energetic,lowLevel.spectral_crest.mean,0.0748889903043164
energetic,lowLevel.spectral_energyband_low.mean,0.07476292528008344
energetic,lowLevel.sccoeffs.stdev.4,0.07276044789614389
energetic,lowLevel.sccoeffs.mean.1,0.07115139701636508
energetic,lowLevel.barkbands.stdev.0,0.07052550176376826
energetic,lowLevel.mfcc.stdev.4,0.0704956666304497
energetic,lowLevel.spectral_energyband_high.stdev,0.06910823548969347
energetic,lowLevel.mfcc.mean.12,0.06882766612397972
energetic,lowLevel.spectral_centroid.mean,0.06666667533863802
energetic,lowLevel.scvalleys.mean.3,0.06486832386872265
energetic,lowLevel.barkbands.stdev.24,0.06430856505176052
energetic,lowLevel.mfcc.mean.4,0.06369940210424829
energetic,lowLevel.barkbands.stdev.23,0.06310444584960351
energetic,lowLevel.barkbands.stdev.6,0.062136959521012614
energetic,lowLevel.mfcc.mean.10,0.06184984772698954
energetic,sfx.oddtoevenharmonicenergyratio.stdev,0.05971807752575842
energetic,lowLevel.barkbands.stdev.12,0.057306688839162234
energetic,lowLevel.mfcc.stdev.3,0.05702752745128237
energetic,sfx.inharmonicity.mean,0.05696956724204938
energetic,lowLevel.spectral_flux.mean,0.05689708560385043
energetic,lowLevel.barkbands.stdev.22,0.05637110063980799
energetic,lowLevel.spectral_rms.stdev,0.055960698788112495
energetic,lowLevel.barkbands.mean.23,0.05528826784575358
energetic,lowLevel.pitch.stdev,0.054502250080986414
energetic,lowLevel.spectral_flux.stdev,0.05412182749569183
energetic,lowLevel.barkbands.mean.1,0.05320808821852552
energetic,lowLevel.spectral_flatness_db.mean,0.05166838203876978
energetic,lowLevel.dissonance.mean,0.05081878008786589
energetic,lowLevel.barkbands.stdev.17,0.04982460381870624
energetic,sfx.tristimulus.stdev.2,0.047456138039706275
energetic,lowLevel.barkbands_kurtosis.stdev,0.04634438575885724
energetic,sfx.tristimulus.mean.2,0.04566981275274884
energetic,lowLevel.barkbands.mean.6,0.04407902514503803
energetic,lowLevel.sccoeffs.stdev.1,0.04288096214440884
energetic,lowLevel.spectral_rolloff.mean,0.04276584491162794
energetic,lowLevel.spectral_energyband_low.stdev,0.04211773593851831
energetic,lowLevel.mfcc.mean.5,0.04149787374626612
energetic,lowLevel.barkbands_spread.mean,0.04026669345330447
energetic,lowLevel.spectral_energy.mean,0.040252899096230976
energetic,lowLevel.spectral_flatness_db.stdev,0.040039333936874755
energetic,lowLevel.spectral_spread.stdev,0.03925660571985645
energetic,sfx.tristimulus.mean.1,0.038842860609292984
energetic,lowLevel.barkbands_spread.stdev,0.03782990245963447
energetic,sfx.tristimulus.mean.0,0.03685362856413121
energetic,lowLevel.spectral_crest.stdev,0.036644506370066665
energetic,lowLevel.barkbands.stdev.13,0.03651074803201482
energetic,lowLevel.mfcc.mean.11,0.03459528762323316
energetic,lowLevel.mfcc.mean.9,0.03453668626389117
energetic,lowLevel.sccoeffs.mean.0,0.033108631847426295
energetic,lowLevel.spectral_decrease.mean,0.032432882813736796
energetic,lowLevel.sccoeffs.stdev.3,0.03145499753736658
energetic,lowLevel.barkbands.mean.15,0.03117747947544558
energetic,lowLevel.barkbands.mean.12,0.03100860301492503
energetic,lowLevel.pitch_salience.mean,0.030854767908749636
energetic,lowLevel.mfcc.stdev.1,0.03035173288117221
energetic,lowLevel.barkbands.stdev.8,0.02987191938154865
energetic,lowLevel.barkbands.stdev.19,0.02949000708758831
energetic,lowLevel.dissonance.stdev,0.029139476093405392
energetic,lowLevel.spectral_energy.stdev,0.026718287030234933
energetic,sfx.inharmonicity.stdev,0.026322821733629098
energetic,lowLevel.spectral_decrease.stdev,0.022552954287675675
energetic,lowLevel.scvalleys.mean.1,0.022452384800999425
energetic,lowLevel.mfcc.mean.2,0.0217798226949526
energetic,lowLevel.barkbands.stdev.14,0.02118006944510853
energetic,lowLevel.sccoeffs.stdev.0,0.01944933908089297
energetic,lowLevel.barkbands.mean.8,0.019222225739213172
energetic,lowLevel.sccoeffs.stdev.5,0.018689331049245084
energetic,lowLevel.barkbands.stdev.20,0.018588664788694587
energetic,sfx.tristimulus.stdev.0,0.01811586701296619
energetic,lowLevel.barkbands.stdev.2,0.017874340948765166
energetic,lowLevel.barkbands.mean.2,0.012991370109375566
energetic,lowLevel.barkbands_skewness.stdev,0.01072674518218264
energetic,lowLevel.barkbands.mean.14,0.009572357030265266
energetic,lowLevel.barkbands.stdev.25,0.006270526006119326
energetic,lowLevel.silence_rate_30dB.mean,0.0005336869799066335
energetic,lowLevel.silence_rate_30dB.stdev,0.0003058160000364296
energetic,lowLevel.silence_rate_20dB.stdev,0.00013267999747768044
energetic,lowLevel.silence_rate_20dB.mean,0.0
exciting,lowLevel.barkbands.mean.18,15.00788488148828
exciting,lowLevel.barkbands.mean.19,8.313991308328696
exciting,lowLevel.barkbands.stdev.3,4.5423528659157455
exciting,lowLevel.hfc.mean,4.041758539271541
exciting,lowLevel.barkbands.mean.17,3.9569404200301506
exciting,lowLevel.spectral_energyband_middle_high.stdev,3.8160100605455227
exciting,lowLevel.mfcc.stdev.10,3.474129470239859
exciting,lowLevel.barkbands.stdev.4,2.822192004241515
exciting,lowLevel.sccoeffs.mean.4,2.639282579824794
exciting,lowLevel.spectral_strongpeak.stdev,2.5557517821434885
exciting,lowLevel.mfcc.stdev.8,2.4594103771378286
exciting,lowLevel.scvalleys.stdev.3,2.4202537160599604
exciting,lowLevel.spectral_energyband_high.mean,2.4153542837593704
exciting,lowLevel.sccoeffs.mean.3,2.1834503868667525
exciting,lowLevel.mfcc.stdev.9,2.0562974538770504
exciting,lowLevel.barkbands.mean.20,1.938177334406646
exciting,lowLevel.spectral_complexity.mean,1.8403681090276223
exciting,lowLevel.spectral_spread.mean,1.6795711349404883
exciting,lowLevel.mfcc.stdev.11,1.658732714917278
exciting,lowLevel.mfcc.stdev.7,1.5762948183109984
exciting,lowLevel.silence_rate_60dB.mean,1.569081552705029
exciting,lowLevel.mfcc.stdev.12,1.5092369274352677
exciting,lowLevel.sccoeffs.mean.5,1.4886145766358823
exciting,lowLevel.spectral_energyband_middle_high.mean,1.1950063398689963
exciting,lowLevel.pitch_instantaneous_confidence.stdev,0.8979297976184171
exciting,lowLevel.scvalleys.mean.5,0.8021370279602706
exciting,lowLevel.barkbands.mean.3,0.7790697296150029
exciting,lowLevel.barkbands.mean.11,0.7272124135633931
exciting,lowLevel.spectral_kurtosis.mean,0.6873235766252037
exciting,lowLevel.scvalleys.stdev.2,0.6001251483685337
exciting,lowLevel.barkbands.mean.4,0.5781780557881575
exciting,lowLevel.sccoeffs.mean.2,0.5402380781888496
exciting,lowLevel.spectral_complexity.stdev,0.5341485170065425
exciting,lowLevel.mfcc.mean.8,0.51929562096484
exciting,lowLevel.hfc.stdev,0.5079864568833727
exciting,lowLevel.spectral_rms.stdev,0.49342473613796756
exciting,lowLevel.silence_rate_60dB.stdev,0.4933166824048385
exciting,lowLevel.scvalleys.mean.3,0.4900293761747889
exciting,lowLevel.spectral_kurtosis.stdev,0.46893783746054396
exciting,lowLevel.barkbands.mean.10,0.46640436397865415
exciting,lowLevel.mfcc.stdev.0,0.45770046446705237
exciting,lowLevel.scvalleys.stdev.4,0.44812134344829246
exciting,lowLevel.scvalleys.mean.4,0.4052174593671225
exciting,lowLevel.scvalleys.stdev.1,0.4036428545950912
exciting,lowLevel.mfcc.stdev.2,0.3807595651014708
exciting,lowLevel.barkbands.stdev.2,0.3575337508227676
exciting,lowLevel.spectral_skewness.mean,0.3487151713343337
exciting,lowLevel.scvalleys.stdev.0,0.3329413309984375
exciting,lowLevel.spectral_flux.stdev,0.307215919601731
exciting,lowLevel.barkbands.mean.26,0.30251706892158836
exciting,lowLevel.scvalleys.mean.2,0.29809664038475603
exciting,lowLevel.sccoeffs.stdev.2,0.29616615128179546
exciting,lowLevel.barkbands.stdev.26,0.286873721255688
exciting,lowLevel.spectral_centroid.stdev,0.28224597667576745
exciting,lowLevel.mfcc.stdev.5,0.28049442867632024
exciting,lowLevel.spectral_rolloff.stdev,0.27856277700630017
exciting,sfx.tristimulus.stdev.1,0.2650792982603889
exciting,lowLevel.spectral_rms.mean,0.260455769195687
exciting,lowLevel.pitch.mean,0.24771764300385257
exciting,lowLevel.spectral_strongpeak.mean,0.24152310838690028
exciting,lowLevel.spectral_skewness.stdev,0.2358630404341966
exciting,lowLevel.barkbands.stdev.11,0.230969236290548
exciting,lowLevel.spectral_energyband_middle_low.stdev,0.21120073029305786
exciting,lowLevel.barkbands.stdev.15,0.21066956705180928
exciting,lowLevel.mfcc.mean.7,0.20030248336843215
exciting,lowLevel.sccoeffs.stdev.1,0.17397576698567718
exciting,lowLevel.mfcc.mean.0,0.16378177946899086
exciting,lowLevel.barkbands.stdev.9,0.16034177911933511
exciting,lowLevel.barkbands.mean.21,0.15272846800507978
exciting,lowLevel.mfcc.stdev.1,0.15272806934081018
exciting,lowLevel.barkbands.stdev.18,0.15251497278222814
exciting,lowLevel.dissonance.mean,0.1487526063574478
exciting,lowLevel.pitch.stdev,0.1473793227924034
exciting,lowLevel.barkbands.mean.5,0.14661229276680388
exciting,lowLevel.barkbands.stdev.7,0.14598455041414127
exciting,lowLevel.mfcc.stdev.6,0.14341210230486467
exciting,lowLevel.barkbands.mean.9,0.13844577036798
exciting,lowLevel.barkbands.mean.24,0.13654488505562767
exciting,lowLevel.sccoeffs.stdev.4,0.13543674815446138
exciting,lowLevel.barkbands.mean.25,0.13223816611571237
exciting,lowLevel.spectral_flux.mean,0.13105136854574084
exciting,lowLevel.barkbands.stdev.5,0.12892178707988933
exciting,lowLevel.spectral_energyband_middle_low.mean,0.1280683936784044
exciting,lowLevel.mfcc.stdev.4,0.11920634782291017
exciting,lowLevel.mfcc.stdev.3,0.11849387013353407
exciting,lowLevel.barkbands.stdev.16,0.11589935806114227
exciting,lowLevel.barkbands.stdev.1,0.11459781439043581
exciting,lowLevel.pitch_instantaneous_confidence.mean,0.11411963199498132
exciting,lowLevel.barkbands.stdev.21,0.10125375504139811
exciting,lowLevel.mfcc.mean.3,0.09913055982906371
exciting,lowLevel.mfcc.mean.12,0.09469036714290269
exciting,lowLevel.spectral_decrease.stdev,0.09259088092949241
exciting,sfx.tristimulus.stdev.2,0.09148228872800246
exciting,sfx.inharmonicity.stdev,0.0893298223381862
exciting,lowLevel.barkbands.mean.1,0.08901112456806004
exciting,sfx.oddtoevenharmonicenergyratio.stdev,0.08874354083673097
exciting,lowLevel.zerocrossingrate.stdev,0.08632565237348899
exciting,lowLevel.mfcc.mean.2,0.08598214163794182
exciting,lowLevel.pitch_salience.mean,0.08524366960045882
exciting,sfx.oddtoevenharmonicenergyratio.mean,0.08262754889437929
exciting,lowLevel.mfcc.mean.6,0.08247150568058714
exciting,lowLevel.barkbands.stdev.12,0.0801735396089498
exciting,lowLevel.spectral_energyband_low.mean,0.07942177064251155
exciting,sfx.inharmonicity.mean,0.07553080361685716
exciting,lowLevel.spectral_decrease.mean,0.07291272151633166
exciting,lowLevel.sccoeffs.stdev.5,0.07218382431892678
exciting,lowLevel.spectral_energy.stdev,0.0717816831311211
exciting,lowLevel.barkbands.mean.16,0.0712831441196613
exciting,lowLevel.sccoeffs.stdev.3,0.06791391124716029
exciting,lowLevel.barkbands.mean.7,0.06739971070783213
exciting,lowLevel.barkbands_skewness.mean,0.06733040607650764
exciting,lowLevel.barkbands.stdev.22,0.06521397142205387
exciting,lowLevel.mfcc.mean.4,0.06345969576796051
exciting,lowLevel.barkbands.mean.2,0.06204845628235489
exciting,sfx.tristimulus.stdev.0,0.06098716566339135
exciting,lowLevel.barkbands.stdev.14,0.05995562170573976
exciting,lowLevel.spectral_crest.mean,0.0591382872662507
exciting,lowLevel.spectral_spread.stdev,0.056128973548766226
exciting,lowLevel.spectral_flatness_db.stdev,0.05490647052647546
exciting,lowLevel.barkbands.mean.22,0.05468165845377371
exciting,lowLevel.barkbands.mean.23,0.05288146034581587
exciting,sfx.tristimulus.mean.2,0.05219958204543218
exciting,lowLevel.barkbands.stdev.8,0.04954822643776424
exciting,lowLevel.barkbands_spread.stdev,0.04954682078096084
exciting,lowLevel.barkbands.mean.6,0.04817216255469248
exciting,lowLevel.barkbands.mean.12,0.04711489274632186
exciting,lowLevel.zerocrossingrate.mean,0.04417882132111117
exciting,lowLevel.spectral_energy.mean,0.04416353185661137
exciting,lowLevel.spectral_crest.stdev,0.043734712089644745
exciting,lowLevel.sccoeffs.mean.1,0.04292583107599057
exciting,lowLevel.barkbands.mean.0,0.042914054123684764
exciting,lowLevel.mfcc.mean.10,0.04264857049565762
exciting,sfx.tristimulus.mean.1,0.04169347364222631
exciting,lowLevel.barkbands.mean.8,0.04047514800913632
exciting,lowLevel.mfcc.mean.5,0.039571174973389134
exciting,lowLevel.barkbands.stdev.10,0.037482735759112984
exciting,lowLevel.mfcc.mean.1,0.03696436044992879
exciting,lowLevel.spectral_flatness_db.mean,0.034969131724210456
exciting,lowLevel.barkbands.stdev.23,0.03248317359248176
exciting,lowLevel.dissonance.stdev,0.030335744319017977
exciting,lowLevel.barkbands_skewness.stdev,0.02993763715494424
exciting,lowLevel.scvalleys.mean.0,0.029893453960539773
exciting,lowLevel.barkbands.stdev.0,0.029807724728016183
exciting,lowLevel.barkbands.stdev.17,0.029365430120378733
exciting,lowLevel.pitch_salience.stdev,0.028158791596069932
exciting,lowLevel.barkbands_kurtosis.stdev,0.027712424052879214
exciting,lowLevel.barkbands.stdev.6,0.02642731345258653
exciting,lowLevel.scvalleys.stdev.5,0.02611198282102123
exciting,lowLevel.spectral_energyband_low.stdev,0.025609800592064857
exciting,lowLevel.barkbands.mean.15,0.02532433022861369
exciting,lowLevel.sccoeffs.stdev.0,0.025291036174166948
exciting,lowLevel.barkbands.stdev.19,0.02470941812498495
exciting,lowLevel.barkbands.stdev.25,0.024626884842291474
exciting,lowLevel.scvalleys.mean.1,0.02343061935971491
exciting,lowLevel.barkbands_spread.mean,0.022821069142082706
exciting,lowLevel.mfcc.mean.11,0.021419075725134462
exciting,lowLevel.barkbands_kurtosis.mean,0.02057188903563656
exciting,lowLevel.mfcc.mean.9,0.01980337908025831
exciting,lowLevel.barkbands.stdev.24,0.01691402617143467
exciting,lowLevel.sccoeffs.mean.0,0.015353408176451921
exciting,lowLevel.barkbands.mean.13,0.014612881001085043
exciting,lowLevel.spectral_energyband_high.stdev,0.012134767137467861
exciting,sfx.tristimulus.mean.0,0.01091003604233265
exciting,lowLevel.spectral_rolloff.mean,0.009574150084517896
exciting,lowLevel.barkbands.stdev.13,0.00706104512210004
exciting,lowLevel.barkbands.mean.14,0.005557071912335232
exciting,lowLevel.spectral_centroid.mean,0.0046336850500665605
exciting,lowLevel.barkbands.stdev.20,0.0038561529363505542
exciting,lowLevel.silence_rate_30dB.mean,0.0033182729966938496
exciting,lowLevel.silence_rate_20dB.mean,0.0006447900086641312
exciting,lowLevel.silence_rate_30dB.stdev,0.00021161700715310872
exciting,lowLevel.silence_rate_20dB.stdev,0.0
expanded,lowLevel.spectral_energy.stdev,114.88560018078715
expanded,lowLevel.spectral_energy.mean,112.4925518300006
expanded,lowLevel.spectral_complexity.mean,34.03220792845241
expanded,lowLevel.hfc.mean,31.35234407041935
expanded,lowLevel.spectral_complexity.stdev,20.41166640292795
expanded,lowLevel.silence_rate_60dB.mean,20.396596944279736
expanded,lowLevel.spectral_energyband_middle_high.mean,14.251229662908372
expanded,lowLevel.barkbands.stdev.26,10.008771906850598
expanded,lowLevel.spectral_energyband_high.mean,9.563493452005787
expanded,lowLevel.spectral_rms.stdev,9.266556965341351
expanded,lowLevel.barkbands.mean.5,8.139857302274322
expanded,lowLevel.spectral_energyband_middle_low.mean,7.9367382900545635
expanded,lowLevel.hfc.stdev,7.725121254825353
expanded,lowLevel.spectral_energyband_middle_high.stdev,7.28814490898003
expanded,lowLevel.mfcc.stdev.8,6.830341761526142
expanded,lowLevel.mfcc.stdev.10,6.605259014737385
expanded,lowLevel.mfcc.stdev.0,6.4958411745883495
expanded,lowLevel.pitch_instantaneous_confidence.stdev,6.049948303594647
expanded,lowLevel.scvalleys.stdev.3,5.944881682517007
expanded,lowLevel.barkbands.mean.26,5.364119819623738
expanded,lowLevel.barkbands.mean.18,5.028195480319482
expanded,lowLevel.spectral_strongpeak.stdev,4.933055715933733
expanded,lowLevel.mfcc.stdev.9,4.334223538873559
expanded,lowLevel.barkbands.stdev.4,4.321846411883598
expanded,lowLevel.spectral_strongpeak.mean,3.9581855059500413
expanded,lowLevel.barkbands.mean.17,3.7340636145399912
expanded,lowLevel.mfcc.stdev.11,3.606530484389623
expanded,lowLevel.spectral_energyband_high.stdev,3.6047470036046434
expanded,lowLevel.scvalleys.stdev.2,3.2934307980965514
expanded,lowLevel.scvalleys.stdev.4,3.2105908750745584
expanded,lowLevel.scvalleys.mean.4,3.2014946371346014
expanded,lowLevel.spectral_rms.mean,3.1686208036489916
expanded,lowLevel.barkbands.mean.25,2.8240434606341296
expanded,lowLevel.barkbands.mean.4,2.5797862838826404
expanded,lowLevel.spectral_spread.mean,2.467414699756773
expanded,lowLevel.barkbands.stdev.12,2.3514481245729257
expanded,lowLevel.spectral_kurtosis.mean,2.3182203869496334
expanded,lowLevel.barkbands.mean.19,2.3090153482316964
expanded,lowLevel.spectral_skewness.mean,2.296155666015693
expanded,lowLevel.scvalleys.mean.5,2.283129985240521
expanded,lowLevel.scvalleys.stdev.1,2.2391545890332054
expanded,lowLevel.sccoeffs.mean.4,2.2188992319934187
expanded,lowLevel.sccoeffs.mean.3,2.1234155215133796
expanded,lowLevel.sccoeffs.mean.5,2.000670835661974
expanded,lowLevel.spectral_kurtosis.stdev,1.964262970771415
expanded,lowLevel.mfcc.stdev.12,1.8710280491795857
expanded,lowLevel.mfcc.stdev.7,1.851923261405318
expanded,lowLevel.spectral_crest.stdev,1.7730797382955643
expanded,lowLevel.barkbands.mean.20,1.741167814929213
expanded,lowLevel.barkbands.mean.10,1.6177007427941135
expanded,lowLevel.sccoeffs.stdev.2,1.50225800321941
expanded,lowLevel.barkbands.stdev.20,1.4382274671042978
expanded,lowLevel.barkbands.mean.24,1.3629090554532013
expanded,lowLevel.mfcc.mean.8,1.3566031988139624
expanded,sfx.tristimulus.stdev.1,1.2971491195429508
expanded,lowLevel.barkbands.stdev.15,1.2719078866502969
expanded,lowLevel.sccoeffs.mean.2,1.2207441287464462
expanded,lowLevel.pitch.mean,1.2093888625141744
expanded,lowLevel.mfcc.stdev.6,1.2046181326386431
expanded,lowLevel.spectral_energyband_middle_low.stdev,1.153543902808451
expanded,lowLevel.scvalleys.mean.2,1.1380747747070927
expanded,lowLevel.sccoeffs.stdev.3,1.1305691876698347
expanded,lowLevel.barkbands.mean.12,1.1072121309043723
expanded,lowLevel.barkbands.stdev.11,0.9976469300954705
expanded,lowLevel.barkbands.stdev.7,0.9643375567102339
expanded,lowLevel.barkbands.stdev.3,0.9424354513530488
expanded,lowLevel.barkbands.stdev.9,0.898502983214712
expanded,lowLevel.barkbands.mean.6,0.8719712301808613
expanded,lowLevel.pitch_salience.stdev,0.854707711082483
expanded,lowLevel.mfcc.mean.3,0.8539956875283679
expanded,lowLevel.mfcc.mean.0,0.8050656362102018
expanded,lowLevel.barkbands.stdev.21,0.7902957899541434
expanded,lowLevel.mfcc.stdev.2,0.7679805526568089
expanded,lowLevel.barkbands.mean.3,0.7458273187294253
expanded,lowLevel.mfcc.stdev.5,0.7385246429475956
expanded,lowLevel.spectral_centroid.stdev,0.7165743907535216
expanded,lowLevel.spectral_skewness.stdev,0.7003960159054259
expanded,lowLevel.barkbands.mean.9,0.6998620036457943
expanded,lowLevel.scvalleys.mean.3,0.6770398831868079
expanded,lowLevel.barkbands.stdev.8,0.6576351873891326
expanded,lowLevel.barkbands.mean.0,0.6453453033755068
expanded,lowLevel.barkbands.stdev.19,0.6391851853659318
expanded,sfx.tristimulus.stdev.0,0.6309161715208091
expanded,lowLevel.barkbands.mean.21,0.6182960385795013
expanded,lowLevel.barkbands.stdev.25,0.6160117465260555
expanded,lowLevel.barkbands.stdev.6,0.5978451833980216
expanded,lowLevel.scvalleys.mean.1,0.5878006984894455
expanded,lowLevel.barkbands.mean.7,0.556615897861775
expanded,lowLevel.scvalleys.stdev.0,0.5473762365290895
expanded,lowLevel.mfcc.mean.12,0.5398054620454786
expanded,lowLevel.spectral_flatness_db.mean,0.5317140276820282
expanded,lowLevel.pitch.stdev,0.5270347622863483
expanded,lowLevel.barkbands_kurtosis.stdev,0.5244011390350352
expanded,lowLevel.mfcc.mean.11,0.5117784660802158
expanded,lowLevel.mfcc.mean.6,0.5111640413865643
expanded,lowLevel.barkbands.stdev.14,0.5026069855266542
expanded,lowLevel.spectral_crest.mean,0.49313329222968605
expanded,lowLevel.barkbands.stdev.24,0.4906284316384699
expanded,lowLevel.spectral_flux.mean,0.48048974444827763
expanded,lowLevel.barkbands.mean.16,0.4705343391307224
expanded,lowLevel.barkbands_skewness.stdev,0.4652554825588595
expanded,lowLevel.barkbands_skewness.mean,0.46360049667418934
expanded,lowLevel.mfcc.mean.5,0.4494551787356613
expanded,lowLevel.barkbands.mean.15,0.44604377746145474
expanded,lowLevel.sccoeffs.stdev.1,0.4444524579521385
expanded,lowLevel.zerocrossingrate.stdev,0.438350210639328
expanded,sfx.oddtoevenharmonicenergyratio.stdev,0.4278283842431847
expanded,lowLevel.scvalleys.stdev.5,0.41517492694038083
expanded,lowLevel.barkbands_spread.stdev,0.40837549715070054
expanded,lowLevel.scvalleys.mean.0,0.40556757909507724
expanded,lowLevel.sccoeffs.mean.1,0.4031228524290782
expanded,lowLevel.spectral_spread.stdev,0.3993328762517194
expanded,lowLevel.pitch_instantaneous_confidence.mean,0.3980044254058157
expanded,lowLevel.barkbands.mean.11,0.39766456226061564
expanded,lowLevel.silence_rate_60dB.stdev,0.3936557936031022
expanded,lowLevel.barkbands.mean.13,0.3918591124656814
expanded,sfx.oddtoevenharmonicenergyratio.mean,0.367982969399236
expanded,lowLevel.mfcc.mean.9,0.3582120775972726
expanded,sfx.tristimulus.mean.1,0.3548755902229459
expanded,lowLevel.barkbands.mean.23,0.34566435861052014
expanded,lowLevel.mfcc.stdev.3,0.3439066611827002
expanded,lowLevel.mfcc.stdev.1,0.3436189768890472
expanded,lowLevel.barkbands.mean.14,0.3291986591066234
expanded,lowLevel.pitch_salience.mean,0.32823089947532935
expanded,lowLevel.barkbands.stdev.5,0.32703103553666324
expanded,sfx.tristimulus.mean.0,0.32652370999358027
expanded,lowLevel.barkbands.mean.22,0.3264614415675169
expanded,lowLevel.barkbands.stdev.13,0.3249184209271334
expanded,sfx.inharmonicity.mean,0.3042228950232584
expanded,lowLevel.barkbands.stdev.18,0.3010523977645789
expanded,lowLevel.sccoeffs.stdev.4,0.29669152912902064
expanded,lowLevel.spectral_rolloff.stdev,0.2689960481948219
expanded,lowLevel.spectral_decrease.mean,0.2669295118712398
expanded,lowLevel.barkbands.stdev.10,0.26291107267007874
expanded,lowLevel.mfcc.mean.7,0.2570474811458894
expanded,lowLevel.mfcc.stdev.4,0.2564628923719283
expanded,lowLevel.mfcc.mean.10,0.2514935501677904
expanded,lowLevel.spectral_decrease.stdev,0.23728769207082223
expanded,lowLevel.spectral_energyband_low.mean,0.2359875211113831
expanded,lowLevel.dissonance.mean,0.23399778070597677
expanded,lowLevel.barkbands.mean.8,0.2259941855154466
expanded,lowLevel.spectral_centroid.mean,0.21797241214329688
expanded,lowLevel.barkbands.mean.2,0.21205512781307334
expanded,lowLevel.spectral_rolloff.mean,0.2029887417666032
expanded,lowLevel.barkbands.stdev.22,0.2029302908522368
expanded,lowLevel.zerocrossingrate.mean,0.19948444237888907
expanded,lowLevel.barkbands.stdev.17,0.1991432550275931
expanded,lowLevel.mfcc.mean.2,0.19622480554971844
expanded,lowLevel.mfcc.mean.1,0.19166279282944743
expanded,lowLevel.dissonance.stdev,0.18020561509911204
expanded,lowLevel.mfcc.mean.4,0.17886185317183845
expanded,lowLevel.sccoeffs.stdev.5,0.1773446723127563
expanded,lowLevel.barkbands.mean.1,0.16987776319979275
expanded,lowLevel.sccoeffs.mean.0,0.16025107022142038
expanded,lowLevel.spectral_flux.stdev,0.1537793158340719
expanded,sfx.tristimulus.mean.2,0.1478617543070868
expanded,sfx.tristimulus.stdev.2,0.145515259804597
expanded,lowLevel.barkbands.stdev.0,0.14526217674961117
expanded,sfx.inharmonicity.stdev,0.13458082536089933
expanded,lowLevel.barkbands_spread.mean,0.1235842754763894
expanded,lowLevel.spectral_flatness_db.stdev,0.11847153584403713
expanded,lowLevel.barkbands.stdev.16,0.09797181762405671
expanded,lowLevel.spectral_energyband_low.stdev,0.09700924501521513
expanded,lowLevel.barkbands.stdev.1,0.09634192711382639
expanded,lowLevel.barkbands.stdev.23,0.08603460778249428
expanded,lowLevel.barkbands_kurtosis.mean,0.07290139214950386
expanded,lowLevel.barkbands.stdev.2,0.054030781153414864
expanded,lowLevel.sccoeffs.stdev.0,0.03277620080507404
expanded,lowLevel.silence_rate_30dB.mean,0.0054575734757236205
expanded,lowLevel.silence_rate_30dB.stdev,0.004579539876431227
expanded,lowLevel.silence_rate_20dB.mean,0.0029319499153643847
expanded,lowLevel.silence_rate_20dB.stdev,0.0
falling,lowLevel.hfc.mean,319.8196375761272
falling,lowLevel.spectral_energy.mean,111.83769587967254
falling,lowLevel.spectral_complexity.mean,72.59393989405362
falling,lowLevel.spectral_complexity.stdev,23.170877016586928
falling,lowLevel.silence_rate_60dB.mean,19.63794113293443
falling,lowLevel.mfcc.stdev.9,13.167486089849262
falling,lowLevel.mfcc.stdev.10,7.625730975736587
falling,lowLevel.hfc.stdev,4.624724528274783
falling,lowLevel.barkbands.mean.24,3.9020400126028107
falling,lowLevel.spectral_energyband_middle_low.stdev,3.805639302716372
falling,lowLevel.mfcc.stdev.8,3.741266565342812
falling,lowLevel.spectral_energyband_middle_high.mean,3.5620363593725415
falling,lowLevel.spectral_energyband_middle_low.mean,3.4402542935786187
falling,lowLevel.scvalleys.mean.4,3.2953762996548903
falling,lowLevel.barkbands.mean.6,3.06437888628534
falling,lowLevel.barkbands.mean.5,2.750057815865148
falling,lowLevel.spectral_skewness.mean,2.4716734920639283
falling,lowLevel.spectral_rms.stdev,2.320247694511636
falling,lowLevel.mfcc.stdev.12,2.317800082731992
falling,lowLevel.pitch_instantaneous_confidence.stdev,2.1683950606311555
falling,lowLevel.spectral_crest.mean,2.1067142998454074
falling,lowLevel.barkbands.stdev.6,2.0193058824279433
falling,lowLevel.spectral_strongpeak.mean,1.8574569059674104
falling,lowLevel.mfcc.stdev.7,1.7487084072581638
falling,lowLevel.barkbands.stdev.12,1.6762283038497117
falling,lowLevel.barkbands.mean.14,1.5611621210464364
falling,lowLevel.spectral_kurtosis.mean,1.4633791764063062
falling,lowLevel.barkbands.mean.25,1.433223635352988
falling,lowLevel.spectral_rms.mean,1.4006909575200552
falling,lowLevel.barkbands.stdev.4,1.3977069339089212
falling,lowLevel.barkbands.mean.7,1.3645089025230845
falling,lowLevel.scvalleys.stdev.0,1.3221693700434116
falling,lowLevel.barkbands.mean.13,1.3060243891441132
falling,lowLevel.scvalleys.stdev.5,1.2954930045216315
falling,sfx.tristimulus.stdev.1,1.1939842587580642
falling,lowLevel.sccoeffs.mean.3,1.0864207868362428
falling,lowLevel.barkbands.mean.20,1.0664187707989186
falling,lowLevel.barkbands.stdev.5,1.048925699236861
falling,lowLevel.barkbands.mean.12,1.0303919450489047
falling,lowLevel.scvalleys.stdev.3,1.0170194754846307
falling,lowLevel.scvalleys.mean.3,1.0097155624534935
falling,lowLevel.mfcc.mean.8,1.0049636950570857
falling,lowLevel.sccoeffs.mean.4,0.9659617601737409
falling,lowLevel.spectral_energyband_high.mean,0.9373124141311564
falling,lowLevel.spectral_flatness_db.stdev,0.9370334760524202
falling,lowLevel.sccoeffs.mean.5,0.9349350721695373
falling,lowLevel.mfcc.stdev.4,0.9313693096555653
falling,lowLevel.mfcc.stdev.11,0.923244381634504
falling,lowLevel.barkbands.stdev.9,0.9027248639977188
falling,lowLevel.pitch_instantaneous_confidence.mean,0.8760879225337703
falling,lowLevel.barkbands.stdev.18,0.8374145527996006
falling,lowLevel.barkbands.mean.15,0.8131723995393259
falling,lowLevel.mfcc.mean.0,0.8017406047438271
falling,lowLevel.barkbands.stdev.16,0.7952843460407166
falling,lowLevel.zerocrossingrate.mean,0.7840709952797624
falling,lowLevel.spectral_skewness.stdev,0.775655814435595
falling,lowLevel.spectral_centroid.mean,0.7692919168293884
falling,lowLevel.barkbands.mean.17,0.744709196693293
falling,lowLevel.pitch_salience.mean,0.7415303160814801
falling,lowLevel.spectral_kurtosis.stdev,0.7288960583155131
falling,lowLevel.barkbands.mean.18,0.7204751995486731
falling,lowLevel.barkbands.mean.11,0.7131778277489502
falling,lowLevel.barkbands.stdev.3,0.7092775837918452
falling,lowLevel.spectral_strongpeak.stdev,0.6679713569551495
falling,lowLevel.spectral_energy.stdev,0.6324760071365745
falling,lowLevel.barkbands.mean.4,0.6200253816859913
falling,lowLevel.barkbands_skewness.mean,0.614722626859475
falling,lowLevel.mfcc.stdev.0,0.5938076291085963
falling,lowLevel.spectral_spread.mean,0.5761655339629215
falling,lowLevel.scvalleys.stdev.1,0.5743713359661342
falling,lowLevel.barkbands.stdev.14,0.5718904029999976
falling,lowLevel.barkbands.stdev.15,0.5622234317015682
falling,lowLevel.barkbands.mean.16,0.5354384405291057
falling,lowLevel.barkbands.stdev.26,0.5276949270119076
falling,lowLevel.barkbands.mean.26,0.5092858282987436
falling,lowLevel.barkbands.stdev.19,0.5087373495334759
falling,lowLevel.spectral_decrease.stdev,0.49848641243806924
falling,lowLevel.silence_rate_60dB.stdev,0.4875602918036748
falling,sfx.tristimulus.mean.2,0.4768716644393862
falling,lowLevel.barkbands.mean.22,0.4552753272710106
falling,sfx.oddtoevenharmonicenergyratio.stdev,0.4515688302926719
falling,lowLevel.barkbands.mean.2,0.4471032454566739
falling,lowLevel.spectral_rolloff.mean,0.4436684417378274
falling,lowLevel.spectral_crest.stdev,0.4426123848934367
falling,lowLevel.barkbands.stdev.11,0.4357364227362268
falling,lowLevel.mfcc.mean.6,0.433618050390578
falling,lowLevel.mfcc.stdev.2,0.4229215319319337
falling,lowLevel.sccoeffs.mean.0,0.4198768364276475
falling,lowLevel.barkbands.mean.3,0.41052879810922605
falling,lowLevel.barkbands.mean.21,0.4054754619173764
falling,lowLevel.barkbands.mean.8,0.39722563068789896
falling,lowLevel.mfcc.mean.7,0.3877375633283009
falling,lowLevel.sccoeffs.mean.2,0.3793495007284946
falling,lowLevel.barkbands_kurtosis.stdev,0.3615649600760662
falling,lowLevel.scvalleys.mean.5,0.3581178765762161
falling,lowLevel.spectral_energyband_middle_high.stdev,0.35540722094810917
falling,lowLevel.spectral_energyband_high.stdev,0.35358061648730654
falling,lowLevel.barkbands.stdev.7,0.3520372535513161
falling,lowLevel.barkbands.stdev.25,0.34655986015786766
falling,lowLevel.scvalleys.mean.1,0.34329993898427347
falling,sfx.oddtoevenharmonicenergyratio.mean,0.33857135297694185
falling,lowLevel.barkbands.stdev.0,0.32273915953192045
falling,lowLevel.mfcc.stdev.5,0.31999381891182566
falling,lowLevel.spectral_flux.mean,0.3122251401819085
falling,lowLevel.spectral_decrease.mean,0.30998754323991307
falling,lowLevel.barkbands.stdev.22,0.3080127596485909
falling,lowLevel.sccoeffs.stdev.2,0.3076062360432843
falling,lowLevel.pitch_salience.stdev,0.3011754491217289
falling,lowLevel.mfcc.mean.11,0.2984013546629285
falling,lowLevel.barkbands.mean.19,0.29718623738699534
falling,lowLevel.barkbands.stdev.8,0.2849450938447262
falling,sfx.tristimulus.stdev.0,0.28212623150466243
falling,lowLevel.mfcc.stdev.1,0.2818738918740564
falling,lowLevel.scvalleys.stdev.4,0.27803345445136074
falling,lowLevel.dissonance.mean,0.2765069380257046
falling,sfx.tristimulus.stdev.2,0.26738080735958647
falling,lowLevel.mfcc.stdev.6,0.2645312376880611
falling,lowLevel.barkbands.stdev.1,0.2609066216245992
falling,lowLevel.sccoeffs.stdev.3,0.259834060087087
falling,lowLevel.mfcc.mean.10,0.2594647209971299
falling,lowLevel.mfcc.mean.1,0.24963540461249067
falling,lowLevel.barkbands_kurtosis.mean,0.24545738231245195
falling,lowLevel.dissonance.stdev,0.24270165017878753
falling,lowLevel.sccoeffs.mean.1,0.2350195015569625
falling,lowLevel.mfcc.stdev.3,0.23367596164462157
falling,lowLevel.spectral_energyband_low.mean,0.23262898618122563
falling,lowLevel.mfcc.mean.4,0.2287389944503957
falling,lowLevel.scvalleys.mean.0,0.22532844377747097
falling,lowLevel.barkbands_spread.stdev,0.22476733193434484
falling,lowLevel.mfcc.mean.12,0.22239950733273872
falling,sfx.tristimulus.mean.1,0.22221787322450837
falling,lowLevel.barkbands.stdev.20,0.22220841417947668
falling,lowLevel.barkbands.mean.10,0.21812169520489988
falling,lowLevel.barkbands.stdev.17,0.21538769355720433
falling,lowLevel.zerocrossingrate.stdev,0.2070687356790586
falling,lowLevel.scvalleys.stdev.2,0.20515364873062936
falling,lowLevel.sccoeffs.stdev.1,0.18895508120112936
falling,sfx.inharmonicity.stdev,0.1886292274157313
falling,lowLevel.pitch.mean,0.18805040149709384
falling,lowLevel.sccoeffs.stdev.4,0.1852726584093034
falling,lowLevel.barkbands.stdev.24,0.18132468419571524
falling,lowLevel.barkbands.stdev.10,0.18127704412836465
falling,lowLevel.scvalleys.mean.2,0.17931293468063814
falling,lowLevel.barkbands.mean.9,0.17673235575966828
falling,lowLevel.sccoeffs.stdev.5,0.17523134146540542
falling,lowLevel.mfcc.mean.3,0.17150669181864941
falling,lowLevel.barkbands.stdev.13,0.16613094043714227
falling,lowLevel.barkbands_skewness.stdev,0.14780934563168557
falling,lowLevel.barkbands.stdev.21,0.14603563273703912
falling,lowLevel.mfcc.mean.9,0.14164451824581192
falling,lowLevel.spectral_flux.stdev,0.14114857873573783
falling,lowLevel.barkbands.stdev.23,0.1365809107592213
falling,lowLevel.barkbands.mean.1,0.1303927523040329
falling,lowLevel.barkbands.mean.0,0.12765238418251101
falling,lowLevel.spectral_energyband_low.stdev,0.12344723717524175
falling,lowLevel.barkbands_spread.mean,0.12209163998704753
falling,lowLevel.spectral_flatness_db.mean,0.11875745629731682
falling,lowLevel.mfcc.mean.2,0.11225108083453961
falling,sfx.tristimulus.mean.0,0.11132403211922792
falling,lowLevel.spectral_spread.stdev,0.10920819320563169
falling,lowLevel.mfcc.mean.5,0.10908428354923672
falling,lowLevel.spectral_centroid.stdev,0.10831217357008427
falling,lowLevel.sccoeffs.stdev.0,0.10166806866254774
falling,sfx.inharmonicity.mean,0.10072696228962741
falling,lowLevel.barkbands.mean.23,0.09408079875720432
falling,lowLevel.spectral_rolloff.stdev,0.07315301415655995
falling,lowLevel.pitch.stdev,0.053402884952447494
falling,lowLevel.barkbands.stdev.2,0.04422310153131548
falling,lowLevel.silence_rate_30dB.stdev,0.04250382341706427
falling,lowLevel.silence_rate_30dB.mean,0.0015953122201608494
falling,lowLevel.silence_rate_20dB.stdev,0.00014888700388837606
falling,lowLevel.silence_rate_20dB.mean,0.0
far,lowLevel.hfc.mean,5.44985290727891
far,lowLevel.spectral_energyband_middle_high.mean,1.0559679875718757
far,lowLevel.spectral_energy.mean,0.32693660693803395
far,lowLevel.spectral_complexity.stdev,0.2744272803815875
far,lowLevel.spectral_energyband_middle_low.mean,0.09939776335886563
far,lowLevel.spectral_complexity.mean,0.0751826568425713
far,lowLevel.barkbands.stdev.8,0.05299367655788956
far,lowLevel.barkbands.stdev.7,0.04941336480396785
far,lowLevel.spectral_energyband_middle_high.stdev,0.040746740864960884
far,lowLevel.spectral_energyband_high.mean,0.03713346757513136
far,lowLevel.barkbands.stdev.11,0.03512276911897061
far,lowLevel.barkbands.stdev.5,0.0321013872230651
far,lowLevel.hfc.stdev,0.02675457045506846
far,lowLevel.barkbands.mean.17,0.02534302580079384
far,lowLevel.silence_rate_60dB.mean,0.02413652563927826
far,lowLevel.mfcc.stdev.9,0.023479924395132912
far,lowLevel.barkbands.stdev.6,0.02197414662259689
far,lowLevel.spectral_kurtosis.stdev,0.02125667471136694
far,lowLevel.spectral_energyband_high.stdev,0.020264341256734042
far,lowLevel.mfcc.mean.8,0.019312748877837294
far,lowLevel.scvalleys.stdev.3,0.017572455907611584
far,lowLevel.spectral_skewness.stdev,0.015272821010967164
far,lowLevel.mfcc.stdev.11,0.01427081631618421
far,lowLevel.mfcc.stdev.8,0.013109479124523205
far,lowLevel.spectral_energyband_middle_low.stdev,0.012167137829237618
far,lowLevel.barkbands.stdev.12,0.011457365736532665
far,lowLevel.zerocrossingrate.stdev,0.011378634196262283
far,lowLevel.mfcc.stdev.10,0.01092605473149888
far,lowLevel.barkbands.mean.5,0.010786442580865696
far,lowLevel.mfcc.stdev.12,0.01059558438419117
far,lowLevel.barkbands.stdev.4,0.010267167759593576
far,lowLevel.barkbands.mean.3,0.00980871427236707
far,lowLevel.sccoeffs.mean.1,0.009750105853527202
far,lowLevel.mfcc.stdev.7,0.009656700315190392
far,lowLevel.barkbands.mean.14,0.009499352583588916
far,lowLevel.spectral_strongpeak.mean,0.009291378794387128
far,lowLevel.barkbands.mean.24,0.009063312651960587
far,lowLevel.barkbands.mean.11,0.008868216683367791
far,lowLevel.sccoeffs.mean.4,0.008748635475967603
far,lowLevel.barkbands.mean.7,0.008110306018352276
far,lowLevel.barkbands.stdev.17,0.00806919589467725
far,lowLevel.scvalleys.stdev.4,0.007951020651034924
far,lowLevel.barkbands.stdev.14,0.007864052712477587
far,lowLevel.barkbands.stdev.1,0.007817751805305306
far,lowLevel.barkbands.mean.9,0.007783934939652681
far,lowLevel.barkbands.mean.13,0.007488324430596549
far,lowLevel.barkbands.stdev.3,0.0074276232944612275
far,lowLevel.spectral_rms.mean,0.006875426387523476
far,lowLevel.barkbands.mean.18,0.006751140345613749
far,lowLevel.mfcc.stdev.2,0.00674305554412058
far,lowLevel.sccoeffs.mean.5,0.0065516692197888915
far,lowLevel.sccoeffs.mean.3,0.006530310898597236
far,lowLevel.mfcc.mean.1,0.006426658205782587
far,lowLevel.barkbands.stdev.19,0.006221716681466205
far,lowLevel.sccoeffs.mean.2,0.0061441683301382
far,lowLevel.spectral_strongpeak.stdev,0.005892949896860955
far,lowLevel.scvalleys.mean.4,0.005753104242103291
far,lowLevel.barkbands.stdev.16,0.005433274601728044
far,lowLevel.pitch_instantaneous_confidence.stdev,0.0054056819826655556
far,lowLevel.silence_rate_60dB.stdev,0.005367328560168971
far,lowLevel.mfcc.stdev.0,0.0052292237510300765
far,sfx.tristimulus.stdev.2,0.005208902766298706
far,lowLevel.barkbands.mean.1,0.005133512841894117
far,lowLevel.barkbands.mean.8,0.0051080943339911755
far,lowLevel.scvalleys.stdev.1,0.005020387824970385
far,lowLevel.barkbands.mean.26,0.0049715590298546886
far,lowLevel.scvalleys.stdev.0,0.004809311960343621
far,lowLevel.barkbands.mean.15,0.004743727172353829
far,lowLevel.dissonance.mean,0.004695113734669576
far,lowLevel.barkbands.stdev.18,0.004666940583319956
far,lowLevel.mfcc.mean.12,0.004558197671940434
far,lowLevel.barkbands.stdev.15,0.004316578282214323
far,lowLevel.scvalleys.stdev.5,0.004303987059302017
far,sfx.tristimulus.mean.2,0.004157832177952514
far,lowLevel.spectral_rms.stdev,0.004105508827706217
far,lowLevel.spectral_decrease.mean,0.004058255036397895
far,lowLevel.spectral_energyband_low.stdev,0.004000856632956129
far,lowLevel.barkbands_kurtosis.stdev,0.003987751001204742
far,lowLevel.barkbands.mean.4,0.0038775993198214564
far,lowLevel.spectral_centroid.stdev,0.0038473626800623606
far,lowLevel.barkbands.mean.19,0.003845118879326037
far,lowLevel.scvalleys.stdev.2,0.0038094721639936324
far,lowLevel.mfcc.mean.0,0.003799400651587348
far,sfx.tristimulus.mean.1,0.0037500943062696024
far,lowLevel.pitch.mean,0.0036826636335263174
far,lowLevel.spectral_spread.mean,0.003645026464255352
far,lowLevel.barkbands.mean.20,0.003584939481697802
far,lowLevel.sccoeffs.stdev.1,0.003492006822853
far,lowLevel.spectral_energyband_low.mean,0.0034481938873796025
far,lowLevel.barkbands_skewness.stdev,0.003189500041116844
far,lowLevel.mfcc.stdev.5,0.0030790898895247665
far,lowLevel.scvalleys.mean.5,0.0030410630338337796
far,lowLevel.barkbands.stdev.9,0.002905049249420699
far,lowLevel.mfcc.mean.6,0.0029011781653025537
far,lowLevel.mfcc.mean.7,0.0028132203365203168
far,lowLevel.barkbands.mean.23,0.00278426264776499
far,lowLevel.barkbands.stdev.20,0.0026321131163058453
far,lowLevel.spectral_energy.stdev,0.002601241533739085
far,lowLevel.mfcc.stdev.1,0.0025140456018561963
far,lowLevel.pitch_instantaneous_confidence.mean,0.002493763645816216
far,sfx.tristimulus.stdev.1,0.002441059161355952
far,lowLevel.spectral_decrease.stdev,0.0024099481088342145
far,lowLevel.spectral_flux.stdev,0.0023913909662951482
far,lowLevel.mfcc.mean.3,0.002379819716225029
far,lowLevel.mfcc.stdev.6,0.002358758535137895
far,lowLevel.barkbands.stdev.13,0.0023554631316073937
far,lowLevel.mfcc.mean.9,0.002352366516333859
far,lowLevel.spectral_flatness_db.stdev,0.002301664899732714
far,lowLevel.barkbands.mean.25,0.0022525493877765257
far,lowLevel.scvalleys.mean.0,0.0021653661553955317
far,lowLevel.spectral_spread.stdev,0.0021044446129963035
far,lowLevel.barkbands.stdev.10,0.002101093589772063
far,lowLevel.barkbands_skewness.mean,0.002053757084922836
far,lowLevel.pitch_salience.mean,0.002037735537669505
far,lowLevel.barkbands.mean.16,0.002029723583291343
far,lowLevel.zerocrossingrate.mean,0.001942486689586076
far,sfx.tristimulus.mean.0,0.0019263253780081868
far,lowLevel.spectral_kurtosis.mean,0.0018805073623298085
far,lowLevel.spectral_crest.stdev,0.0018746233054116601
far,lowLevel.spectral_skewness.mean,0.0018032116477115778
far,lowLevel.spectral_crest.mean,0.0017303826189163374
far,lowLevel.sccoeffs.stdev.4,0.0017065722477127565
far,lowLevel.dissonance.stdev,0.0016617924075035262
far,lowLevel.spectral_rolloff.mean,0.0016310731225530617
far,lowLevel.barkbands.stdev.21,0.0016254964048130205
far,lowLevel.barkbands_spread.stdev,0.0015722664606983017
far,lowLevel.sccoeffs.stdev.5,0.0015692377946834313
far,lowLevel.barkbands.stdev.22,0.00151668376474845
far,lowLevel.mfcc.stdev.4,0.0015076791237333964
far,lowLevel.barkbands.stdev.0,0.0015021361359686125
far,lowLevel.sccoeffs.stdev.2,0.0014916312184141134
far,lowLevel.sccoeffs.stdev.3,0.0014808432313202502
far,lowLevel.pitch_salience.stdev,0.0014742830826435238
far,sfx.tristimulus.stdev.0,0.001392170934650494
far,lowLevel.mfcc.mean.2,0.00139023565543539
far,lowLevel.spectral_centroid.mean,0.0013526310094675864
far,sfx.oddtoevenharmonicenergyratio.mean,0.0013346724849725433
far,lowLevel.mfcc.mean.5,0.0013191145285418315
far,lowLevel.pitch.stdev,0.0011761071536966483
far,lowLevel.mfcc.stdev.3,0.0011733635235486872
far,sfx.oddtoevenharmonicenergyratio.stdev,0.0011627239264271338
far,lowLevel.barkbands_spread.mean,0.001152426761109382
far,lowLevel.barkbands.stdev.26,0.0011006678814737825
far,lowLevel.scvalleys.mean.2,0.0010703868047130527
far,lowLevel.barkbands.mean.0,0.0010372185847700166
far,lowLevel.mfcc.mean.4,0.0010073777939396678
far,lowLevel.sccoeffs.stdev.0,0.0009995044115385099
far,lowLevel.scvalleys.mean.1,0.0009474905082242913
far,lowLevel.barkbands.mean.12,0.0009452556664655276
far,lowLevel.mfcc.mean.11,0.0008597693076808355
far,lowLevel.barkbands.mean.6,0.0008560502560612804
far,lowLevel.spectral_flux.mean,0.0008118089135678019
far,lowLevel.spectral_rolloff.stdev,0.0008093141382232716
far,lowLevel.barkbands.mean.10,0.0007765147202007938
far,lowLevel.barkbands.stdev.25,0.0007328321944441996
far,lowLevel.barkbands.mean.22,0.0007054339703245205
far,lowLevel.scvalleys.mean.3,0.0006954816749384918
far,sfx.inharmonicity.stdev,0.0006659609612142958
far,lowLevel.mfcc.mean.10,0.0005779907846772403
far,sfx.inharmonicity.mean,0.0005761237998740398
far,lowLevel.barkbands.mean.2,0.0005489599275279033
far,lowLevel.barkbands.stdev.2,0.0005019623886255431
far,lowLevel.barkbands.mean.21,0.0004801240893357317
far,lowLevel.spectral_flatness_db.mean,0.00041026541748578893
far,lowLevel.sccoeffs.mean.0,0.00037997489653207595
far,lowLevel.barkbands_kurtosis.mean,0.0003602487677198951
far,lowLevel.barkbands.stdev.23,0.0002767521164059872
far,lowLevel.silence_rate_30dB.mean,8.993339724838734e-05
far,lowLevel.barkbands.stdev.24,6.68816001052619e-05
far,lowLevel.silence_rate_20dB.mean,0.0
far,lowLevel.silence_rate_30dB.stdev,0.0
far,lowLevel.silence_rate_20dB.stdev,0.0
fast,lowLevel.hfc.mean,82.98666531923482
fast,lowLevel.spectral_energyband_middle_high.mean,68.1964926876783
fast,lowLevel.barkbands.mean.18,30.017986343214943
fast,lowLevel.spectral_energyband_middle_high.stdev,28.567091318550183
fast,lowLevel.spectral_strongpeak.stdev,6.615574025000569
fast,lowLevel.spectral_strongpeak.mean,5.7865530599228805
fast,lowLevel.barkbands.mean.11,4.029724471464306
fast,lowLevel.mfcc.stdev.10,3.94242276439536
fast,lowLevel.spectral_energyband_high.mean,3.597194139536441
fast,lowLevel.spectral_energy.mean,2.882863841966582
fast,lowLevel.scvalleys.mean.5,2.1972718568131313
fast,lowLevel.mfcc.stdev.12,2.0355034054964563
fast,lowLevel.mfcc.stdev.9,1.9976162120697154
fast,lowLevel.mfcc.stdev.7,1.844684906072871
fast,lowLevel.barkbands.mean.19,1.550960460852366
fast,lowLevel.barkbands.stdev.11,1.21824739713702
fast,lowLevel.scvalleys.mean.4,1.2053726977019323
fast,lowLevel.mfcc.mean.0,1.1240734573852933
fast,lowLevel.mfcc.stdev.8,1.0914866898660875
fast,lowLevel.barkbands.stdev.9,1.0174796270107436
fast,lowLevel.barkbands.stdev.4,0.984373644570951
fast,lowLevel.hfc.stdev,0.9403492779042608
fast,lowLevel.spectral_complexity.mean,0.8544522339798277
fast,lowLevel.silence_rate_60dB.mean,0.8470849603681927
fast,lowLevel.barkbands.mean.3,0.8046896120285965
fast,lowLevel.barkbands.mean.17,0.7926898175110182
fast,lowLevel.barkbands.mean.24,0.7520482116015046
fast,lowLevel.spectral_flux.mean,0.7381160927989185
fast,lowLevel.barkbands.mean.10,0.6801685298883058
fast,lowLevel.spectral_energyband_middle_low.mean,0.6560221506024391
fast,lowLevel.spectral_decrease.mean,0.5997386567787544
fast,lowLevel.barkbands.mean.23,0.5522753566801839
fast,lowLevel.mfcc.stdev.2,0.5446126026897673
fast,lowLevel.sccoeffs.mean.2,0.48446971412840867
fast,lowLevel.sccoeffs.mean.4,0.47980847934695703
fast,lowLevel.barkbands.mean.7,0.47590098879663856
fast,lowLevel.scvalleys.stdev.1,0.4671006123016923
fast,sfx.tristimulus.mean.2,0.44920219173991427
fast,lowLevel.barkbands.stdev.5,0.4453138391459106
fast,lowLevel.mfcc.stdev.5,0.43728815509484775
fast,lowLevel.mfcc.stdev.11,0.4216202343995974
fast,lowLevel.barkbands.stdev.3,0.4113252171582644
fast,lowLevel.sccoeffs.mean.3,0.40215292735319963
fast,lowLevel.spectral_rms.mean,0.3970551039938073
fast,lowLevel.spectral_energyband_low.mean,0.3860084970810931
fast,lowLevel.sccoeffs.mean.5,0.38173788682570375
fast,lowLevel.barkbands.mean.5,0.36167507812842814
fast,lowLevel.barkbands.stdev.10,0.3605792102152918
fast,lowLevel.barkbands.mean.20,0.3580804619787159
fast,lowLevel.scvalleys.stdev.2,0.35144519657842466
fast,lowLevel.pitch_instantaneous_confidence.stdev,0.3394729022397769
fast,lowLevel.barkbands.stdev.7,0.33893370284749835
fast,lowLevel.spectral_skewness.stdev,0.32915628103182826
fast,lowLevel.mfcc.stdev.6,0.3097324167761144
fast,lowLevel.scvalleys.stdev.4,0.3096465081371207
fast,lowLevel.pitch.mean,0.29915420390852887
fast,lowLevel.scvalleys.stdev.5,0.2980199321727923
fast,lowLevel.mfcc.mean.8,0.28557969489065727
fast,lowLevel.spectral_energy.stdev,0.2827066785134775
fast,lowLevel.spectral_rms.stdev,0.27992679746512295
fast,lowLevel.barkbands.mean.4,0.2785588131428085
fast,lowLevel.barkbands.stdev.8,0.27574471031402936
fast,lowLevel.spectral_energyband_middle_low.stdev,0.27323885887835786
fast,lowLevel.spectral_complexity.stdev,0.2732329944656158
fast,lowLevel.spectral_rolloff.mean,0.26997740877459364
fast,lowLevel.spectral_spread.stdev,0.2689701634344601
fast,lowLevel.barkbands.mean.16,0.2535675707272276
fast,sfx.tristimulus.stdev.1,0.24363067862395837
fast,lowLevel.spectral_kurtosis.stdev,0.24039364484360703
fast,lowLevel.barkbands.mean.21,0.23728945280709013
fast,lowLevel.barkbands.mean.6,0.23292348321410827
fast,lowLevel.barkbands.stdev.2,0.22602356418019554
fast,lowLevel.barkbands.mean.22,0.22530202192774595
fast,lowLevel.barkbands_spread.mean,0.21856961706407674
fast,lowLevel.scvalleys.stdev.0,0.2148109793729418
fast,lowLevel.zerocrossingrate.mean,0.20763712883081098
fast,lowLevel.scvalleys.mean.1,0.19694882951353065
fast,sfx.oddtoevenharmonicenergyratio.stdev,0.19621743623247312
fast,lowLevel.barkbands.stdev.15,0.18605125087765373
fast,lowLevel.barkbands_spread.stdev,0.1841550990206997
fast,lowLevel.spectral_kurtosis.mean,0.18215410694347156
fast,lowLevel.spectral_crest.stdev,0.17420556308945834
fast,lowLevel.barkbands.mean.9,0.1729329465747469
fast,lowLevel.barkbands.stdev.6,0.16673339081762606
fast,lowLevel.spectral_centroid.stdev,0.16577118404620705
fast,sfx.oddtoevenharmonicenergyratio.mean,0.15292634972729502
fast,lowLevel.silence_rate_60dB.stdev,0.14376706749044388
fast,lowLevel.mfcc.stdev.0,0.14036750939931153
fast,lowLevel.sccoeffs.stdev.1,0.13984816955507995
fast,lowLevel.barkbands.stdev.17,0.12780834945124298
fast,lowLevel.spectral_spread.mean,0.12752839764334567
fast,lowLevel.barkbands.mean.2,0.1268752040414256
fast,lowLevel.mfcc.mean.9,0.12405966142478064
fast,sfx.tristimulus.mean.1,0.12384382299296703
fast,lowLevel.mfcc.stdev.4,0.1164649605843806
fast,sfx.tristimulus.stdev.2,0.11581721365155317
fast,lowLevel.spectral_skewness.mean,0.11555451473032008
fast,lowLevel.mfcc.mean.3,0.11342303340416038
fast,lowLevel.barkbands.stdev.12,0.11287703736979893
fast,lowLevel.sccoeffs.mean.1,0.11222668302389138
fast,sfx.inharmonicity.mean,0.11185463781419003
fast,lowLevel.spectral_rolloff.stdev,0.10544369879653459
fast,lowLevel.mfcc.mean.10,0.10417485893913181
fast,lowLevel.spectral_flux.stdev,0.10324077563473111
fast,lowLevel.mfcc.mean.11,0.10112978898405345
fast,lowLevel.mfcc.stdev.3,0.1006788827339733
fast,lowLevel.barkbands.stdev.23,0.09984686952566335
fast,lowLevel.mfcc.mean.7,0.09926061893793303
fast,lowLevel.dissonance.mean,0.09795527891674283
fast,lowLevel.barkbands.mean.26,0.09782642234540617
fast,lowLevel.barkbands.stdev.1,0.09773811182276404
fast,lowLevel.scvalleys.mean.2,0.0961334752255425
fast,lowLevel.mfcc.mean.6,0.0938706331035064
fast,lowLevel.spectral_centroid.mean,0.09327242012159331
fast,lowLevel.barkbands.mean.8,0.09287586924392599
fast,lowLevel.pitch_salience.stdev,0.09209749824276514
fast,lowLevel.pitch_instantaneous_confidence.mean,0.09060026884662875
fast,lowLevel.barkbands.mean.25,0.0886757102239244
fast,sfx.tristimulus.stdev.0,0.088058759467458
fast,lowLevel.barkbands_skewness.mean,0.08746988559232705
fast,lowLevel.barkbands.stdev.14,0.08726546469461027
fast,lowLevel.mfcc.stdev.1,0.08699159526031508
fast,lowLevel.spectral_energyband_low.stdev,0.08610832701083382
fast,lowLevel.mfcc.mean.5,0.07699307094708274
fast,lowLevel.scvalleys.stdev.3,0.07668728642465794
fast,lowLevel.spectral_crest.mean,0.0765129425676605
fast,lowLevel.mfcc.mean.4,0.07501450150789424
fast,lowLevel.barkbands.mean.0,0.07453984304720507
fast,lowLevel.spectral_decrease.stdev,0.07441125049945185
fast,lowLevel.barkbands.stdev.25,0.07377732513441515
fast,lowLevel.spectral_flatness_db.stdev,0.072039712543301
fast,lowLevel.barkbands.stdev.22,0.07139157069605062
fast,lowLevel.spectral_energyband_high.stdev,0.07093993812941335
fast,lowLevel.sccoeffs.stdev.2,0.07049718008602213
fast,lowLevel.barkbands.mean.15,0.07037484303737074
fast,lowLevel.barkbands.stdev.26,0.06552695670916364
fast,lowLevel.dissonance.stdev,0.06474178176085843
fast,lowLevel.barkbands.stdev.0,0.06464012381320572
fast,lowLevel.barkbands.mean.14,0.06410323334739587
fast,lowLevel.pitch_salience.mean,0.06172170529680443
fast,lowLevel.mfcc.mean.12,0.0596752284059221
fast,sfx.tristimulus.mean.0,0.05832331743204122
fast,lowLevel.barkbands.mean.1,0.05554699938548424
fast,sfx.inharmonicity.stdev,0.05434596502141176
fast,lowLevel.barkbands_kurtosis.stdev,0.051631077645197365
fast,lowLevel.mfcc.mean.2,0.048612981795031374
fast,lowLevel.scvalleys.mean.3,0.04823818545582981
fast,lowLevel.barkbands.stdev.18,0.04757790742087309
fast,lowLevel.sccoeffs.stdev.5,0.04493367904979095
fast,lowLevel.sccoeffs.stdev.4,0.04282086265948237
fast,lowLevel.sccoeffs.stdev.3,0.041442155480353904
fast,lowLevel.barkbands.stdev.19,0.03709212402372941
fast,lowLevel.spectral_flatness_db.mean,0.03679122943526636
fast,lowLevel.barkbands_kurtosis.mean,0.03595273234532215
fast,lowLevel.barkbands.stdev.24,0.035875900916835235
fast,lowLevel.barkbands.mean.12,0.03528670841387793
fast,lowLevel.barkbands.stdev.21,0.034948037564845436
fast,lowLevel.mfcc.mean.1,0.03419677354804662
fast,lowLevel.barkbands.stdev.20,0.03323173912212951
fast,lowLevel.sccoeffs.stdev.0,0.0320867320860998
fast,lowLevel.barkbands.stdev.16,0.03045728823508398
fast,lowLevel.barkbands.mean.13,0.026776630043059413
fast,lowLevel.zerocrossingrate.stdev,0.025576557630301977
fast,lowLevel.sccoeffs.mean.0,0.024733902275784203
fast,lowLevel.barkbands.stdev.13,0.023984295548643786
fast,lowLevel.pitch.stdev,0.0237012896404849
fast,lowLevel.barkbands_skewness.stdev,0.02217953740091616
fast,lowLevel.silence_rate_30dB.stdev,0.015427069623910938
fast,lowLevel.scvalleys.mean.0,0.013126395163453708
fast,lowLevel.silence_rate_30dB.mean,0.0007145425051930943
fast,lowLevel.silence_rate_20dB.stdev,0.0001356483953713905
fast,lowLevel.silence_rate_20dB.mean,2.4252400180557743e-05
fearful,lowLevel.spectral_complexity.mean,29.33115309533605
fearful,lowLevel.barkbands.stdev.4,23.26199354835262
fearful,lowLevel.barkbands.mean.5,21.14202198748535
fearful,lowLevel.silence_rate_60dB.mean,15.095256320477347
fearful,lowLevel.mfcc.stdev.9,12.471744492533617
fearful,lowLevel.spectral_energyband_middle_low.mean,11.642327329522232
fearful,lowLevel.mfcc.stdev.10,8.69149159695371
fearful,lowLevel.mfcc.stdev.8,7.648176890303148
fearful,lowLevel.spectral_rms.stdev,4.4332510076783365
fearful,lowLevel.barkbands.mean.4,4.252704448590521
fearful,lowLevel.spectral_complexity.stdev,4.044835678199888
fearful,lowLevel.spectral_energy.mean,3.9554422604560386
fearful,lowLevel.mfcc.stdev.7,3.7518457392434357
fearful,lowLevel.mfcc.stdev.11,3.2130776365229394
fearful,lowLevel.scvalleys.stdev.3,3.1076692360657034
fearful,lowLevel.mfcc.stdev.12,3.0539971280813916
fearful,lowLevel.hfc.mean,2.873549350304529
fearful,lowLevel.spectral_energy.stdev,2.8605905877338955
fearful,lowLevel.pitch_instantaneous_confidence.stdev,2.33297639832017
fearful,lowLevel.scvalleys.mean.4,2.2475150651007425
fearful,lowLevel.spectral_energyband_middle_low.stdev,2.1912936120425
fearful,lowLevel.scvalleys.stdev.4,2.1000018605409423
fearful,lowLevel.spectral_energyband_high.stdev,2.0956903491314733
fearful,lowLevel.scvalleys.mean.5,1.9312401393253822
fearful,lowLevel.spectral_skewness.mean,1.8752921532141045
fearful,lowLevel.scvalleys.stdev.2,1.8559235455177259
fearful,lowLevel.mfcc.mean.8,1.8220433068054263
fearful,lowLevel.scvalleys.stdev.1,1.7646216175344307
fearful,lowLevel.sccoeffs.mean.5,1.7546599521447206
fearful,lowLevel.spectral_kurtosis.mean,1.5895659603193053
fearful,lowLevel.barkbands.stdev.5,1.536305647547124
fearful,lowLevel.spectral_spread.mean,1.4598814261116786
fearful,lowLevel.sccoeffs.mean.4,1.4363293168862583
fearful,lowLevel.spectral_energyband_middle_high.mean,1.3981570554460632
fearful,lowLevel.mfcc.mean.0,1.3455488530889852
fearful,lowLevel.barkbands.mean.3,1.2343463637371315
fearful,lowLevel.barkbands.stdev.26,1.2297229321266059
fearful,sfx.tristimulus.stdev.1,1.0890010169678135
fearful,lowLevel.hfc.stdev,1.014860153241898
fearful,lowLevel.mfcc.stdev.0,1.0036171549727442
fearful,lowLevel.barkbands.stdev.15,0.9959168635868991
fearful,lowLevel.mfcc.stdev.6,0.9949612495547626
fearful,lowLevel.barkbands.mean.26,0.9241171595567721
fearful,lowLevel.scvalleys.stdev.0,0.9205102977357456
fearful,lowLevel.sccoeffs.mean.3,0.8837278608698398
fearful,lowLevel.spectral_energyband_middle_high.stdev,0.8829486012255074
fearful,lowLevel.zerocrossingrate.stdev,0.874827069012099
fearful,lowLevel.mfcc.stdev.5,0.8599264601652976
fearful,lowLevel.barkbands.stdev.18,0.8113303689024178
fearful,lowLevel.silence_rate_60dB.stdev,0.8084217865834944
fearful,lowLevel.spectral_kurtosis.stdev,0.7646877700608457
fearful,lowLevel.barkbands.stdev.3,0.7456930598527833
fearful,lowLevel.barkbands.mean.15,0.7420921158773126
fearful,lowLevel.barkbands_skewness.mean,0.7216225940610457
fearful,lowLevel.barkbands.mean.25,0.6820734526118031
fearful,lowLevel.mfcc.mean.7,0.6624648621364031
fearful,lowLevel.zerocrossingrate.mean,0.6499199922545813
fearful,lowLevel.sccoeffs.mean.2,0.6218225731136044
fearful,lowLevel.spectral_strongpeak.mean,0.6024321917648194
fearful,lowLevel.barkbands.mean.20,0.5943669181797304
fearful,lowLevel.spectral_skewness.stdev,0.5632777549908496
fearful,lowLevel.barkbands.mean.17,0.5534329341317061
fearful,lowLevel.scvalleys.mean.3,0.5332367755181622
fearful,sfx.oddtoevenharmonicenergyratio.stdev,0.5260763433179818
fearful,lowLevel.barkbands.mean.21,0.5221578838682035
fearful,lowLevel.pitch_instantaneous_confidence.mean,0.5186231859988766
fearful,sfx.tristimulus.stdev.2,0.5174461824062746
fearful,lowLevel.barkbands.mean.7,0.5139832341810688
fearful,lowLevel.spectral_rolloff.stdev,0.5039234951400431
fearful,lowLevel.barkbands.stdev.20,0.5017074578208849
fearful,lowLevel.mfcc.stdev.2,0.49493065309070516
fearful,lowLevel.sccoeffs.stdev.2,0.49061241903109476
fearful,lowLevel.spectral_rms.mean,0.4730950492375996
fearful,lowLevel.barkbands.stdev.17,0.45903896346862894
fearful,lowLevel.mfcc.stdev.4,0.4533603232848691
fearful,lowLevel.spectral_strongpeak.stdev,0.4513584218802862
fearful,lowLevel.spectral_centroid.stdev,0.44856316757795867
fearful,lowLevel.spectral_energyband_high.mean,0.44046055074431933
fearful,lowLevel.spectral_flatness_db.stdev,0.420079954128596
fearful,lowLevel.mfcc.mean.6,0.41133071218791883
fearful,lowLevel.sccoeffs.stdev.5,0.4056206899258541
fearful,lowLevel.pitch.stdev,0.40548584183852654
fearful,lowLevel.barkbands.stdev.25,0.40390581208339427
fearful,lowLevel.barkbands.mean.22,0.40240018268377753
fearful,lowLevel.barkbands.stdev.6,0.4015716412104666
fearful,lowLevel.sccoeffs.mean.1,0.40133493022585753
fearful,lowLevel.scvalleys.stdev.5,0.39595486025791615
fearful,lowLevel.barkbands.mean.19,0.3936073399381712
fearful,lowLevel.pitch.mean,0.38495044309820514
fearful,lowLevel.barkbands.mean.14,0.3633413827919867
fearful,lowLevel.mfcc.mean.2,0.3613417447631946
fearful,sfx.oddtoevenharmonicenergyratio.mean,0.3455254263681127
fearful,lowLevel.pitch_salience.mean,0.3442447237903252
fearful,lowLevel.spectral_crest.stdev,0.3394310839648824
fearful,lowLevel.barkbands.mean.24,0.3342979037115583
fearful,lowLevel.sccoeffs.stdev.4,0.3305591978132725
fearful,lowLevel.scvalleys.mean.2,0.3234412391029764
fearful,lowLevel.barkbands_spread.mean,0.3213340501097264
fearful,lowLevel.barkbands.stdev.12,0.3201647265959764
fearful,lowLevel.spectral_flatness_db.mean,0.303530853940174
fearful,sfx.tristimulus.mean.1,0.3028010511479806
fearful,lowLevel.spectral_centroid.mean,0.2962587478104979
fearful,lowLevel.barkbands_spread.stdev,0.28529583611816633
fearful,lowLevel.barkbands.mean.18,0.2839453305496136
fearful,lowLevel.pitch_salience.stdev,0.2714290334552061
fearful,sfx.inharmonicity.mean,0.2697776619606884
fearful,lowLevel.barkbands.mean.6,0.2624176501267357
fearful,lowLevel.spectral_spread.stdev,0.26167025316681247
fearful,lowLevel.mfcc.stdev.3,0.2611435814178549
fearful,lowLevel.barkbands.mean.0,0.25742212240584195
fearful,lowLevel.barkbands.stdev.7,0.2504208824466332
fearful,lowLevel.scvalleys.mean.0,0.24819018214475363
fearful,lowLevel.sccoeffs.stdev.3,0.245325407711789
fearful,lowLevel.barkbands.stdev.22,0.23417744312610012
fearful,lowLevel.barkbands.stdev.0,0.23188988598121796
fearful,lowLevel.barkbands.stdev.2,0.22921166635933332
fearful,lowLevel.barkbands.stdev.24,0.22706233627104666
fearful,lowLevel.mfcc.stdev.1,0.2180434369656723
fearful,lowLevel.mfcc.mean.4,0.21465941784481402
fearful,lowLevel.barkbands.mean.23,0.21419375455297995
fearful,lowLevel.barkbands_skewness.stdev,0.2133882226771675
fearful,lowLevel.spectral_flux.mean,0.21278632037865464
fearful,lowLevel.barkbands.stdev.9,0.21107260324060917
fearful,lowLevel.barkbands.stdev.1,0.20283902087248862
fearful,sfx.inharmonicity.stdev,0.20213625038741156
fearful,lowLevel.scvalleys.mean.1,0.20150131842819974
fearful,lowLevel.spectral_decrease.mean,0.20115192128287163
fearful,lowLevel.spectral_rolloff.mean,0.2006987620043219
fearful,sfx.tristimulus.mean.0,0.19709500129101798
fearful,lowLevel.spectral_flux.stdev,0.19371554722602013
fearful,lowLevel.mfcc.mean.5,0.19071042059658794
fearful,lowLevel.barkbands.stdev.10,0.18727446974662598
fearful,lowLevel.mfcc.mean.3,0.1848568524874281
fearful,lowLevel.barkbands.stdev.21,0.18377861245244276
fearful,lowLevel.sccoeffs.stdev.1,0.1795861945138313
fearful,lowLevel.spectral_energyband_low.stdev,0.17056608645361848
fearful,lowLevel.spectral_energyband_low.mean,0.16473565431078896
fearful,lowLevel.barkbands.mean.2,0.16169623864698224
fearful,lowLevel.barkbands.stdev.13,0.14867616003903095
fearful,lowLevel.sccoeffs.mean.0,0.14673381208558567
fearful,lowLevel.barkbands.mean.13,0.14117337492643856
fearful,lowLevel.barkbands.stdev.14,0.13993686565663666
fearful,lowLevel.barkbands.mean.11,0.13915022966102697
fearful,lowLevel.barkbands.mean.10,0.1388695329806069
fearful,lowLevel.mfcc.mean.10,0.13522649170772638
fearful,lowLevel.spectral_decrease.stdev,0.13421407304122113
fearful,lowLevel.dissonance.mean,0.13303188551799394
fearful,lowLevel.mfcc.mean.12,0.13014228487736546
fearful,lowLevel.barkbands.mean.16,0.1298429510788992
fearful,lowLevel.dissonance.stdev,0.12367432154132985
fearful,lowLevel.mfcc.mean.9,0.11957292162696831
fearful,lowLevel.barkbands.mean.1,0.11699257013970055
fearful,lowLevel.barkbands_kurtosis.stdev,0.11629572145466227
fearful,lowLevel.barkbands.stdev.11,0.11034980395925231
fearful,sfx.tristimulus.stdev.0,0.10336094403464813
fearful,lowLevel.spectral_crest.mean,0.10246365349303233
fearful,lowLevel.barkbands.stdev.16,0.09989828107063659
fearful,lowLevel.barkbands.mean.12,0.0994652821100317
fearful,lowLevel.barkbands.stdev.8,0.08330983985797502
fearful,lowLevel.barkbands.mean.8,0.08095319676795043
fearful,lowLevel.barkbands.stdev.19,0.08044431830057874
fearful,lowLevel.barkbands.stdev.23,0.07906811771681532
fearful,sfx.tristimulus.mean.2,0.07622788757726084
fearful,lowLevel.mfcc.mean.11,0.06730230405810289
fearful,lowLevel.barkbands.mean.9,0.06607775640441105
fearful,lowLevel.barkbands_kurtosis.mean,0.06516356828797143
fearful,lowLevel.sccoeffs.stdev.0,0.061556770888273604
fearful,lowLevel.mfcc.mean.1,0.04765703168231994
fearful,lowLevel.silence_rate_30dB.stdev,0.006348699142108671
fearful,lowLevel.silence_rate_20dB.stdev,0.0006946440116735175
fearful,lowLevel.silence_rate_30dB.mean,0.0003571610141079873
fearful,lowLevel.silence_rate_20dB.mean,0.0
full,lowLevel.hfc.mean,50.502302023939876
full,lowLevel.silence_rate_60dB.mean,21.1224520978179
full,lowLevel.spectral_energy.mean,17.778496340506308
full,lowLevel.spectral_complexity.stdev,6.888759157996802
full,lowLevel.spectral_complexity.mean,6.39938991591049
full,lowLevel.hfc.stdev,5.355956380027551
full,lowLevel.barkbands.mean.11,2.5560381005333905
full,lowLevel.spectral_energyband_high.mean,1.4536774006217121
full,lowLevel.barkbands.stdev.20,1.0751028851531146
full,lowLevel.spectral_energyband_middle_high.stdev,0.9714165537462236
full,lowLevel.barkbands.mean.23,0.7669649331259905
full,lowLevel.spectral_strongpeak.mean,0.573571541510546
full,lowLevel.barkbands.mean.5,0.5651329234382048
full,lowLevel.barkbands.stdev.13,0.5502606748251822
full,lowLevel.spectral_energyband_middle_low.mean,0.4379718180897979
full,lowLevel.mfcc.stdev.9,0.41187558559549586
full,lowLevel.mfcc.stdev.10,0.3994664783382955
full,lowLevel.spectral_decrease.mean,0.3959455887090826
full,lowLevel.spectral_strongpeak.stdev,0.3919136714700926
full,lowLevel.barkbands.stdev.12,0.3790839641437529
full,lowLevel.barkbands.mean.7,0.36663095502066767
full,lowLevel.barkbands.mean.17,0.3503520494405232
full,lowLevel.barkbands.stdev.8,0.3432588056809749
full,lowLevel.mfcc.mean.0,0.23284411885992995
full,lowLevel.spectral_energyband_middle_high.mean,0.22955234221944576
full,lowLevel.barkbands.stdev.7,0.21685658804676677
full,lowLevel.barkbands.mean.26,0.21218022248450552
full,lowLevel.barkbands.stdev.5,0.20745487292220233
full,lowLevel.pitch_instantaneous_confidence.stdev,0.1996303200952525
full,lowLevel.mfcc.stdev.7,0.1881303235104541
full,lowLevel.barkbands.mean.12,0.1821553973571497
full,lowLevel.barkbands.stdev.11,0.18075344274828353
full,lowLevel.spectral_flux.mean,0.1755212864755089
full,lowLevel.barkbands.stdev.24,0.17285956751767984
full,lowLevel.mfcc.stdev.12,0.1605558716146973
full,lowLevel.barkbands.mean.16,0.1594230248118329
full,lowLevel.sccoeffs.mean.5,0.14283489689377316
full,lowLevel.mfcc.stdev.8,0.14133091869446446
full,lowLevel.barkbands.mean.20,0.13975380816958705
full,lowLevel.barkbands.stdev.15,0.13933101226319877
full,lowLevel.spectral_kurtosis.stdev,0.1348052345357047
full,lowLevel.barkbands.stdev.9,0.1344950605694777
full,lowLevel.spectral_energyband_middle_low.stdev,0.1341722432248531
full,lowLevel.sccoeffs.stdev.2,0.13371364939312258
full,lowLevel.mfcc.mean.8,0.13321631159405456
full,lowLevel.scvalleys.stdev.2,0.12919477484572894
full,lowLevel.spectral_rms.stdev,0.12171780804476384
full,lowLevel.barkbands.mean.15,0.11441388447349254
full,lowLevel.spectral_skewness.stdev,0.10780474746546531
full,lowLevel.barkbands.mean.18,0.10680345122926127
full,lowLevel.spectral_energy.stdev,0.10330139611608047
full,lowLevel.pitch_instantaneous_confidence.mean,0.10080565356223836
full,lowLevel.spectral_spread.mean,0.10029694381793064
full,lowLevel.sccoeffs.stdev.3,0.10007585804365471
full,lowLevel.spectral_crest.stdev,0.098930173656971
full,lowLevel.spectral_kurtosis.mean,0.0975881005985002
full,lowLevel.barkbands.stdev.26,0.09469947629715314
full,lowLevel.mfcc.stdev.6,0.09124799884796175
full,lowLevel.sccoeffs.stdev.5,0.08887167129242357
full,lowLevel.scvalleys.mean.0,0.0827154832090855
full,lowLevel.spectral_rolloff.stdev,0.08208713403760726
full,lowLevel.scvalleys.stdev.0,0.08117070753385036
full,sfx.tristimulus.stdev.0,0.07608053323987463
full,sfx.tristimulus.mean.2,0.07570447196780883
full,lowLevel.zerocrossingrate.mean,0.0745171764073298
full,lowLevel.barkbands.mean.25,0.07383482104095629
full,lowLevel.barkbands.mean.9,0.072677219331581
full,lowLevel.mfcc.mean.6,0.07174372119638939
full,lowLevel.scvalleys.stdev.4,0.07029421753674114
full,lowLevel.barkbands_skewness.stdev,0.06994287839728486
full,lowLevel.barkbands.stdev.0,0.0690900286454923
full,lowLevel.pitch_salience.mean,0.06820038325027866
full,lowLevel.mfcc.mean.11,0.0679248219943247
full,lowLevel.barkbands.mean.10,0.06562530741598493
full,lowLevel.barkbands_spread.mean,0.06526109885994202
full,lowLevel.mfcc.stdev.4,0.06516447433000039
full,lowLevel.sccoeffs.mean.2,0.06459438270053397
full,lowLevel.barkbands.stdev.10,0.06101331767007423
full,lowLevel.barkbands.stdev.25,0.060650763572283495
full,sfx.tristimulus.stdev.1,0.06035032834068943
full,lowLevel.sccoeffs.mean.3,0.0592468084944926
full,lowLevel.scvalleys.mean.4,0.05732025468080337
full,lowLevel.mfcc.stdev.3,0.05728010800308425
full,lowLevel.barkbands.stdev.4,0.05633520371090839
full,lowLevel.spectral_energyband_low.mean,0.05619545296579531
full,lowLevel.spectral_flatness_db.stdev,0.05502761409846002
full,lowLevel.barkbands_skewness.mean,0.05160653316932695
full,lowLevel.barkbands.mean.6,0.05120377831943301
full,lowLevel.barkbands.stdev.6,0.051121591295043345
full,lowLevel.sccoeffs.mean.4,0.050206629513184
full,lowLevel.scvalleys.mean.1,0.04964649104531205
full,lowLevel.barkbands_kurtosis.stdev,0.04962102602280538
full,lowLevel.mfcc.mean.4,0.04894323449408838
full,lowLevel.barkbands.mean.8,0.048171950564473195
full,lowLevel.sccoeffs.mean.1,0.0480583421871188
full,lowLevel.scvalleys.stdev.1,0.04749253014347232
full,lowLevel.barkbands.stdev.19,0.046843119493988006
full,lowLevel.mfcc.stdev.11,0.04663913751151627
full,lowLevel.mfcc.mean.12,0.04628118799001868
full,sfx.inharmonicity.mean,0.04507136552486557
full,lowLevel.barkbands.mean.3,0.04435104268827539
full,sfx.tristimulus.stdev.2,0.04408713256926844
full,lowLevel.barkbands.mean.4,0.04384300511015837
full,lowLevel.sccoeffs.stdev.1,0.043170451000783316
full,lowLevel.mfcc.mean.5,0.04299728598830921
full,sfx.tristimulus.mean.1,0.04159945926127051
full,lowLevel.barkbands_spread.stdev,0.04159935146316229
full,lowLevel.scvalleys.mean.5,0.041572386675345796
full,lowLevel.barkbands.mean.13,0.04098562269064132
full,lowLevel.sccoeffs.stdev.4,0.04063355729894225
full,lowLevel.barkbands.mean.22,0.040317917162781214
full,lowLevel.sccoeffs.mean.0,0.039864860476323025
full,lowLevel.pitch.stdev,0.039833485431216786
full,lowLevel.barkbands.mean.24,0.03960512437300423
full,lowLevel.barkbands.stdev.3,0.0355303903636397
full,lowLevel.spectral_rms.mean,0.03530624555355644
full,lowLevel.mfcc.stdev.1,0.0349562032760547
full,lowLevel.barkbands.mean.0,0.03368591442972502
full,lowLevel.dissonance.stdev,0.03295793214354603
full,lowLevel.mfcc.stdev.0,0.031761309633257184
full,lowLevel.spectral_centroid.mean,0.031109153276090235
full,lowLevel.scvalleys.mean.2,0.030821980146470196
full,sfx.tristimulus.mean.0,0.02821088513711345
full,lowLevel.barkbands.stdev.14,0.02716339935076917
full,lowLevel.spectral_energyband_high.stdev,0.026744662737996805
full,lowLevel.barkbands.stdev.16,0.025944667991041115
full,sfx.inharmonicity.stdev,0.025555867876960292
full,lowLevel.barkbands.mean.19,0.0254763708232133
full,lowLevel.mfcc.stdev.2,0.024356833044048898
full,lowLevel.mfcc.stdev.5,0.024237657030486304
full,lowLevel.mfcc.mean.7,0.023579498571962176
full,sfx.oddtoevenharmonicenergyratio.stdev,0.023421357536888676
full,lowLevel.spectral_spread.stdev,0.02341883154333324
full,lowLevel.barkbands.stdev.18,0.023316163994511776
full,lowLevel.barkbands.stdev.22,0.022316386890363304
full,lowLevel.spectral_centroid.stdev,0.021763569272934546
full,lowLevel.scvalleys.stdev.5,0.02059712477827702
full,lowLevel.barkbands_kurtosis.mean,0.02042340619934535
full,lowLevel.mfcc.mean.9,0.01990802080228704
full,lowLevel.spectral_crest.mean,0.01941679215526626
full,lowLevel.scvalleys.stdev.3,0.018243720598547952
full,lowLevel.mfcc.mean.3,0.018207432816424785
full,lowLevel.spectral_flatness_db.mean,0.017890604018020895
full,lowLevel.spectral_skewness.mean,0.01740907029938299
full,lowLevel.mfcc.mean.10,0.01635236670547613
full,lowLevel.pitch_salience.stdev,0.014320906115258936
full,lowLevel.barkbands.stdev.21,0.014282864801032247
full,lowLevel.barkbands.mean.14,0.014144353865503945
full,lowLevel.spectral_decrease.stdev,0.014035211231899325
full,sfx.oddtoevenharmonicenergyratio.mean,0.013819651504313413
full,lowLevel.mfcc.mean.2,0.012742319374936972
full,lowLevel.barkbands.mean.1,0.011686554585025988
full,lowLevel.dissonance.mean,0.010715745654659159
full,lowLevel.barkbands.mean.21,0.010678380647760832
full,lowLevel.zerocrossingrate.stdev,0.009782412039754718
full,lowLevel.barkbands.stdev.1,0.009206542174354126
full,lowLevel.barkbands.mean.2,0.008407904765086016
full,lowLevel.mfcc.mean.1,0.006305193826477762
full,lowLevel.barkbands.stdev.17,0.006049029624598745
full,lowLevel.spectral_rolloff.mean,0.005240630977084493
full,lowLevel.barkbands.stdev.23,0.004115927453625545
full,lowLevel.barkbands.stdev.2,0.003877556250017733
full,lowLevel.pitch.mean,0.003581710903176827
full,lowLevel.silence_rate_30dB.stdev,0.003210122071322985
full,lowLevel.scvalleys.mean.3,0.0030041191067766704
full,lowLevel.spectral_flux.stdev,0.0024240753426147954
full,lowLevel.sccoeffs.stdev.0,0.002291724666960704
full,lowLevel.silence_rate_60dB.stdev,0.0017590592077851852
full,lowLevel.spectral_energyband_low.stdev,0.0010957316644919501
full,lowLevel.silence_rate_20dB.mean,0.0
full,lowLevel.silence_rate_20dB.stdev,0.0
full,lowLevel.silence_rate_30dB.mean,0.0
funny,lowLevel.hfc.mean,104.07392749003338
funny,lowLevel.spectral_energyband_middle_high.mean,29.908388137449947
funny,lowLevel.hfc.stdev,12.365963697659026
funny,lowLevel.spectral_energy.mean,10.054094913852168
funny,lowLevel.barkbands.mean.18,9.726233528301236
funny,lowLevel.spectral_complexity.mean,9.43565671073884
funny,lowLevel.barkbands.mean.17,7.833862590290664
funny,lowLevel.spectral_complexity.stdev,6.1331186426650675
funny,lowLevel.spectral_strongpeak.stdev,3.8498641230617068
funny,lowLevel.spectral_energyband_middle_high.stdev,3.4935212362688617
funny,lowLevel.spectral_energy.stdev,3.374384289520094
funny,lowLevel.spectral_energyband_middle_low.stdev,3.0637320257810643
funny,lowLevel.barkbands.mean.16,2.771231882412394
funny,lowLevel.spectral_strongpeak.mean,2.716261655496055
funny,lowLevel.pitch_instantaneous_confidence.stdev,2.7002130157452484
funny,lowLevel.spectral_energyband_middle_low.mean,2.4421319837565534
funny,lowLevel.barkbands.mean.15,2.3065232009448664
funny,lowLevel.sccoeffs.mean.5,2.214824247850629
funny,lowLevel.sccoeffs.mean.3,2.013000453815039
funny,lowLevel.barkbands.stdev.26,1.870220818935195
funny,lowLevel.barkbands.stdev.25,1.6439768317795824
funny,lowLevel.barkbands.mean.11,1.6004153658213909
funny,lowLevel.barkbands.mean.26,1.5865393909043632
funny,lowLevel.spectral_flux.mean,1.5497266186539491
funny,lowLevel.scvalleys.mean.5,1.4658351065518218
funny,lowLevel.spectral_rms.stdev,1.441641945617448
funny,lowLevel.barkbands.mean.22,1.1740109374804888
funny,lowLevel.sccoeffs.mean.2,1.1254647796286008
funny,lowLevel.barkbands.mean.14,1.0790325318157556
funny,lowLevel.mfcc.stdev.10,1.0462926021573367
funny,lowLevel.barkbands.stdev.7,0.985623256638064
funny,lowLevel.spectral_decrease.mean,0.9785684412490809
funny,lowLevel.scvalleys.mean.4,0.8469751354277832
funny,lowLevel.sccoeffs.mean.4,0.8438003309929627
funny,lowLevel.scvalleys.stdev.4,0.8247015637680306
funny,lowLevel.barkbands.mean.12,0.8241801478761772
funny,lowLevel.barkbands.stdev.9,0.8030461975140497
funny,lowLevel.spectral_rms.mean,0.7805912447984156
funny,lowLevel.mfcc.stdev.8,0.7796777386101894
funny,lowLevel.spectral_spread.mean,0.7358401775272796
funny,lowLevel.barkbands.stdev.11,0.7290620234998642
funny,lowLevel.spectral_energyband_high.mean,0.7263076834715321
funny,lowLevel.mfcc.stdev.7,0.7184799769020174
funny,lowLevel.barkbands.mean.7,0.7064629287051503
funny,lowLevel.mfcc.mean.0,0.6901846093678614
funny,lowLevel.silence_rate_60dB.mean,0.6875197384506464
funny,lowLevel.sccoeffs.stdev.2,0.665223872896604
funny,lowLevel.barkbands.stdev.10,0.6472074984631035
funny,lowLevel.barkbands.mean.8,0.6296936182116042
funny,lowLevel.barkbands.mean.20,0.6069066112395376
funny,lowLevel.barkbands.stdev.4,0.5816383801957272
funny,lowLevel.barkbands.stdev.17,0.5667740372082335
funny,lowLevel.barkbands.mean.9,0.5615191746474011
funny,lowLevel.scvalleys.stdev.3,0.5613025422062492
funny,lowLevel.mfcc.stdev.2,0.5485221485796501
funny,lowLevel.spectral_kurtosis.mean,0.4882449099131918
funny,lowLevel.barkbands.mean.13,0.47179697136743926
funny,lowLevel.barkbands.stdev.12,0.4640709459563368
funny,lowLevel.mfcc.stdev.9,0.46104979175288463
funny,lowLevel.sccoeffs.stdev.3,0.4425781445825123
funny,lowLevel.spectral_flatness_db.mean,0.4376837403033278
funny,lowLevel.dissonance.stdev,0.40058946863064193
funny,lowLevel.barkbands.stdev.15,0.3971548109402647
funny,lowLevel.barkbands.mean.25,0.39463741382496664
funny,lowLevel.spectral_kurtosis.stdev,0.39200758456718177
funny,lowLevel.pitch.mean,0.37891864190169144
funny,lowLevel.scvalleys.mean.3,0.36957354893820593
funny,sfx.tristimulus.stdev.0,0.36506943994027097
funny,lowLevel.barkbands.mean.5,0.3578412807328277
funny,lowLevel.barkbands.stdev.8,0.35704055466339923
funny,sfx.inharmonicity.stdev,0.356971203982539
funny,lowLevel.spectral_skewness.stdev,0.35257957917201566
funny,lowLevel.spectral_crest.stdev,0.3346313800138887
funny,lowLevel.pitch.stdev,0.3285945086427091
funny,lowLevel.pitch_instantaneous_confidence.mean,0.31496920151039376
funny,lowLevel.spectral_flux.stdev,0.3071769913076423
funny,lowLevel.barkbands_spread.stdev,0.30531272607913706
funny,lowLevel.mfcc.stdev.0,0.3046224983627326
funny,lowLevel.barkbands.mean.19,0.3040850606339518
funny,lowLevel.sccoeffs.stdev.4,0.29968526790798933
funny,lowLevel.barkbands.mean.21,0.2996062679158058
funny,lowLevel.scvalleys.stdev.5,0.2919888961550896
funny,lowLevel.sccoeffs.mean.0,0.2894170799154381
funny,lowLevel.pitch_salience.mean,0.2803785090945894
funny,sfx.tristimulus.stdev.2,0.27308693409213447
funny,lowLevel.scvalleys.stdev.2,0.27161697552219266
funny,lowLevel.barkbands.mean.10,0.26607549625623506
funny,lowLevel.barkbands.stdev.18,0.25987808890931774
funny,lowLevel.spectral_rolloff.mean,0.25154968439164804
funny,lowLevel.sccoeffs.stdev.1,0.24930455870344304
funny,lowLevel.mfcc.stdev.6,0.2409632317867363
funny,lowLevel.barkbands.stdev.20,0.2395125788061705
funny,lowLevel.sccoeffs.mean.1,0.23817201387646492
funny,lowLevel.zerocrossingrate.mean,0.23123247504918254
funny,lowLevel.scvalleys.mean.2,0.21044545626500621
funny,lowLevel.barkbands.stdev.13,0.20550275482310099
funny,lowLevel.mfcc.mean.3,0.20036632695337175
funny,lowLevel.mfcc.mean.12,0.19471876735406113
funny,lowLevel.barkbands.mean.24,0.19322977099363925
funny,lowLevel.barkbands.mean.3,0.19289379959809594
funny,lowLevel.sccoeffs.stdev.0,0.19074253897633753
funny,lowLevel.mfcc.mean.8,0.19026905850478215
funny,lowLevel.mfcc.stdev.4,0.1892987762694247
funny,lowLevel.mfcc.stdev.11,0.18691896004020236
funny,lowLevel.mfcc.stdev.5,0.18454098446818534
funny,lowLevel.barkbands.stdev.5,0.18288858715823153
funny,lowLevel.spectral_flatness_db.stdev,0.18238466462207725
funny,lowLevel.barkbands.mean.6,0.18172925886756275
funny,lowLevel.barkbands_skewness.mean,0.17922529065253912
funny,lowLevel.barkbands.stdev.3,0.17773841444795835
funny,lowLevel.mfcc.mean.4,0.17655720478796866
funny,lowLevel.spectral_rolloff.stdev,0.17530034254014026
funny,lowLevel.scvalleys.stdev.0,0.1740929521401995
funny,lowLevel.scvalleys.stdev.1,0.1739803102100268
funny,sfx.oddtoevenharmonicenergyratio.mean,0.1713417465780367
funny,lowLevel.spectral_centroid.stdev,0.17089953710092232
funny,lowLevel.barkbands.mean.0,0.16912741361011285
funny,lowLevel.mfcc.stdev.12,0.16869248391594738
funny,lowLevel.barkbands.stdev.0,0.16116751171648502
funny,lowLevel.scvalleys.mean.0,0.16045976113673532
funny,lowLevel.sccoeffs.stdev.5,0.1600088942795992
funny,sfx.tristimulus.mean.2,0.15751644410920562
funny,lowLevel.mfcc.mean.6,0.1522124336079287
funny,lowLevel.barkbands.stdev.23,0.15110993618145585
funny,lowLevel.dissonance.mean,0.14831445909658214
funny,lowLevel.mfcc.mean.1,0.14728742515580961
funny,lowLevel.barkbands_spread.mean,0.14551489129371475
funny,lowLevel.mfcc.mean.5,0.14364010383724235
funny,lowLevel.barkbands.stdev.19,0.14073374190775212
funny,lowLevel.barkbands.stdev.6,0.13726673167548142
funny,lowLevel.barkbands.stdev.22,0.13258696305274498
funny,sfx.oddtoevenharmonicenergyratio.stdev,0.1313570506099495
funny,lowLevel.spectral_decrease.stdev,0.12431972929334734
funny,lowLevel.barkbands.stdev.16,0.12341080504120328
funny,lowLevel.mfcc.mean.11,0.12268526282605308
funny,lowLevel.spectral_spread.stdev,0.12163561091801967
funny,sfx.tristimulus.stdev.1,0.12141319080546964
funny,sfx.tristimulus.mean.1,0.12131126473468612
funny,lowLevel.barkbands.stdev.24,0.11991665870300494
funny,lowLevel.barkbands.mean.4,0.11895448678842513
funny,lowLevel.spectral_energyband_high.stdev,0.11581558433317696
funny,lowLevel.barkbands.stdev.14,0.11468541767681018
funny,lowLevel.mfcc.mean.10,0.11422467275406234
funny,lowLevel.scvalleys.mean.1,0.11406119108869461
funny,lowLevel.barkbands.stdev.2,0.1084937536434154
funny,lowLevel.mfcc.mean.2,0.10473515078410855
funny,lowLevel.mfcc.mean.7,0.09636347278137691
funny,lowLevel.mfcc.stdev.3,0.09533404374451493
funny,lowLevel.spectral_skewness.mean,0.09408532414818183
funny,lowLevel.mfcc.mean.9,0.08996499006752856
funny,lowLevel.mfcc.stdev.1,0.08902481334007462
funny,lowLevel.spectral_centroid.mean,0.08625324499007547
funny,lowLevel.spectral_crest.mean,0.08558617582457373
funny,lowLevel.barkbands.mean.23,0.08534572467033286
funny,lowLevel.spectral_energyband_low.mean,0.08238463799352758
funny,lowLevel.barkbands_skewness.stdev,0.07536179890303174
funny,sfx.inharmonicity.mean,0.07147420372348279
funny,lowLevel.zerocrossingrate.stdev,0.06841354324569693
funny,lowLevel.barkbands.mean.2,0.06736509432812454
funny,lowLevel.barkbands.stdev.1,0.062167297102860175
funny,lowLevel.barkbands.stdev.21,0.059619338826450985
funny,lowLevel.barkbands_kurtosis.mean,0.05800368323252769
funny,sfx.tristimulus.mean.0,0.056812230846844614
funny,lowLevel.barkbands.mean.1,0.05406993087672163
funny,lowLevel.pitch_salience.stdev,0.05151526986446697
funny,lowLevel.barkbands_kurtosis.stdev,0.034669726992433425
funny,lowLevel.spectral_energyband_low.stdev,0.031026496100821532
funny,lowLevel.silence_rate_60dB.stdev,0.02953786442958517
funny,lowLevel.silence_rate_30dB.mean,0.008351477998076007
funny,lowLevel.silence_rate_30dB.stdev,0.00710861012339592
funny,lowLevel.silence_rate_20dB.stdev,0.0
funny,lowLevel.silence_rate_20dB.mean,0.0
gloomy,lowLevel.spectral_energy.mean,36.16159298625939
gloomy,lowLevel.silence_rate_60dB.mean,17.72146126503185
gloomy,lowLevel.spectral_complexity.mean,12.768934598288599
gloomy,lowLevel.barkbands.mean.5,3.799706493640315
gloomy,lowLevel.mfcc.stdev.9,3.4880073537292167
gloomy,lowLevel.mfcc.stdev.11,3.3969818136697256
gloomy,lowLevel.spectral_complexity.stdev,3.359281690184851
gloomy,lowLevel.mfcc.stdev.0,2.604952818383026
gloomy,lowLevel.spectral_energy.stdev,1.975075196459187
gloomy,lowLevel.mfcc.stdev.8,1.9510636703316142
gloomy,lowLevel.scvalleys.stdev.4,1.8011765040464525
gloomy,lowLevel.hfc.mean,1.7737823799649277
gloomy,lowLevel.mfcc.stdev.10,1.5289829035868934
gloomy,lowLevel.barkbands.stdev.4,1.4340408743037187
gloomy,lowLevel.spectral_rms.stdev,1.3204502288544973
gloomy,lowLevel.spectral_energyband_middle_low.stdev,1.2553826708052043
gloomy,lowLevel.barkbands.stdev.26,1.073402891338901
gloomy,lowLevel.spectral_energyband_middle_low.mean,1.0663165557339198
gloomy,lowLevel.mfcc.stdev.12,1.0610001021741482
gloomy,lowLevel.spectral_energyband_high.stdev,0.9746254025252483
gloomy,lowLevel.mfcc.stdev.7,0.9000348073873283
gloomy,lowLevel.barkbands.stdev.5,0.8382925215217938
gloomy,lowLevel.scvalleys.stdev.3,0.8237627823310536
gloomy,lowLevel.spectral_kurtosis.mean,0.812602360123833
gloomy,lowLevel.spectral_skewness.mean,0.7745755090357989
gloomy,lowLevel.pitch_instantaneous_confidence.stdev,0.7576405334074252
gloomy,lowLevel.sccoeffs.mean.3,0.7564951069076962
gloomy,lowLevel.barkbands.stdev.18,0.7120953186476982
gloomy,lowLevel.scvalleys.mean.5,0.6633229894906556
gloomy,lowLevel.barkbands.stdev.12,0.47578316902854567
gloomy,lowLevel.spectral_spread.mean,0.47408730447750713
gloomy,lowLevel.spectral_kurtosis.stdev,0.4671744781975349
gloomy,lowLevel.mfcc.mean.8,0.45598259382256856
gloomy,lowLevel.scvalleys.stdev.2,0.4541656859141767
gloomy,lowLevel.barkbands.mean.26,0.4531689849172835
gloomy,lowLevel.barkbands.stdev.3,0.43529092800862657
gloomy,lowLevel.spectral_strongpeak.stdev,0.40619799511524746
gloomy,lowLevel.spectral_energyband_middle_high.mean,0.363617345340117
gloomy,lowLevel.barkbands.mean.16,0.36306667374810786
gloomy,lowLevel.scvalleys.stdev.1,0.36133998530567624
gloomy,lowLevel.barkbands.mean.15,0.3497932147093934
gloomy,lowLevel.spectral_energyband_middle_high.stdev,0.3386383995509519
gloomy,lowLevel.barkbands.mean.4,0.31339616812101667
gloomy,lowLevel.sccoeffs.mean.5,0.3110525226101686
gloomy,lowLevel.scvalleys.mean.4,0.3093829980026612
gloomy,lowLevel.zerocrossingrate.mean,0.3063312202175439
gloomy,lowLevel.barkbands.mean.3,0.29356369089178713
gloomy,lowLevel.hfc.stdev,0.27895664014734334
gloomy,lowLevel.barkbands.mean.25,0.27503493214423713
gloomy,lowLevel.pitch.mean,0.2533630558941695
gloomy,lowLevel.sccoeffs.mean.4,0.2516133671838361
gloomy,lowLevel.sccoeffs.stdev.2,0.24811331385035373
gloomy,lowLevel.mfcc.stdev.2,0.24470350422426357
gloomy,lowLevel.spectral_strongpeak.mean,0.24305316300819868
gloomy,lowLevel.sccoeffs.stdev.5,0.23044055373429728
gloomy,lowLevel.mfcc.mean.0,0.22414758677768987
gloomy,lowLevel.scvalleys.mean.3,0.22330877108367986
gloomy,lowLevel.sccoeffs.mean.1,0.21910362841776987
gloomy,lowLevel.scvalleys.stdev.0,0.21236979263130706
gloomy,lowLevel.zerocrossingrate.stdev,0.2122891249665102
gloomy,lowLevel.spectral_skewness.stdev,0.19979171996166656
gloomy,lowLevel.mfcc.stdev.5,0.19902944416980972
gloomy,lowLevel.sccoeffs.mean.2,0.19056861987988327
gloomy,lowLevel.barkbands.stdev.25,0.18619944464990112
gloomy,lowLevel.barkbands.stdev.21,0.18364470327560412
gloomy,lowLevel.mfcc.mean.7,0.1756759067101541
gloomy,sfx.tristimulus.stdev.1,0.16352494246837823
gloomy,lowLevel.mfcc.stdev.6,0.15650088603694945
gloomy,lowLevel.silence_rate_60dB.stdev,0.1501282672807065
gloomy,lowLevel.spectral_energyband_high.mean,0.14895475173398154
gloomy,lowLevel.barkbands.mean.17,0.14006582899062892
gloomy,lowLevel.barkbands.stdev.10,0.13745718987092914
gloomy,lowLevel.barkbands.mean.8,0.13452914623519518
gloomy,lowLevel.barkbands.mean.2,0.13193210553959034
gloomy,lowLevel.barkbands.stdev.14,0.13082082568689657
gloomy,lowLevel.mfcc.stdev.4,0.11902910461185456
gloomy,sfx.oddtoevenharmonicenergyratio.mean,0.11622955554821601
gloomy,lowLevel.spectral_rms.mean,0.10775641740752917
gloomy,sfx.oddtoevenharmonicenergyratio.stdev,0.10633940372702
gloomy,lowLevel.sccoeffs.stdev.3,0.1047217535742675
gloomy,lowLevel.barkbands.mean.21,0.09847669720026886
gloomy,lowLevel.barkbands.mean.12,0.09814324643230066
gloomy,lowLevel.spectral_rolloff.stdev,0.09383961695186827
gloomy,lowLevel.mfcc.mean.6,0.09295501341875934
gloomy,lowLevel.barkbands.stdev.8,0.09245858587109979
gloomy,lowLevel.barkbands.mean.24,0.0913594979338086
gloomy,sfx.tristimulus.stdev.0,0.08871099841167052
gloomy,lowLevel.mfcc.mean.10,0.08138634747800233
gloomy,lowLevel.mfcc.mean.12,0.07977822916546629
gloomy,lowLevel.scvalleys.mean.2,0.07840913184372766
gloomy,lowLevel.barkbands_skewness.stdev,0.07615776865031876
gloomy,lowLevel.barkbands.mean.6,0.07489068796874676
gloomy,lowLevel.scvalleys.stdev.5,0.0729924453098647
gloomy,lowLevel.spectral_spread.stdev,0.07192087529506352
gloomy,lowLevel.mfcc.stdev.1,0.0715191575631291
gloomy,lowLevel.mfcc.mean.5,0.06882433561554535
gloomy,lowLevel.mfcc.mean.4,0.06853734954540514
gloomy,lowLevel.spectral_flatness_db.mean,0.06539580253866006
gloomy,lowLevel.spectral_crest.stdev,0.06537234512938994
gloomy,lowLevel.spectral_decrease.stdev,0.0620827496948948
gloomy,lowLevel.barkbands.mean.20,0.06159666702751565
gloomy,lowLevel.barkbands.mean.19,0.05978213084517847
gloomy,lowLevel.barkbands.stdev.20,0.05945784154528155
gloomy,lowLevel.spectral_flatness_db.stdev,0.05833033797605047
gloomy,lowLevel.barkbands.stdev.11,0.05761207151681447
gloomy,lowLevel.barkbands_spread.stdev,0.05749999932595529
gloomy,sfx.inharmonicity.mean,0.05649249915506971
gloomy,lowLevel.spectral_crest.mean,0.05580345172103307
gloomy,lowLevel.mfcc.mean.3,0.05511204618090204
gloomy,lowLevel.mfcc.mean.2,0.054929289358057076
gloomy,lowLevel.barkbands.stdev.7,0.05342058623114099
gloomy,lowLevel.scvalleys.mean.1,0.05198579950979365
gloomy,lowLevel.barkbands.mean.0,0.05145365256896639
gloomy,lowLevel.barkbands.mean.14,0.05100328805110621
gloomy,lowLevel.barkbands.mean.7,0.05099902164810255
gloomy,lowLevel.barkbands.stdev.6,0.05002330487218387
gloomy,lowLevel.spectral_decrease.mean,0.048282753599778516
gloomy,sfx.tristimulus.stdev.2,0.046433043766569426
gloomy,lowLevel.barkbands_skewness.mean,0.04643289924342753
gloomy,lowLevel.mfcc.stdev.3,0.04582352895472912
gloomy,lowLevel.barkbands.mean.1,0.04558178200841212
gloomy,lowLevel.barkbands_kurtosis.stdev,0.04446853707236187
gloomy,lowLevel.barkbands.stdev.17,0.04412126320130483
gloomy,lowLevel.sccoeffs.stdev.4,0.04247691656958352
gloomy,lowLevel.mfcc.mean.9,0.03999350493268139
gloomy,lowLevel.barkbands.stdev.16,0.03954315999271785
gloomy,lowLevel.spectral_centroid.stdev,0.03846230142971763
gloomy,lowLevel.barkbands.stdev.13,0.03812877516725166
gloomy,lowLevel.barkbands.stdev.9,0.036755657089571514
gloomy,sfx.tristimulus.mean.1,0.03663160200062521
gloomy,lowLevel.barkbands.stdev.19,0.03596628920685063
gloomy,lowLevel.pitch_salience.mean,0.03577804338357282
gloomy,lowLevel.pitch_salience.stdev,0.035423302371782484
gloomy,lowLevel.dissonance.stdev,0.03240658782948458
gloomy,lowLevel.mfcc.mean.11,0.03180073202838685
gloomy,lowLevel.barkbands.stdev.1,0.03107275131787901
gloomy,lowLevel.barkbands.stdev.24,0.02992115104188997
gloomy,lowLevel.barkbands.mean.23,0.029640618099847416
gloomy,lowLevel.barkbands.mean.18,0.029423928283904388
gloomy,lowLevel.scvalleys.mean.0,0.028699989086817368
gloomy,lowLevel.mfcc.mean.1,0.02786795977942802
gloomy,lowLevel.sccoeffs.stdev.1,0.02650155028993595
gloomy,lowLevel.spectral_flux.mean,0.02530712803309143
gloomy,lowLevel.barkbands.mean.11,0.02419032311081537
gloomy,sfx.inharmonicity.stdev,0.023496324890857068
gloomy,lowLevel.pitch_instantaneous_confidence.mean,0.02302533513545768
gloomy,lowLevel.barkbands.stdev.0,0.0226654861986475
gloomy,lowLevel.barkbands.stdev.23,0.02246580187500058
gloomy,sfx.tristimulus.mean.0,0.022136727125769085
gloomy,lowLevel.dissonance.mean,0.021714005338679954
gloomy,lowLevel.spectral_centroid.mean,0.02068530248106981
gloomy,lowLevel.barkbands.stdev.15,0.02052147517861158
gloomy,sfx.tristimulus.mean.2,0.02037154781373829
gloomy,lowLevel.sccoeffs.mean.0,0.02025070169429455
gloomy,lowLevel.barkbands_spread.mean,0.020021288382167768
gloomy,lowLevel.pitch.stdev,0.01999335819098258
gloomy,lowLevel.barkbands.mean.9,0.019140324860018154
gloomy,lowLevel.barkbands.mean.10,0.01888463554460884
gloomy,lowLevel.barkbands.stdev.22,0.017105993701989064
gloomy,lowLevel.barkbands.mean.13,0.01562905882838095
gloomy,lowLevel.barkbands_kurtosis.mean,0.015155459526795312
gloomy,lowLevel.barkbands.mean.22,0.01312699527352379
gloomy,lowLevel.spectral_energyband_low.stdev,0.012501453744334867
gloomy,lowLevel.spectral_flux.stdev,0.012373184439638862
gloomy,lowLevel.barkbands.stdev.2,0.011797372233559145
gloomy,lowLevel.sccoeffs.stdev.0,0.011200509224750022
gloomy,lowLevel.spectral_energyband_low.mean,0.008743436608142474
gloomy,lowLevel.spectral_rolloff.mean,0.006303706129983766
gloomy,lowLevel.silence_rate_30dB.mean,0.0049466900527477264
gloomy,lowLevel.silence_rate_20dB.stdev,0.00359139998909086
gloomy,lowLevel.silence_rate_20dB.mean,0.0
gloomy,lowLevel.silence_rate_30dB.stdev,0.0
grainy,lowLevel.hfc.mean,485.44560919719515
grainy,lowLevel.hfc.stdev,268.5777079763566
grainy,lowLevel.spectral_energy.mean,84.19153470234596
grainy,lowLevel.spectral_energy.stdev,75.71742438762385
grainy,lowLevel.spectral_energyband_middle_low.stdev,26.537021446212748
grainy,lowLevel.spectral_energyband_middle_low.mean,25.779700598781346
grainy,lowLevel.spectral_complexity.mean,22.71294696617042
grainy,lowLevel.spectral_rms.stdev,17.919326483575787
grainy,lowLevel.spectral_complexity.stdev,15.197983835347259
grainy,lowLevel.spectral_energyband_middle_high.mean,15.019705785842234
grainy,lowLevel.barkbands.stdev.26,14.225136762657712
grainy,lowLevel.spectral_energyband_middle_high.stdev,13.691466696714087
grainy,lowLevel.barkbands.mean.18,11.275634778641688
grainy,lowLevel.spectral_strongpeak.stdev,10.637912259884615
grainy,lowLevel.mfcc.stdev.2,8.803807228546248
grainy,lowLevel.spectral_skewness.stdev,7.13534697324576
grainy,lowLevel.barkbands.stdev.18,7.107305414327129
grainy,lowLevel.sccoeffs.stdev.2,6.6423781826688355
grainy,lowLevel.silence_rate_60dB.mean,6.187315730268892
grainy,lowLevel.scvalleys.stdev.4,5.861357361445698
grainy,lowLevel.spectral_strongpeak.mean,5.535926984928665
grainy,lowLevel.pitch_instantaneous_confidence.stdev,5.248560488005751
grainy,lowLevel.barkbands.mean.26,5.1367002995339135
grainy,lowLevel.mfcc.stdev.8,5.013299022148203
grainy,lowLevel.sccoeffs.mean.2,4.963242713158252
grainy,lowLevel.scvalleys.stdev.2,4.553654475243093
grainy,lowLevel.spectral_spread.mean,4.529077653525746
grainy,lowLevel.barkbands.stdev.9,4.351737826453245
grainy,lowLevel.spectral_energyband_high.stdev,4.312972057457955
grainy,lowLevel.mfcc.stdev.0,4.0468040326686605
grainy,lowLevel.barkbands.stdev.25,3.9576820070051326
grainy,lowLevel.barkbands.stdev.12,3.8102646940860723
grainy,lowLevel.sccoeffs.mean.4,3.7917107451758056
grainy,lowLevel.mfcc.stdev.9,3.6969081767001626
grainy,lowLevel.mfcc.stdev.10,3.5331238450198725
grainy,lowLevel.spectral_kurtosis.stdev,3.4669738936427166
grainy,lowLevel.scvalleys.stdev.1,3.465344018975884
grainy,lowLevel.barkbands.mean.25,3.334752452772591
grainy,lowLevel.barkbands.mean.11,3.1759744779810717
grainy,lowLevel.barkbands.mean.17,3.0313315061066533
grainy,lowLevel.scvalleys.stdev.3,2.998062590129848
grainy,lowLevel.spectral_kurtosis.mean,2.942721146187978
grainy,lowLevel.zerocrossingrate.stdev,2.885062593344628
grainy,lowLevel.spectral_decrease.mean,2.8337928277323954
grainy,lowLevel.barkbands.mean.5,2.6227477307584195
grainy,lowLevel.barkbands.stdev.10,2.493007322500489
grainy,lowLevel.spectral_energyband_high.mean,2.4895170929739834
grainy,lowLevel.spectral_flux.mean,2.467094657215057
grainy,lowLevel.barkbands.mean.10,2.4347340828899178
grainy,lowLevel.mfcc.stdev.11,2.417348799848696
grainy,lowLevel.scvalleys.mean.5,2.1438830769402557
grainy,lowLevel.barkbands.mean.4,2.1095666408891702
grainy,lowLevel.barkbands.mean.12,2.0530685750718476
grainy,lowLevel.spectral_centroid.mean,1.9948595949208539
grainy,lowLevel.mfcc.mean.3,1.8735787592231645
grainy,lowLevel.sccoeffs.mean.3,1.84209183236635
grainy,lowLevel.spectral_rolloff.stdev,1.7329807209207502
grainy,lowLevel.sccoeffs.mean.5,1.7279121882020263
grainy,lowLevel.barkbands.mean.16,1.6601571970022633
grainy,lowLevel.mfcc.stdev.12,1.580137685748923
grainy,lowLevel.mfcc.stdev.7,1.55260217776231
grainy,lowLevel.spectral_skewness.mean,1.5306165375368437
grainy,lowLevel.spectral_rms.mean,1.526047812167235
grainy,lowLevel.barkbands.stdev.4,1.4938841620332823
grainy,lowLevel.sccoeffs.stdev.3,1.4550781652196747
grainy,lowLevel.pitch.mean,1.414750737225404
grainy,lowLevel.barkbands.mean.8,1.3858676285635738
grainy,lowLevel.spectral_crest.stdev,1.3144047299938393
grainy,lowLevel.barkbands.stdev.15,1.3076303313173412
grainy,lowLevel.barkbands.mean.19,1.1719906717298727
grainy,lowLevel.barkbands.mean.13,1.1270564964670484
grainy,lowLevel.scvalleys.stdev.0,1.113355271063483
grainy,lowLevel.barkbands.stdev.8,1.104221227553353
grainy,lowLevel.pitch.stdev,1.099255368413651
grainy,lowLevel.barkbands_spread.stdev,1.02940442353065
grainy,lowLevel.barkbands.stdev.11,1.0233338843972888
grainy,lowLevel.barkbands.stdev.19,1.022328641214699
grainy,lowLevel.spectral_rolloff.mean,0.9603855408749951
grainy,lowLevel.scvalleys.stdev.5,0.959926280847867
grainy,lowLevel.barkbands.stdev.21,0.9584747727785725
grainy,lowLevel.mfcc.mean.0,0.9379578627322189
grainy,lowLevel.barkbands.mean.6,0.8490611434754101
grainy,lowLevel.barkbands.mean.24,0.8377106355910655
grainy,lowLevel.mfcc.mean.7,0.8358312802338332
grainy,lowLevel.scvalleys.mean.4,0.8340764207532629
grainy,sfx.tristimulus.stdev.0,0.8196962561887631
grainy,sfx.oddtoevenharmonicenergyratio.stdev,0.7690140595041157
grainy,lowLevel.silence_rate_60dB.stdev,0.7533382719320798
grainy,lowLevel.mfcc.stdev.6,0.7491628897514602
grainy,lowLevel.mfcc.mean.8,0.7457902315436513
grainy,lowLevel.barkbands.stdev.5,0.7247282555545098
grainy,lowLevel.sccoeffs.stdev.1,0.721163112699287
grainy,lowLevel.barkbands.mean.20,0.7189757628439111
grainy,lowLevel.barkbands.mean.9,0.7130594965219643
grainy,lowLevel.pitch_instantaneous_confidence.mean,0.7109048423681088
grainy,lowLevel.barkbands.mean.7,0.6944807284689887
grainy,lowLevel.barkbands.stdev.3,0.664490091308835
grainy,lowLevel.pitch_salience.stdev,0.635363750921897
grainy,lowLevel.pitch_salience.mean,0.61153220905544
grainy,lowLevel.spectral_decrease.stdev,0.6079583882619772
grainy,lowLevel.barkbands.mean.22,0.5855020027902356
grainy,lowLevel.mfcc.stdev.4,0.5829673543048557
grainy,lowLevel.sccoeffs.stdev.5,0.5829066376554692
grainy,lowLevel.scvalleys.mean.1,0.5820559066378337
grainy,lowLevel.scvalleys.mean.2,0.5699778921698453
grainy,lowLevel.barkbands.mean.3,0.5568310729449877
grainy,lowLevel.mfcc.mean.9,0.5542095135951968
grainy,sfx.tristimulus.stdev.1,0.5450752862307127
grainy,lowLevel.mfcc.stdev.5,0.5445301117451891
grainy,lowLevel.barkbands.mean.0,0.5418304091908794
grainy,sfx.inharmonicity.stdev,0.5384874339706585
grainy,lowLevel.barkbands.stdev.24,0.5304336721983418
grainy,sfx.tristimulus.mean.1,0.5231977710973297
grainy,lowLevel.barkbands_skewness.stdev,0.5183493287222518
grainy,lowLevel.spectral_spread.stdev,0.5177514706992952
grainy,lowLevel.mfcc.stdev.1,0.5090417929186515
grainy,lowLevel.barkbands.stdev.17,0.5022885576981935
grainy,sfx.oddtoevenharmonicenergyratio.mean,0.5020767476689798
grainy,lowLevel.dissonance.stdev,0.49998264197347453
grainy,lowLevel.sccoeffs.mean.1,0.4854893363590236
grainy,sfx.inharmonicity.mean,0.47833348404856224
grainy,lowLevel.barkbands.stdev.7,0.47287939010493574
grainy,lowLevel.barkbands.stdev.0,0.4697593041455548
grainy,lowLevel.mfcc.mean.4,0.460268403396185
grainy,lowLevel.mfcc.mean.11,0.4375191576400539
grainy,lowLevel.mfcc.stdev.3,0.4355628456978593
grainy,lowLevel.barkbands.stdev.6,0.4218385078020219
grainy,lowLevel.barkbands.stdev.13,0.41880508572830877
grainy,lowLevel.sccoeffs.stdev.4,0.4093608470957406
grainy,lowLevel.mfcc.mean.5,0.4010584199313598
grainy,lowLevel.dissonance.mean,0.39625067494853283
grainy,lowLevel.scvalleys.mean.0,0.39088057193293935
grainy,lowLevel.spectral_flatness_db.stdev,0.39081939433162916
grainy,lowLevel.mfcc.mean.12,0.38645160001397016
grainy,lowLevel.scvalleys.mean.3,0.36953908976283856
grainy,lowLevel.spectral_flux.stdev,0.36237914750381606
grainy,lowLevel.zerocrossingrate.mean,0.35467517161669093
grainy,lowLevel.mfcc.mean.1,0.35446351203245285
grainy,lowLevel.spectral_energyband_low.mean,0.35032446848708787
grainy,lowLevel.spectral_flatness_db.mean,0.34860864295842475
grainy,lowLevel.barkbands.mean.21,0.33411123862242675
grainy,lowLevel.barkbands.stdev.23,0.327853679988948
grainy,lowLevel.mfcc.mean.6,0.31327981441609154
grainy,sfx.tristimulus.stdev.2,0.31215763012914977
grainy,lowLevel.sccoeffs.mean.0,0.30107210407732055
grainy,lowLevel.barkbands.mean.2,0.300144394957897
grainy,lowLevel.sccoeffs.stdev.0,0.29337579505954636
grainy,lowLevel.barkbands.mean.15,0.28896924730543105
grainy,lowLevel.barkbands_skewness.mean,0.27552880956500303
grainy,lowLevel.mfcc.mean.10,0.2726695012715936
grainy,lowLevel.barkbands.mean.1,0.27087610290254815
grainy,lowLevel.barkbands.mean.14,0.27004870274504356
grainy,lowLevel.barkbands_kurtosis.mean,0.2684572495854809
grainy,sfx.tristimulus.mean.0,0.25458061539393384
grainy,lowLevel.spectral_centroid.stdev,0.24866679623664822
grainy,lowLevel.barkbands_kurtosis.stdev,0.24295169770812208
grainy,lowLevel.barkbands.stdev.16,0.23592941546576185
grainy,lowLevel.barkbands.stdev.14,0.22230514499824494
grainy,sfx.tristimulus.mean.2,0.22125843876074214
grainy,lowLevel.barkbands_spread.mean,0.19948477988509694
grainy,lowLevel.mfcc.mean.2,0.18921638598112622
grainy,lowLevel.barkbands.stdev.20,0.15182806020311546
grainy,lowLevel.barkbands.mean.23,0.15048124883469427
grainy,lowLevel.spectral_energyband_low.stdev,0.13873981411597924
grainy,lowLevel.spectral_crest.mean,0.11965691747900564
grainy,lowLevel.barkbands.stdev.22,0.1147760759722587
grainy,lowLevel.barkbands.stdev.1,0.09529455307347234
grainy,lowLevel.barkbands.stdev.2,0.06631849008226709
grainy,lowLevel.silence_rate_30dB.stdev,0.0019129060092382133
grainy,lowLevel.silence_rate_30dB.mean,0.0008863342882250436
grainy,lowLevel.silence_rate_20dB.stdev,0.0
grainy,lowLevel.silence_rate_20dB.mean,0.0
hard,lowLevel.hfc.mean,978.5488156816108
hard,lowLevel.spectral_energy.mean,141.24143600116804
hard,lowLevel.spectral_complexity.stdev,101.07624765264336
hard,lowLevel.hfc.stdev,100.8165708144661
hard,lowLevel.spectral_energyband_middle_high.mean,91.83030749927275
hard,lowLevel.spectral_energyband_middle_high.stdev,28.579737837426364
hard,lowLevel.spectral_complexity.mean,23.574604827468647
hard,lowLevel.barkbands.mean.12,8.681427275761962
hard,lowLevel.silence_rate_60dB.mean,8.402650438481942
hard,lowLevel.barkbands.stdev.11,5.448887118021958
hard,lowLevel.barkbands.mean.16,4.782512303354451
hard,lowLevel.spectral_strongpeak.mean,4.750897408463061
hard,lowLevel.spectral_energy.stdev,4.374258158146404
hard,lowLevel.barkbands.stdev.8,4.079338857263792
hard,lowLevel.barkbands.stdev.12,3.304479123093188
hard,lowLevel.spectral_energyband_middle_low.mean,2.9451124357547087
hard,lowLevel.barkbands.mean.26,2.7874221727834083
hard,lowLevel.barkbands.mean.9,2.6166705954819918
hard,lowLevel.mfcc.mean.0,2.3680456993170083
hard,lowLevel.barkbands.stdev.6,2.2260463145366884
hard,lowLevel.spectral_energyband_middle_low.stdev,2.0898715317825918
hard,lowLevel.spectral_flux.mean,1.837624944979325
hard,lowLevel.spectral_strongpeak.stdev,1.6899542906321585
hard,lowLevel.barkbands.mean.8,1.5332205513259396
hard,lowLevel.spectral_energyband_high.mean,1.5166352284140885
hard,lowLevel.barkbands.mean.13,1.0608681068988517
hard,lowLevel.barkbands.stdev.9,1.0318741770461202
hard,lowLevel.spectral_rms.mean,1.0293569139903411
hard,lowLevel.barkbands.mean.17,0.9871815709630027
hard,lowLevel.pitch_instantaneous_confidence.stdev,0.8672919280943461
hard,lowLevel.barkbands.mean.25,0.7863126530137379
hard,lowLevel.barkbands.stdev.26,0.7275753261055797
hard,lowLevel.barkbands.mean.23,0.589818884152919
hard,lowLevel.barkbands.mean.11,0.5794768603518605
hard,lowLevel.mfcc.stdev.0,0.5505574992857873
hard,sfx.tristimulus.stdev.0,0.5260021173162386
hard,lowLevel.mfcc.stdev.8,0.5027753334143199
hard,lowLevel.mfcc.stdev.10,0.4652719208970666
hard,sfx.tristimulus.stdev.1,0.4571779527468607
hard,lowLevel.scvalleys.mean.2,0.42203400540165603
hard,lowLevel.mfcc.stdev.9,0.3885712157934904
hard,lowLevel.barkbands.mean.22,0.3659956961637363
hard,lowLevel.barkbands.stdev.25,0.3646629024296999
hard,lowLevel.barkbands.stdev.0,0.34887900203466415
hard,lowLevel.sccoeffs.mean.1,0.33541337749920785
hard,lowLevel.spectral_spread.mean,0.3241728434804827
hard,lowLevel.sccoeffs.stdev.2,0.30393396025465336
hard,lowLevel.barkbands.mean.7,0.2594376596953225
hard,lowLevel.spectral_centroid.mean,0.24527839943766594
hard,lowLevel.barkbands.mean.2,0.2313772002235055
hard,lowLevel.barkbands.mean.5,0.22970136502408423
hard,sfx.oddtoevenharmonicenergyratio.stdev,0.2177286923979409
hard,lowLevel.barkbands.stdev.14,0.2158305048942566
hard,lowLevel.mfcc.stdev.6,0.21273759752511978
hard,lowLevel.mfcc.stdev.7,0.19634166063042358
hard,lowLevel.barkbands.mean.24,0.19611784955486655
hard,lowLevel.barkbands.mean.15,0.17436105574597605
hard,lowLevel.scvalleys.stdev.3,0.17149710876401514
hard,lowLevel.barkbands.mean.18,0.15192700026091188
hard,lowLevel.scvalleys.stdev.0,0.14935319870710373
hard,lowLevel.spectral_rolloff.mean,0.13955990225076675
hard,lowLevel.barkbands.stdev.4,0.13885758817195892
hard,lowLevel.sccoeffs.stdev.3,0.13579620352538768
hard,lowLevel.mfcc.mean.5,0.1223669599276036
hard,lowLevel.barkbands.mean.6,0.11825852748006582
hard,lowLevel.mfcc.stdev.11,0.1170771000906825
hard,lowLevel.mfcc.stdev.4,0.11624604696407914
hard,lowLevel.barkbands.mean.3,0.11247937945881858
hard,lowLevel.barkbands.mean.10,0.10535018076188862
hard,sfx.oddtoevenharmonicenergyratio.mean,0.10162287030834705
hard,lowLevel.spectral_rms.stdev,0.10107672028243542
hard,lowLevel.spectral_kurtosis.mean,0.09925569873303175
hard,lowLevel.barkbands.stdev.3,0.09643552539637312
hard,lowLevel.mfcc.stdev.12,0.09480757964774966
hard,lowLevel.spectral_skewness.mean,0.09442310128360987
hard,lowLevel.mfcc.mean.12,0.08638239931315184
hard,lowLevel.mfcc.mean.11,0.08572541968896985
hard,lowLevel.mfcc.stdev.1,0.08120279759168625
hard,lowLevel.sccoeffs.stdev.5,0.07869010046124458
hard,lowLevel.mfcc.mean.3,0.07815610058605671
hard,lowLevel.sccoeffs.mean.2,0.07739103340281872
hard,lowLevel.barkbands.stdev.7,0.07580812810920179
hard,lowLevel.barkbands.stdev.17,0.07461750134825706
hard,lowLevel.barkbands.stdev.5,0.07307898171711713
hard,lowLevel.sccoeffs.mean.5,0.07245046948082745
hard,lowLevel.mfcc.mean.8,0.07076253020204604
hard,lowLevel.barkbands.mean.14,0.06562269778805785
hard,lowLevel.spectral_crest.stdev,0.06536410143598914
hard,lowLevel.barkbands.stdev.19,0.06044406883302145
hard,lowLevel.scvalleys.mean.5,0.06015636934898794
hard,lowLevel.sccoeffs.mean.3,0.059684860054403543
hard,lowLevel.spectral_crest.mean,0.058812969364225864
hard,lowLevel.barkbands.mean.4,0.05783124688605312
hard,lowLevel.scvalleys.stdev.1,0.056226300075650215
hard,lowLevel.barkbands.mean.19,0.05596687698198366
hard,sfx.tristimulus.stdev.2,0.05207713879644871
hard,lowLevel.barkbands.stdev.10,0.04986249647845398
hard,lowLevel.barkbands_kurtosis.stdev,0.04923880100250244
hard,lowLevel.scvalleys.stdev.2,0.044873399659991264
hard,lowLevel.barkbands.stdev.13,0.043770061107352376
hard,lowLevel.spectral_flatness_db.stdev,0.03964650968555361
hard,lowLevel.scvalleys.mean.1,0.03678219951689243
hard,lowLevel.barkbands_spread.stdev,0.03556136984843761
hard,lowLevel.barkbands_skewness.stdev,0.035512050439137965
hard,lowLevel.pitch_salience.mean,0.03547776979394257
hard,lowLevel.mfcc.mean.10,0.03527543926611543
hard,lowLevel.mfcc.mean.6,0.03276100009679794
hard,lowLevel.mfcc.mean.2,0.032670189160853624
hard,lowLevel.silence_rate_60dB.stdev,0.03105991962365806
hard,lowLevel.barkbands.mean.21,0.030503200367093086
hard,lowLevel.scvalleys.mean.3,0.030302693136036396
hard,lowLevel.spectral_decrease.stdev,0.029434419935569167
hard,lowLevel.spectral_energyband_high.stdev,0.02713877527276054
hard,lowLevel.barkbands.mean.20,0.025528989965096116
hard,lowLevel.barkbands.stdev.23,0.024005020270124078
hard,lowLevel.barkbands.stdev.15,0.021953239920549095
hard,lowLevel.pitch.mean,0.019812200218439102
hard,lowLevel.spectral_decrease.mean,0.018139929976314306
hard,lowLevel.sccoeffs.mean.4,0.017033100128173828
hard,lowLevel.zerocrossingrate.mean,0.01682019978761673
hard,lowLevel.sccoeffs.stdev.1,0.016395130194723606
hard,lowLevel.scvalleys.mean.0,0.015849649906158447
hard,lowLevel.scvalleys.stdev.5,0.015827800147235394
hard,lowLevel.barkbands.stdev.16,0.013194269209634513
hard,lowLevel.barkbands.stdev.18,0.012878523673862219
hard,lowLevel.barkbands.stdev.22,0.007840862017474137
hard,lowLevel.scvalleys.mean.4,0.005417759995907545
hard,lowLevel.spectral_flux.stdev,0.004696719814091921
hard,lowLevel.barkbands.stdev.2,0.0025690000038594007
hard,lowLevel.mfcc.mean.4,0.0006425330066122115
hard,lowLevel.scvalleys.stdev.4,0.0005930319894105196
hard,lowLevel.spectral_kurtosis.stdev,0.0
hard,lowLevel.barkbands.stdev.20,0.0
hard,lowLevel.barkbands.stdev.21,0.0
hard,sfx.tristimulus.mean.2,0.0
hard,lowLevel.zerocrossingrate.stdev,0.0
hard,lowLevel.spectral_rolloff.stdev,0.0
hard,sfx.inharmonicity.mean,0.0
hard,sfx.tristimulus.mean.1,0.0
hard,sfx.tristimulus.mean.0,0.0
hard,lowLevel.barkbands.stdev.1,0.0
hard,lowLevel.spectral_spread.stdev,0.0
hard,sfx.inharmonicity.stdev,0.0
hard,lowLevel.spectral_skewness.stdev,0.0
hard,lowLevel.sccoeffs.mean.0,0.0
hard,lowLevel.spectral_flatness_db.mean,0.0
hard,lowLevel.silence_rate_20dB.stdev,0.0
hard,lowLevel.pitch_instantaneous_confidence.mean,0.0
hard,lowLevel.pitch.stdev,0.0
hard,lowLevel.sccoeffs.stdev.0,0.0
hard,lowLevel.barkbands.mean.1,0.0
hard,lowLevel.sccoeffs.stdev.4,0.0
hard,lowLevel.mfcc.stdev.5,0.0
hard,lowLevel.mfcc.stdev.3,0.0
hard,lowLevel.mfcc.stdev.2,0.0
hard,lowLevel.mfcc.mean.9,0.0
hard,lowLevel.mfcc.mean.7,0.0
hard,lowLevel.silence_rate_20dB.mean,0.0
hard,lowLevel.silence_rate_30dB.mean,0.0
hard,lowLevel.barkbands.stdev.24,0.0
hard,lowLevel.silence_rate_30dB.stdev,0.0
hard,lowLevel.spectral_centroid.stdev,0.0
hard,lowLevel.mfcc.mean.1,0.0
hard,lowLevel.dissonance.stdev,0.0
hard,lowLevel.dissonance.mean,0.0
hard,lowLevel.pitch_salience.stdev,0.0
hard,lowLevel.barkbands_spread.mean,0.0
hard,lowLevel.spectral_energyband_low.mean,0.0
hard,lowLevel.spectral_energyband_low.stdev,0.0
hard,lowLevel.barkbands_skewness.mean,0.0
hard,lowLevel.barkbands_kurtosis.mean,0.0
hard,lowLevel.barkbands.mean.0,0.0
hot,lowLevel.spectral_energyband_middle_high.mean,42.27953635523588
hot,lowLevel.hfc.mean,32.83434866043666
hot,lowLevel.barkbands.mean.18,31.241284291920728
hot,lowLevel.barkbands.mean.15,12.509034903358952
hot,lowLevel.barkbands.stdev.4,11.614666599472798
hot,lowLevel.spectral_complexity.mean,8.409755464481492
hot,lowLevel.mfcc.stdev.10,7.0638256914669455
hot,lowLevel.barkbands.mean.17,6.314799554426827
hot,lowLevel.mfcc.stdev.9,6.170026170975689
hot,lowLevel.spectral_energyband_middle_low.mean,5.543182227492252
hot,lowLevel.hfc.stdev,5.464109862113986
hot,lowLevel.spectral_energyband_middle_high.stdev,5.260712323762988
hot,lowLevel.sccoeffs.mean.3,4.616224554091332
hot,lowLevel.barkbands.mean.5,4.568238035509125
hot,lowLevel.spectral_strongpeak.stdev,4.353234863203397
hot,lowLevel.spectral_strongpeak.mean,4.32585207168313
hot,lowLevel.barkbands.stdev.15,4.2975901531756335
hot,lowLevel.spectral_energyband_middle_low.stdev,4.168929984213516
hot,lowLevel.barkbands.mean.16,4.051819017552134
hot,lowLevel.mfcc.stdev.11,3.934651028045664
hot,lowLevel.mfcc.stdev.8,3.745682364098286
hot,lowLevel.barkbands.stdev.5,3.5666417655181135
hot,lowLevel.sccoeffs.mean.5,3.0293640818910887
hot,lowLevel.barkbands.mean.9,2.9500014306754565
hot,lowLevel.mfcc.stdev.12,2.752634322406682
hot,lowLevel.spectral_energyband_high.mean,2.7169288941404375
hot,lowLevel.barkbands.mean.23,2.6391238711179597
hot,lowLevel.mfcc.mean.0,2.5597229087434243
hot,lowLevel.barkbands.mean.20,1.9415416252932118
hot,lowLevel.sccoeffs.mean.4,1.9369523707444003
hot,lowLevel.barkbands.mean.22,1.842262209924229
hot,lowLevel.spectral_complexity.stdev,1.8409462850040832
hot,lowLevel.mfcc.stdev.7,1.7001609416835208
hot,lowLevel.barkbands.mean.24,1.6921267174516288
hot,lowLevel.mfcc.stdev.5,1.6432389664919356
hot,lowLevel.barkbands.mean.21,1.6266418448867626
hot,lowLevel.spectral_energy.mean,1.5923665353257093
hot,lowLevel.scvalleys.mean.5,1.401222175740834
hot,lowLevel.barkbands.mean.10,1.216727505410006
hot,lowLevel.silence_rate_60dB.mean,1.101657617188014
hot,lowLevel.sccoeffs.mean.2,1.0792722923339397
hot,lowLevel.barkbands.mean.14,1.0248037346636567
hot,lowLevel.scvalleys.mean.4,1.0057396139090002
hot,lowLevel.barkbands.mean.8,1.0052283828637485
hot,lowLevel.spectral_rms.stdev,0.9957146687863769
hot,lowLevel.spectral_rms.mean,0.919715498816359
hot,lowLevel.barkbands.mean.3,0.8818020271646674
hot,lowLevel.pitch_instantaneous_confidence.stdev,0.8323841073177505
hot,lowLevel.barkbands.stdev.22,0.7788710817690117
hot,lowLevel.barkbands.mean.2,0.7614007258810069
hot,lowLevel.scvalleys.stdev.3,0.7556118480360965
hot,lowLevel.spectral_energy.stdev,0.6913418264284701
hot,lowLevel.barkbands.mean.7,0.6906135125374249
hot,lowLevel.barkbands.stdev.14,0.6822020216523015
hot,lowLevel.barkbands.mean.19,0.6762493486771746
hot,lowLevel.barkbands.mean.11,0.6545785225653162
hot,lowLevel.spectral_spread.mean,0.5941133284530906
hot,lowLevel.barkbands.stdev.8,0.586265204230699
hot,lowLevel.mfcc.stdev.0,0.5781891855257015
hot,lowLevel.scvalleys.stdev.1,0.5767672499048189
hot,lowLevel.spectral_crest.stdev,0.5711871749121258
hot,lowLevel.barkbands.mean.26,0.567401420939575
hot,lowLevel.scvalleys.stdev.4,0.5585009254627522
hot,lowLevel.barkbands.stdev.12,0.5557250159420164
hot,lowLevel.sccoeffs.mean.1,0.5529371798349985
hot,lowLevel.barkbands.mean.6,0.5470293566729652
hot,lowLevel.barkbands.stdev.9,0.5344055191171151
hot,lowLevel.scvalleys.mean.3,0.5170758327444673
hot,lowLevel.scvalleys.stdev.2,0.5110860948916525
hot,sfx.tristimulus.stdev.1,0.5001270496346386
hot,lowLevel.barkbands.stdev.24,0.4890257552837056
hot,lowLevel.scvalleys.stdev.5,0.48832579319650904
hot,lowLevel.spectral_flux.mean,0.46054827216079186
hot,lowLevel.spectral_kurtosis.mean,0.4560038022031989
hot,lowLevel.mfcc.mean.8,0.4513280880681876
hot,lowLevel.scvalleys.mean.2,0.45089396733018816
hot,lowLevel.mfcc.stdev.3,0.43469156918479257
hot,lowLevel.barkbands.stdev.6,0.4265059971047549
hot,lowLevel.pitch_instantaneous_confidence.mean,0.42146603958969453
hot,lowLevel.barkbands.stdev.21,0.40728829407713363
hot,lowLevel.spectral_decrease.mean,0.4019632822719359
hot,lowLevel.barkbands.stdev.26,0.39617851648015545
hot,lowLevel.barkbands.mean.25,0.39242981413826783
hot,lowLevel.scvalleys.stdev.0,0.3800938829199936
hot,lowLevel.barkbands.stdev.17,0.3555643629573524
hot,lowLevel.barkbands.stdev.25,0.3519272105386335
hot,lowLevel.barkbands.stdev.13,0.3493077937204577
hot,lowLevel.barkbands.stdev.18,0.33251725372849705
hot,lowLevel.mfcc.stdev.4,0.3185637603228315
hot,sfx.tristimulus.stdev.2,0.3159765902983054
hot,lowLevel.pitch_salience.stdev,0.31217043570904934
hot,lowLevel.barkbands.stdev.11,0.2932142371171267
hot,lowLevel.spectral_flatness_db.stdev,0.29134874431315794
hot,lowLevel.silence_rate_60dB.stdev,0.28987003003055634
hot,lowLevel.spectral_energyband_high.stdev,0.28355469635607733
hot,lowLevel.spectral_flux.stdev,0.2825193389873135
hot,lowLevel.barkbands.mean.12,0.2752153733781597
hot,lowLevel.barkbands.mean.13,0.2747131836867993
hot,lowLevel.mfcc.mean.7,0.27342779966787134
hot,lowLevel.spectral_skewness.stdev,0.2598424758135742
hot,lowLevel.sccoeffs.stdev.4,0.25131867936988783
hot,lowLevel.zerocrossingrate.mean,0.24984021677482815
hot,lowLevel.barkbands.stdev.20,0.2461051875406497
hot,sfx.tristimulus.mean.1,0.2355972413248253
hot,lowLevel.spectral_skewness.mean,0.23508308410760037
hot,lowLevel.barkbands.stdev.16,0.22882385964792556
hot,lowLevel.pitch_salience.mean,0.22497947280004382
hot,lowLevel.spectral_spread.stdev,0.22051985316193168
hot,lowLevel.barkbands_skewness.mean,0.2191925053393362
hot,sfx.oddtoevenharmonicenergyratio.stdev,0.21798798533995978
hot,lowLevel.spectral_centroid.stdev,0.2160927843456193
hot,lowLevel.spectral_rolloff.stdev,0.20788024821740692
hot,lowLevel.zerocrossingrate.stdev,0.20392024236702277
hot,lowLevel.mfcc.stdev.6,0.20318303278890326
hot,lowLevel.barkbands.stdev.2,0.20050193274255435
hot,sfx.oddtoevenharmonicenergyratio.mean,0.1907437433450525
hot,lowLevel.mfcc.stdev.2,0.18800482201566737
hot,lowLevel.spectral_energyband_low.mean,0.1876844984831223
hot,lowLevel.mfcc.mean.3,0.18347924190186404
hot,lowLevel.barkbands.stdev.7,0.1827921456306285
hot,lowLevel.spectral_flatness_db.mean,0.1817196023773704
hot,lowLevel.spectral_kurtosis.stdev,0.17663327673131768
hot,lowLevel.sccoeffs.stdev.2,0.1739496749411913
hot,sfx.tristimulus.stdev.0,0.16339766776303577
hot,lowLevel.pitch.mean,0.16181794804253968
hot,lowLevel.barkbands.stdev.10,0.15959625808977762
hot,lowLevel.dissonance.stdev,0.15531948013062902
hot,lowLevel.mfcc.mean.12,0.15434494149012024
hot,lowLevel.barkbands.mean.4,0.15251160292756083
hot,lowLevel.barkbands.stdev.19,0.15124514888850626
hot,lowLevel.spectral_energyband_low.stdev,0.13408792341860298
hot,lowLevel.barkbands_kurtosis.stdev,0.13286014260958012
hot,lowLevel.barkbands_spread.mean,0.13274422860126833
hot,lowLevel.barkbands.mean.0,0.12189733585319118
hot,sfx.inharmonicity.mean,0.11774407891481786
hot,lowLevel.mfcc.mean.9,0.11699310434494237
hot,lowLevel.mfcc.mean.10,0.11695562821068961
hot,lowLevel.scvalleys.mean.0,0.11654194475522672
hot,lowLevel.barkbands.stdev.3,0.11359497257788576
hot,lowLevel.mfcc.mean.11,0.1118649192696406
hot,lowLevel.mfcc.mean.4,0.10512129811996829
hot,sfx.tristimulus.mean.2,0.10189585046646243
hot,lowLevel.mfcc.mean.1,0.0996109769071154
hot,sfx.inharmonicity.stdev,0.09890235123704372
hot,lowLevel.spectral_rolloff.mean,0.09804018260911107
hot,lowLevel.spectral_decrease.stdev,0.09540376223594649
hot,lowLevel.sccoeffs.stdev.0,0.09372280199295346
hot,lowLevel.sccoeffs.stdev.3,0.09336223143395728
hot,lowLevel.mfcc.mean.6,0.09057487435211442
hot,lowLevel.spectral_centroid.mean,0.08825925968994852
hot,lowLevel.barkbands.stdev.23,0.08631206283416759
hot,lowLevel.barkbands_skewness.stdev,0.08625109670538222
hot,lowLevel.barkbands_kurtosis.mean,0.08364050795319145
hot,lowLevel.dissonance.mean,0.07701952390553402
hot,lowLevel.barkbands_spread.stdev,0.0738070723691635
hot,lowLevel.sccoeffs.stdev.1,0.07138630352712427
hot,lowLevel.barkbands.stdev.1,0.0700511714348977
hot,lowLevel.mfcc.mean.2,0.0697961282585311
hot,lowLevel.sccoeffs.mean.0,0.06494240417669062
hot,lowLevel.scvalleys.mean.1,0.06439248665753539
hot,lowLevel.pitch.stdev,0.06315548521342862
hot,lowLevel.barkbands.mean.1,0.06297313976483565
hot,lowLevel.mfcc.mean.5,0.06023725942878899
hot,sfx.tristimulus.mean.0,0.05913999260712455
hot,lowLevel.mfcc.stdev.1,0.05643664882047972
hot,lowLevel.barkbands.stdev.0,0.05565101723959742
hot,lowLevel.sccoeffs.stdev.5,0.03845733661408879
hot,lowLevel.spectral_crest.mean,0.03126533258182462
hot,lowLevel.silence_rate_30dB.stdev,0.0026210100622847676
hot,lowLevel.silence_rate_30dB.mean,0.0
hot,lowLevel.silence_rate_20dB.stdev,0.0
hot,lowLevel.silence_rate_20dB.mean,0.0
input_arousal,lowLevel.hfc.mean,1691.1718401574715
input_arousal,lowLevel.spectral_energyband_middle_high.stdev,493.7087473869324
input_arousal,lowLevel.spectral_energyband_middle_high.mean,174.88371545629343
input_arousal,lowLevel.spectral_rms.mean,73.1171881055941
input_arousal,lowLevel.spectral_strongpeak.mean,51.22089891397627
input_arousal,lowLevel.hfc.stdev,40.80083991985157
input_arousal,lowLevel.sccoeffs.mean.3,20.609113652608357
input_arousal,lowLevel.mfcc.mean.0,18.498279922641814
input_arousal,lowLevel.barkbands.mean.17,14.826363933825633
input_arousal,lowLevel.barkbands.mean.15,14.75872960779816
input_arousal,lowLevel.barkbands.stdev.11,13.678620790538844
input_arousal,lowLevel.spectral_complexity.mean,11.129407001393702
input_arousal,lowLevel.barkbands.mean.18,8.62094330531545
input_arousal,lowLevel.barkbands.mean.21,6.729440212249756
input_arousal,lowLevel.barkbands.mean.11,5.169909309130162
input_arousal,lowLevel.sccoeffs.mean.2,4.48073653607014
input_arousal,lowLevel.spectral_energyband_high.mean,4.05266847461462
input_arousal,lowLevel.barkbands.mean.8,3.785249948501587
input_arousal,lowLevel.barkbands.stdev.8,3.375418573152274
input_arousal,lowLevel.barkbands.mean.12,2.7628913978114724
input_arousal,lowLevel.barkbands.stdev.9,2.7221220936626196
input_arousal,lowLevel.spectral_energy.mean,2.341000222135335
input_arousal,lowLevel.barkbands.mean.24,1.4046804674435407
input_arousal,lowLevel.spectral_energyband_middle_low.mean,1.2396694485796615
input_arousal,lowLevel.barkbands.mean.14,0.8701014266116545
input_arousal,lowLevel.barkbands.mean.22,0.8029762902588118
input_arousal,lowLevel.sccoeffs.mean.1,0.7202320580836385
input_arousal,sfx.tristimulus.mean.2,0.6547556912410073
input_arousal,lowLevel.scvalleys.mean.5,0.6195930123794824
input_arousal,lowLevel.barkbands.mean.23,0.5187366725031097
input_arousal,lowLevel.spectral_strongpeak.stdev,0.504985440056771
input_arousal,lowLevel.barkbands.mean.13,0.4049266991071363
input_arousal,lowLevel.barkbands.mean.19,0.385751426249044
input_arousal,lowLevel.dissonance.mean,0.38424801535438746
input_arousal,lowLevel.mfcc.mean.5,0.3722234131710138
input_arousal,lowLevel.pitch_instantaneous_confidence.mean,0.3470644078333862
input_arousal,sfx.tristimulus.stdev.2,0.2726159418671159
input_arousal,lowLevel.barkbands.stdev.6,0.24399687023833394
input_arousal,lowLevel.barkbands.stdev.7,0.24167535567539744
input_arousal,lowLevel.sccoeffs.mean.5,0.2383069415045611
input_arousal,lowLevel.spectral_flux.mean,0.21215147525072098
input_arousal,lowLevel.sccoeffs.stdev.2,0.19049790612552897
input_arousal,lowLevel.mfcc.stdev.6,0.1883019321203392
input_arousal,lowLevel.zerocrossingrate.stdev,0.1410001190379262
input_arousal,lowLevel.barkbands.mean.26,0.13766740961000323
input_arousal,lowLevel.zerocrossingrate.mean,0.13412147973849642
input_arousal,lowLevel.spectral_centroid.mean,0.1294446090804513
input_arousal,lowLevel.silence_rate_60dB.mean,0.12737437355099246
input_arousal,lowLevel.barkbands.mean.6,0.11738075828179717
input_arousal,lowLevel.spectral_flatness_db.stdev,0.1169744711369276
input_arousal,lowLevel.barkbands.stdev.24,0.11442009417805821
input_arousal,lowLevel.barkbands.mean.16,0.10494459792971611
input_arousal,lowLevel.scvalleys.mean.4,0.10446319775655866
input_arousal,lowLevel.barkbands.stdev.25,0.10335598234087229
input_arousal,lowLevel.mfcc.mean.6,0.09578470140695572
input_arousal,lowLevel.scvalleys.stdev.4,0.09560219757258892
input_arousal,lowLevel.barkbands.stdev.17,0.0858159608906135
input_arousal,lowLevel.mfcc.stdev.12,0.08374714897945523
input_arousal,lowLevel.mfcc.mean.1,0.08174854912795126
input_arousal,lowLevel.sccoeffs.stdev.3,0.08134835440432653
input_arousal,lowLevel.silence_rate_60dB.stdev,0.07211278984323144
input_arousal,lowLevel.barkbands.stdev.23,0.06875438988208771
input_arousal,lowLevel.spectral_energy.stdev,0.0614606998860836
input_arousal,lowLevel.barkbands.mean.25,0.05694488593144342
input_arousal,lowLevel.spectral_energyband_middle_low.stdev,0.0554591047912254
input_arousal,lowLevel.spectral_energyband_low.mean,0.055143910460174084
input_arousal,lowLevel.spectral_crest.stdev,0.05443263007327914
input_arousal,lowLevel.spectral_centroid.stdev,0.0536264309193939
input_arousal,lowLevel.dissonance.stdev,0.05135041038738564
input_arousal,lowLevel.pitch_salience.stdev,0.049908519722521305
input_arousal,lowLevel.spectral_spread.stdev,0.04754601881779763
input_arousal,lowLevel.mfcc.mean.12,0.04528399559785612
input_arousal,lowLevel.scvalleys.stdev.3,0.03589677042327821
input_arousal,lowLevel.mfcc.mean.3,0.0353612205403806
input_arousal,sfx.tristimulus.stdev.1,0.03513929690234363
input_arousal,lowLevel.mfcc.stdev.1,0.0349865909665823
input_arousal,lowLevel.spectral_skewness.mean,0.03386844256601762
input_arousal,lowLevel.scvalleys.mean.3,0.033754989970475435
input_arousal,lowLevel.mfcc.stdev.4,0.033320029149763286
input_arousal,lowLevel.barkbands.stdev.18,0.03201724153768737
input_arousal,lowLevel.pitch.mean,0.028920980636030436
input_arousal,lowLevel.mfcc.mean.10,0.0279724387510214
input_arousal,sfx.inharmonicity.mean,0.027393009964725934
input_arousal,lowLevel.mfcc.stdev.8,0.026284678802767303
input_arousal,lowLevel.sccoeffs.stdev.5,0.026282689068466425
input_arousal,lowLevel.mfcc.mean.8,0.02529081527609378
input_arousal,lowLevel.barkbands.mean.2,0.024717040359973907
input_arousal,lowLevel.barkbands_spread.stdev,0.024001600220799446
input_arousal,lowLevel.barkbands_skewness.stdev,0.02366566052660346
input_arousal,lowLevel.mfcc.stdev.0,0.02201837982283905
input_arousal,lowLevel.mfcc.stdev.10,0.019964050501585007
input_arousal,lowLevel.mfcc.mean.11,0.01988689973950386
input_arousal,lowLevel.spectral_kurtosis.mean,0.019773486838175813
input_arousal,lowLevel.spectral_flux.stdev,0.0194963508984074
input_arousal,sfx.inharmonicity.stdev,0.01681803134721349
input_arousal,lowLevel.mfcc.stdev.5,0.01649507847650966
input_arousal,lowLevel.mfcc.stdev.7,0.015549979987554252
input_arousal,sfx.tristimulus.mean.0,0.01549048931337893
input_arousal,sfx.tristimulus.stdev.0,0.014932000078260899
input_arousal,lowLevel.barkbands.stdev.15,0.01468118978664279
input_arousal,lowLevel.sccoeffs.stdev.4,0.013648115971591324
input_arousal,lowLevel.mfcc.stdev.11,0.013600319623947144
input_arousal,lowLevel.spectral_rolloff.stdev,0.013564000139012933
input_arousal,lowLevel.spectral_decrease.mean,0.012994378164876252
input_arousal,lowLevel.mfcc.mean.7,0.012561799958348274
input_arousal,lowLevel.spectral_rolloff.mean,0.012008876161416993
input_arousal,lowLevel.spectral_flatness_db.mean,0.011947100050747395
input_arousal,lowLevel.barkbands.stdev.13,0.011855467862915248
input_arousal,lowLevel.mfcc.stdev.3,0.011476980056613684
input_arousal,lowLevel.sccoeffs.mean.4,0.01136757992208004
input_arousal,lowLevel.mfcc.mean.9,0.010774786984256934
input_arousal,lowLevel.barkbands_kurtosis.mean,0.010443800128996372
input_arousal,lowLevel.spectral_rms.stdev,0.009493190329521894
input_arousal,lowLevel.mfcc.stdev.2,0.008726480416953564
input_arousal,lowLevel.spectral_complexity.stdev,0.008449360262602568
input_arousal,lowLevel.pitch.stdev,0.00839175982400775
input_arousal,lowLevel.spectral_kurtosis.stdev,0.008315684830449754
input_arousal,lowLevel.scvalleys.stdev.0,0.008301280438899994
input_arousal,lowLevel.scvalleys.mean.0,0.008036090061068535
input_arousal,lowLevel.scvalleys.stdev.2,0.008023098111152649
input_arousal,lowLevel.mfcc.mean.4,0.007970627630129457
input_arousal,sfx.oddtoevenharmonicenergyratio.stdev,0.007370159961283207
input_arousal,lowLevel.scvalleys.mean.2,0.0072814300656318665
input_arousal,lowLevel.barkbands.stdev.4,0.007182329893112183
input_arousal,lowLevel.barkbands.mean.3,0.006885250099003315
input_arousal,lowLevel.sccoeffs.stdev.1,0.006840836926130578
input_arousal,lowLevel.spectral_decrease.stdev,0.005765790119767189
input_arousal,lowLevel.mfcc.stdev.9,0.005321130156517029
input_arousal,lowLevel.barkbands_kurtosis.stdev,0.005279679782688618
input_arousal,lowLevel.barkbands.stdev.12,0.004916100164336967
input_arousal,lowLevel.barkbands.stdev.19,0.004314217891078442
input_arousal,lowLevel.barkbands.stdev.20,0.003417219966650009
input_arousal,lowLevel.spectral_skewness.stdev,0.0032185600139200687
input_arousal,lowLevel.barkbands.stdev.26,0.0022188607836142182
input_arousal,lowLevel.barkbands.mean.10,0.0020999799016863108
input_arousal,lowLevel.barkbands.stdev.14,0.00196835002861917
input_arousal,lowLevel.spectral_energyband_high.stdev,0.001790169975720346
input_arousal,lowLevel.barkbands.stdev.22,0.0017045199638232589
input_arousal,lowLevel.barkbands.mean.20,0.0011051699984818697
input_arousal,lowLevel.barkbands.stdev.0,0.0008652859833091497
input_arousal,lowLevel.barkbands.stdev.1,0.0005010180175304413
input_arousal,lowLevel.barkbands.stdev.3,8.189919753931463e-05
input_arousal,lowLevel.spectral_spread.mean,0.0
input_arousal,lowLevel.barkbands.stdev.21,0.0
input_arousal,sfx.oddtoevenharmonicenergyratio.mean,0.0
input_arousal,sfx.tristimulus.mean.1,0.0
input_arousal,lowLevel.barkbands.stdev.5,0.0
input_arousal,lowLevel.barkbands.mean.7,0.0
input_arousal,lowLevel.barkbands.stdev.2,0.0
input_arousal,lowLevel.barkbands_skewness.mean,0.0
input_arousal,lowLevel.pitch_instantaneous_confidence.stdev,0.0
input_arousal,lowLevel.pitch_salience.mean,0.0
input_arousal,lowLevel.sccoeffs.mean.0,0.0
input_arousal,lowLevel.barkbands.stdev.10,0.0
input_arousal,lowLevel.sccoeffs.stdev.0,0.0
input_arousal,lowLevel.scvalleys.mean.1,0.0
input_arousal,lowLevel.barkbands.mean.9,0.0
input_arousal,lowLevel.scvalleys.stdev.1,0.0
input_arousal,lowLevel.scvalleys.stdev.5,0.0
input_arousal,lowLevel.silence_rate_20dB.mean,0.0
input_arousal,lowLevel.silence_rate_20dB.stdev,0.0
input_arousal,lowLevel.silence_rate_30dB.mean,0.0
input_arousal,lowLevel.silence_rate_30dB.stdev,0.0
input_arousal,lowLevel.mfcc.mean.2,0.0
input_arousal,lowLevel.barkbands.stdev.16,0.0
input_arousal,lowLevel.barkbands.mean.1,0.0
input_arousal,lowLevel.spectral_crest.mean,0.0
input_arousal,lowLevel.barkbands_spread.mean,0.0
input_arousal,lowLevel.barkbands.mean.5,0.0
input_arousal,lowLevel.spectral_energyband_low.stdev,0.0
input_arousal,lowLevel.barkbands.mean.4,0.0
input_arousal,lowLevel.barkbands.mean.0,0.0
input_point_idx,lowLevel.spectral_strongpeak.mean,4390025130.0
input_point_idx,sfx.oddtoevenharmonicenergyratio.stdev,4294302590.0
input_point_idx,lowLevel.barkbands_spread.stdev,3703719690.0
input_point_idx,lowLevel.mfcc.mean.7,3553587760.0
input_point_idx,lowLevel.mfcc.mean.10,3482328860.0
input_point_idx,lowLevel.mfcc.stdev.11,3469394170.0
input_point_idx,lowLevel.mfcc.stdev.2,3384906310.0
input_point_idx,lowLevel.mfcc.mean.5,3260711620.0
input_point_idx,lowLevel.mfcc.mean.8,3119355690.0
input_point_idx,lowLevel.spectral_strongpeak.stdev,3104834680.0
input_point_idx,lowLevel.mfcc.mean.3,3081787500.0
input_point_idx,lowLevel.sccoeffs.stdev.3,3062625170.0
input_point_idx,lowLevel.pitch_instantaneous_confidence.stdev,2992706010.0
input_point_idx,sfx.inharmonicity.mean,2985131950.0
input_point_idx,lowLevel.spectral_flatness_db.stdev,2794115500.0
input_point_idx,lowLevel.mfcc.mean.6,2726227730.0
input_point_idx,lowLevel.sccoeffs.stdev.1,2688617840.0
input_point_idx,lowLevel.barkbands_skewness.stdev,2682533480.0
input_point_idx,lowLevel.mfcc.stdev.12,2627176200.0
input_point_idx,sfx.inharmonicity.stdev,2611639820.0
input_point_idx,lowLevel.scvalleys.stdev.5,2582243030.0
input_point_idx,lowLevel.sccoeffs.stdev.4,2569368010.0
input_point_idx,lowLevel.barkbands_kurtosis.mean,2549418960.0
input_point_idx,lowLevel.mfcc.mean.9,2540775340.0
input_point_idx,lowLevel.mfcc.mean.11,2513784620.0
input_point_idx,lowLevel.mfcc.stdev.7,2504404200.0
input_point_idx,lowLevel.barkbands_kurtosis.stdev,2431678290.0
input_point_idx,sfx.tristimulus.stdev.1,2427383660.0
input_point_idx,lowLevel.sccoeffs.stdev.0,2385502150.0
input_point_idx,sfx.oddtoevenharmonicenergyratio.mean,2375342050.0
input_point_idx,lowLevel.mfcc.stdev.6,2369573120.0
input_point_idx,lowLevel.pitch_salience.mean,2343831160.0
input_point_idx,lowLevel.barkbands.stdev.5,2294367490.0
input_point_idx,lowLevel.spectral_kurtosis.stdev,2265608000.0
input_point_idx,lowLevel.mfcc.stdev.0,2250585110.0
input_point_idx,lowLevel.mfcc.stdev.8,2246731290.0
input_point_idx,sfx.tristimulus.mean.1,2240026530.0
input_point_idx,lowLevel.mfcc.stdev.1,2210328550.0
input_point_idx,lowLevel.mfcc.mean.12,2196419610.0
input_point_idx,lowLevel.sccoeffs.stdev.5,2186255320.0
input_point_idx,lowLevel.pitch_instantaneous_confidence.mean,2179762190.0
input_point_idx,lowLevel.spectral_spread.stdev,2172024410.0
input_point_idx,lowLevel.mfcc.stdev.9,2168984910.0
input_point_idx,lowLevel.sccoeffs.stdev.2,2162414800.0
input_point_idx,lowLevel.mfcc.stdev.3,2135386710.0
input_point_idx,lowLevel.pitch_salience.stdev,2112387930.0
input_point_idx,lowLevel.sccoeffs.mean.5,2112016529.0
input_point_idx,lowLevel.mfcc.mean.4,2071396760.0
input_point_idx,lowLevel.mfcc.stdev.10,2065732290.0
input_point_idx,sfx.tristimulus.stdev.2,2063709020.0
input_point_idx,lowLevel.barkbands.mean.25,1976646670.0
input_point_idx,lowLevel.pitch.stdev,1882165230.0
input_point_idx,lowLevel.barkbands.mean.12,1881424630.0
input_point_idx,lowLevel.barkbands.stdev.25,1849296350.0
input_point_idx,lowLevel.barkbands.stdev.26,1848056940.0
input_point_idx,lowLevel.sccoeffs.mean.3,1822148960.0
input_point_idx,lowLevel.mfcc.stdev.4,1791747170.0
input_point_idx,sfx.tristimulus.stdev.0,1777707750.0
input_point_idx,lowLevel.dissonance.stdev,1748702440.0
input_point_idx,lowLevel.scvalleys.stdev.4,1748652990.0
input_point_idx,lowLevel.sccoeffs.mean.1,1736142970.0
input_point_idx,lowLevel.sccoeffs.mean.0,1724167590.0
input_point_idx,lowLevel.mfcc.mean.2,1705815920.0
input_point_idx,lowLevel.spectral_skewness.stdev,1683336690.0
input_point_idx,lowLevel.pitch.mean,1656101430.0
input_point_idx,lowLevel.spectral_kurtosis.mean,1650597180.0
input_point_idx,lowLevel.barkbands_spread.mean,1650510040.0
input_point_idx,lowLevel.barkbands.mean.0,1639712120.0
input_point_idx,lowLevel.barkbands.stdev.0,1616507290.0
input_point_idx,lowLevel.barkbands.stdev.16,1601591090.0
input_point_idx,lowLevel.scvalleys.stdev.0,1580800170.0
input_point_idx,lowLevel.sccoeffs.mean.4,1557492440.0
input_point_idx,lowLevel.spectral_complexity.stdev,1550265620.0
input_point_idx,lowLevel.scvalleys.stdev.3,1545137840.0
input_point_idx,lowLevel.dissonance.mean,1538182040.0
input_point_idx,lowLevel.barkbands.stdev.3,1533612460.0
input_point_idx,sfx.tristimulus.mean.2,1531013250.0
input_point_idx,lowLevel.spectral_crest.stdev,1523698880.0
input_point_idx,lowLevel.mfcc.stdev.5,1516851870.0
input_point_idx,lowLevel.spectral_flux.stdev,1499347680.0
input_point_idx,lowLevel.barkbands_skewness.mean,1486347720.0
input_point_idx,lowLevel.spectral_spread.mean,1481134990.0
input_point_idx,lowLevel.spectral_rolloff.stdev,1439578760.0
input_point_idx,sfx.tristimulus.mean.0,1429372870.0
input_point_idx,lowLevel.barkbands.stdev.10,1410794090.0
input_point_idx,lowLevel.spectral_crest.mean,1405898050.0
input_point_idx,lowLevel.barkbands.mean.26,1398956470.0
input_point_idx,lowLevel.barkbands.stdev.2,1381314220.0
input_point_idx,lowLevel.spectral_decrease.stdev,1373703760.0
input_point_idx,lowLevel.barkbands.stdev.14,1369805100.0
input_point_idx,lowLevel.scvalleys.mean.0,1363944600.0
input_point_idx,lowLevel.spectral_flatness_db.mean,1358669530.0
input_point_idx,lowLevel.mfcc.mean.1,1352754720.0
input_point_idx,lowLevel.sccoeffs.mean.2,1328204710.0
input_point_idx,lowLevel.barkbands.stdev.11,1295956170.0
input_point_idx,lowLevel.silence_rate_60dB.stdev,1275805958.0
input_point_idx,lowLevel.scvalleys.stdev.1,1269311280.0
input_point_idx,lowLevel.zerocrossingrate.stdev,1259470330.0
input_point_idx,lowLevel.spectral_skewness.mean,1255055180.0
input_point_idx,lowLevel.barkbands.mean.20,1241683430.0
input_point_idx,lowLevel.barkbands.stdev.22,1184933080.0
input_point_idx,lowLevel.scvalleys.mean.5,1182043920.0
input_point_idx,lowLevel.barkbands.mean.5,1166901750.0
input_point_idx,lowLevel.spectral_energyband_middle_high.stdev,1153332300.0
input_point_idx,lowLevel.barkbands.mean.13,1135901540.0
input_point_idx,lowLevel.spectral_centroid.stdev,1121559710.0
input_point_idx,lowLevel.barkbands.mean.3,1108210830.0
input_point_idx,lowLevel.barkbands.mean.10,1107524430.0
input_point_idx,lowLevel.barkbands.stdev.9,1105438210.0
input_point_idx,lowLevel.spectral_energyband_low.stdev,1096774310.0
input_point_idx,lowLevel.barkbands.mean.7,1089151030.0
input_point_idx,lowLevel.barkbands.mean.2,1081468640.0
input_point_idx,lowLevel.barkbands.stdev.7,1079404740.0
input_point_idx,lowLevel.barkbands.stdev.1,1055885230.0
input_point_idx,lowLevel.barkbands.stdev.24,1046378920.0
input_point_idx,lowLevel.barkbands.stdev.4,1038537410.0
input_point_idx,lowLevel.barkbands.mean.21,1032005600.0
input_point_idx,lowLevel.barkbands.stdev.20,1031441850.0
input_point_idx,lowLevel.spectral_rms.stdev,1025133010.0
input_point_idx,lowLevel.hfc.stdev,1013882780.0
input_point_idx,lowLevel.hfc.mean,1011918380.0
input_point_idx,lowLevel.barkbands.stdev.12,986498190.0
input_point_idx,lowLevel.barkbands.stdev.13,979397220.0
input_point_idx,lowLevel.barkbands.stdev.17,969832560.0
input_point_idx,lowLevel.spectral_energyband_middle_low.stdev,963078160.0
input_point_idx,lowLevel.barkbands.mean.18,962383910.0
input_point_idx,lowLevel.scvalleys.mean.2,943463030.0
input_point_idx,lowLevel.spectral_rms.mean,943410730.0
input_point_idx,lowLevel.barkbands.mean.14,943198120.0
input_point_idx,lowLevel.barkbands.mean.6,939654200.0
input_point_idx,lowLevel.barkbands.mean.24,909255090.0
input_point_idx,lowLevel.barkbands.stdev.8,899518570.0
input_point_idx,lowLevel.barkbands.mean.11,886352430.0
input_point_idx,lowLevel.spectral_rolloff.mean,873587560.0
input_point_idx,lowLevel.barkbands.stdev.21,861815950.0
input_point_idx,lowLevel.spectral_flux.mean,860386150.0
input_point_idx,lowLevel.spectral_energyband_middle_high.mean,854380390.0
input_point_idx,lowLevel.spectral_complexity.mean,852460650.0
input_point_idx,lowLevel.scvalleys.mean.3,843288980.0
input_point_idx,lowLevel.barkbands.mean.16,842399010.0
input_point_idx,lowLevel.barkbands.stdev.18,813820480.0
input_point_idx,lowLevel.scvalleys.mean.4,807763820.0
input_point_idx,lowLevel.barkbands.stdev.15,799336740.0
input_point_idx,lowLevel.zerocrossingrate.mean,794700580.0
input_point_idx,lowLevel.scvalleys.stdev.2,791716740.0
input_point_idx,lowLevel.barkbands.mean.9,782059820.0
input_point_idx,lowLevel.barkbands.stdev.19,779616930.0
input_point_idx,lowLevel.spectral_energyband_high.stdev,776894670.0
input_point_idx,lowLevel.barkbands.stdev.6,760458160.0
input_point_idx,lowLevel.barkbands.mean.8,749167530.0
input_point_idx,lowLevel.barkbands.mean.1,742550470.0
input_point_idx,lowLevel.spectral_energy.stdev,739906750.0
input_point_idx,lowLevel.scvalleys.mean.1,734612640.0
input_point_idx,lowLevel.spectral_centroid.mean,721541960.0
input_point_idx,lowLevel.barkbands.mean.4,717710740.0
input_point_idx,lowLevel.barkbands.mean.19,710918880.0
input_point_idx,lowLevel.barkbands.stdev.23,704427710.0
input_point_idx,lowLevel.barkbands.mean.15,692691920.0
input_point_idx,lowLevel.spectral_energyband_low.mean,688238150.0
input_point_idx,lowLevel.barkbands.mean.23,668722470.0
input_point_idx,lowLevel.spectral_energyband_middle_low.mean,635530910.0
input_point_idx,lowLevel.mfcc.mean.0,585801910.0
input_point_idx,lowLevel.barkbands.mean.22,547301700.0
input_point_idx,lowLevel.silence_rate_60dB.mean,538995330.0
input_point_idx,lowLevel.barkbands.mean.17,533007060.0
input_point_idx,lowLevel.spectral_energy.mean,502101200.0
input_point_idx,lowLevel.spectral_decrease.mean,465810400.0
input_point_idx,lowLevel.spectral_energyband_high.mean,413117030.0
input_point_idx,lowLevel.silence_rate_30dB.stdev,168696540.0
input_point_idx,lowLevel.silence_rate_30dB.mean,34774980.0
input_point_idx,lowLevel.silence_rate_20dB.stdev,0.0
input_point_idx,lowLevel.silence_rate_20dB.mean,0.0
input_valence,lowLevel.silence_rate_60dB.mean,980.4831752423197
input_valence,lowLevel.spectral_complexity.mean,965.087716916576
input_valence,lowLevel.spectral_energy.mean,889.9032343709841
input_valence,lowLevel.hfc.mean,353.9758755341172
input_valence,lowLevel.spectral_complexity.stdev,171.69938308605924
input_valence,lowLevel.hfc.stdev,130.15960584534332
input_valence,lowLevel.spectral_rms.stdev,76.76017174590379
input_valence,lowLevel.spectral_energyband_middle_low.stdev,72.0610639215447
input_valence,lowLevel.spectral_energyband_middle_low.mean,71.55400731507689
input_valence,lowLevel.mfcc.stdev.9,57.32226258702576
input_valence,lowLevel.spectral_energy.stdev,45.59585937811062
input_valence,lowLevel.mfcc.stdev.7,41.51139394752681
input_valence,lowLevel.barkbands.stdev.26,33.748420245945454
input_valence,lowLevel.mfcc.stdev.8,31.222845048177987
input_valence,lowLevel.mfcc.stdev.10,30.059878410305828
input_valence,lowLevel.barkbands.stdev.12,28.49811721406877
input_valence,lowLevel.barkbands.mean.5,22.405757633969188
input_valence,lowLevel.pitch_instantaneous_confidence.stdev,21.02467426052317
input_valence,lowLevel.spectral_kurtosis.stdev,18.968873503617942
input_valence,lowLevel.spectral_skewness.mean,18.706863287836313
input_valence,lowLevel.mfcc.stdev.0,18.54086417844519
input_valence,lowLevel.scvalleys.stdev.3,18.262953581288457
input_valence,lowLevel.spectral_energyband_middle_high.stdev,18.009336123708636
input_valence,lowLevel.barkbands.mean.26,17.98389843152836
input_valence,lowLevel.barkbands.mean.6,14.897492067422718
input_valence,lowLevel.mfcc.mean.8,13.648364645428956
input_valence,lowLevel.mfcc.stdev.2,12.182344955857843
input_valence,lowLevel.mfcc.stdev.12,10.630237003555521
input_valence,lowLevel.barkbands.mean.7,10.53549363091588
input_valence,lowLevel.barkbands.stdev.4,10.3133501149714
input_valence,lowLevel.spectral_spread.mean,9.678539122920483
input_valence,lowLevel.mfcc.stdev.11,9.613801869563758
input_valence,lowLevel.spectral_skewness.stdev,9.403239811770618
input_valence,lowLevel.barkbands.mean.25,8.643022378906608
input_valence,lowLevel.scvalleys.stdev.4,8.627104999963194
input_valence,lowLevel.sccoeffs.stdev.2,8.32586815673858
input_valence,lowLevel.barkbands.mean.21,8.123434944543988
input_valence,lowLevel.sccoeffs.mean.2,8.09039549017325
input_valence,lowLevel.barkbands.stdev.8,7.1645389958284795
input_valence,lowLevel.barkbands.mean.22,6.649389729835093
input_valence,lowLevel.barkbands.mean.24,6.614347193855792
input_valence,sfx.tristimulus.stdev.1,6.273876681923866
input_valence,lowLevel.spectral_kurtosis.mean,6.143504647072405
input_valence,lowLevel.barkbands.stdev.5,5.885563378687948
input_valence,lowLevel.mfcc.stdev.5,5.762091483455151
input_valence,lowLevel.scvalleys.stdev.2,5.756680173799396
input_valence,lowLevel.barkbands.stdev.3,4.923387779854238
input_valence,lowLevel.scvalleys.stdev.1,4.767031317111105
input_valence,lowLevel.pitch.stdev,4.260668985079974
input_valence,lowLevel.sccoeffs.stdev.5,3.9881533924490213
input_valence,lowLevel.spectral_flatness_db.stdev,3.879394030198455
input_valence,lowLevel.barkbands_skewness.mean,3.8498610258102417
input_valence,lowLevel.scvalleys.stdev.0,3.5714868982322514
input_valence,lowLevel.barkbands.mean.18,3.432642575353384
input_valence,lowLevel.spectral_rms.mean,3.367510969750583
input_valence,lowLevel.barkbands.stdev.7,3.3596225725486875
input_valence,lowLevel.scvalleys.mean.5,3.242415663320571
input_valence,lowLevel.barkbands.mean.4,3.2241613096557558
input_valence,lowLevel.barkbands.mean.3,3.016423271037638
input_valence,lowLevel.spectral_strongpeak.mean,2.9594791987910867
input_valence,lowLevel.spectral_decrease.mean,2.905139224603772
input_valence,lowLevel.barkbands.mean.23,2.5488759230356663
input_valence,lowLevel.barkbands.stdev.25,2.4750509541481733
input_valence,lowLevel.mfcc.stdev.4,2.472711121663451
input_valence,lowLevel.sccoeffs.mean.5,2.471705252304673
input_valence,lowLevel.mfcc.stdev.6,2.247071393765509
input_valence,lowLevel.scvalleys.stdev.5,2.213712310884148
input_valence,lowLevel.spectral_rolloff.mean,2.1408428167924285
input_valence,lowLevel.spectral_crest.mean,1.9372553648427129
input_valence,sfx.oddtoevenharmonicenergyratio.stdev,1.931630245409906
input_valence,lowLevel.zerocrossingrate.mean,1.9046797063201666
input_valence,sfx.tristimulus.stdev.2,1.897069453727454
input_valence,lowLevel.barkbands.stdev.10,1.7274805242195725
input_valence,lowLevel.barkbands.mean.12,1.7216674159280956
input_valence,lowLevel.pitch_salience.stdev,1.6996763739734888
input_valence,lowLevel.pitch.mean,1.6995680779218674
input_valence,lowLevel.spectral_energyband_high.mean,1.5876639746129513
input_valence,lowLevel.mfcc.mean.12,1.535973456222564
input_valence,sfx.tristimulus.stdev.0,1.5070507270283997
input_valence,lowLevel.barkbands_kurtosis.stdev,1.414312039501965
input_valence,sfx.oddtoevenharmonicenergyratio.mean,1.4029675843194127
input_valence,lowLevel.barkbands.mean.1,1.325807346496731
input_valence,lowLevel.sccoeffs.stdev.3,1.2913572923280299
input_valence,lowLevel.barkbands.stdev.11,1.2770318165421486
input_valence,lowLevel.mfcc.mean.3,1.27534671430476
input_valence,lowLevel.sccoeffs.stdev.1,1.2478096140548587
input_valence,lowLevel.sccoeffs.stdev.4,1.1842990252189338
input_valence,lowLevel.barkbands.stdev.13,1.1390248080715537
input_valence,lowLevel.sccoeffs.mean.1,1.1366202551871538
input_valence,lowLevel.spectral_centroid.stdev,1.0868028700351715
input_valence,lowLevel.barkbands.stdev.6,0.9780437690205872
input_valence,lowLevel.barkbands.stdev.21,0.9391584829427302
input_valence,sfx.tristimulus.mean.1,0.9346513005439192
input_valence,lowLevel.spectral_crest.stdev,0.9337751902639866
input_valence,lowLevel.dissonance.stdev,0.8929733198601753
input_valence,lowLevel.barkbands.stdev.2,0.8568036826327443
input_valence,lowLevel.mfcc.mean.6,0.8556966367177665
input_valence,lowLevel.pitch_salience.mean,0.8449950143694878
input_valence,sfx.inharmonicity.stdev,0.8365151602774858
input_valence,lowLevel.pitch_instantaneous_confidence.mean,0.8168209949508309
input_valence,lowLevel.barkbands.mean.17,0.8062136056832969
input_valence,lowLevel.barkbands.mean.20,0.7768031032755971
input_valence,lowLevel.mfcc.mean.10,0.7533006896264851
input_valence,lowLevel.barkbands.mean.19,0.753217083401978
input_valence,lowLevel.sccoeffs.mean.0,0.7115028463304043
input_valence,lowLevel.barkbands.mean.0,0.7070072677452117
input_valence,lowLevel.barkbands.stdev.22,0.6858854000456631
input_valence,lowLevel.barkbands.stdev.1,0.6804394768550992
input_valence,lowLevel.mfcc.mean.7,0.6640634508803487
input_valence,lowLevel.barkbands.stdev.24,0.6480111051350832
input_valence,lowLevel.barkbands.stdev.14,0.6479169111698866
input_valence,lowLevel.barkbands.mean.2,0.6209341278299689
input_valence,lowLevel.zerocrossingrate.stdev,0.6183785002212971
input_valence,lowLevel.spectral_strongpeak.stdev,0.612019878346473
input_valence,lowLevel.barkbands_spread.stdev,0.5982751839328557
input_valence,lowLevel.mfcc.mean.5,0.5957524152472615
input_valence,lowLevel.mfcc.mean.0,0.5915886079892516
input_valence,sfx.inharmonicity.mean,0.5908583765849471
input_valence,lowLevel.barkbands.mean.11,0.5517426272854209
input_valence,lowLevel.dissonance.mean,0.5384841130580753
input_valence,lowLevel.spectral_spread.stdev,0.5258442694321275
input_valence,sfx.tristimulus.mean.2,0.504859693814069
input_valence,lowLevel.mfcc.mean.9,0.5002335081808269
input_valence,lowLevel.spectral_energyband_low.mean,0.49262839183211327
input_valence,lowLevel.spectral_rolloff.stdev,0.48735485039651394
input_valence,lowLevel.barkbands.stdev.9,0.4833791106939316
input_valence,lowLevel.scvalleys.mean.0,0.4795066351071
input_valence,lowLevel.mfcc.mean.11,0.4559711338952184
input_valence,lowLevel.mfcc.mean.4,0.4505581292323768
input_valence,lowLevel.barkbands.mean.15,0.4416478369385004
input_valence,lowLevel.barkbands.stdev.0,0.4348782184533775
input_valence,lowLevel.barkbands_skewness.stdev,0.43467588629573584
input_valence,lowLevel.spectral_flatness_db.mean,0.42343770270235837
input_valence,lowLevel.mfcc.mean.1,0.4111588252708316
input_valence,lowLevel.silence_rate_30dB.stdev,0.4046752005815506
input_valence,lowLevel.mfcc.stdev.3,0.3974632874596864
input_valence,lowLevel.spectral_energyband_low.stdev,0.3962257979437709
input_valence,lowLevel.barkbands.mean.14,0.3885455571580678
input_valence,lowLevel.sccoeffs.mean.4,0.38801180198788643
input_valence,lowLevel.scvalleys.mean.3,0.38787409849464893
input_valence,lowLevel.mfcc.mean.2,0.3823796238284558
input_valence,lowLevel.silence_rate_30dB.mean,0.3717446830123663
input_valence,lowLevel.spectral_centroid.mean,0.3580038305372
input_valence,lowLevel.barkbands.mean.8,0.35028722509741783
input_valence,lowLevel.sccoeffs.mean.3,0.3342138668522239
input_valence,lowLevel.silence_rate_60dB.stdev,0.31795954145491123
input_valence,lowLevel.scvalleys.mean.4,0.31737194512970746
input_valence,lowLevel.spectral_energyband_middle_high.mean,0.2778608803637326
input_valence,lowLevel.barkbands.stdev.16,0.2737149163149297
input_valence,sfx.tristimulus.mean.0,0.2718183984979987
input_valence,lowLevel.barkbands.mean.13,0.2437221920117736
input_valence,lowLevel.barkbands.stdev.23,0.2228303304873407
input_valence,lowLevel.scvalleys.mean.1,0.21168635226786137
input_valence,lowLevel.spectral_flux.stdev,0.20886529982089996
input_valence,lowLevel.barkbands.stdev.18,0.19692301005125046
input_valence,lowLevel.barkbands_kurtosis.mean,0.1874199581798166
input_valence,lowLevel.spectral_decrease.stdev,0.16383981984108686
input_valence,lowLevel.spectral_energyband_high.stdev,0.1501448699273169
input_valence,lowLevel.barkbands.stdev.15,0.14776121824979782
input_valence,lowLevel.mfcc.stdev.1,0.14411213109269738
input_valence,lowLevel.barkbands.stdev.20,0.11971869878470898
input_valence,lowLevel.barkbands_spread.mean,0.11249472107738256
input_valence,lowLevel.spectral_flux.mean,0.09949885122478008
input_valence,lowLevel.barkbands.stdev.19,0.09835350094363093
input_valence,lowLevel.sccoeffs.stdev.0,0.08947384916245937
input_valence,lowLevel.barkbands.mean.9,0.07306031044572592
input_valence,lowLevel.barkbands.stdev.17,0.05875719990581274
input_valence,lowLevel.barkbands.mean.16,0.03717369958758354
input_valence,lowLevel.scvalleys.mean.2,0.02661939011886716
input_valence,lowLevel.barkbands.mean.10,0.022467000409960747
input_valence,lowLevel.silence_rate_20dB.stdev,0.0
input_valence,lowLevel.silence_rate_20dB.mean,0.0
lethargic,lowLevel.barkbands.mean.18,46.04035751333868
lethargic,lowLevel.barkbands.mean.17,21.856398480638745
lethargic,lowLevel.hfc.mean,10.693182507566235
lethargic,lowLevel.spectral_strongpeak.stdev,9.41957040959096
lethargic,lowLevel.spectral_energyband_middle_high.stdev,8.79883618745589
lethargic,lowLevel.barkbands.mean.19,7.485319567625993
lethargic,lowLevel.sccoeffs.mean.4,5.357959256252798
lethargic,lowLevel.sccoeffs.mean.3,4.398461245262297
lethargic,lowLevel.barkbands.stdev.3,4.247750697606534
lethargic,lowLevel.mfcc.stdev.10,3.732120089498494
lethargic,lowLevel.spectral_strongpeak.mean,3.536303881461208
lethargic,lowLevel.mfcc.stdev.8,3.451520051181433
lethargic,lowLevel.mfcc.stdev.12,3.367589855872211
lethargic,lowLevel.mfcc.stdev.9,2.9649224152381066
lethargic,lowLevel.spectral_energyband_middle_high.mean,2.8960135681627435
lethargic,lowLevel.scvalleys.stdev.3,2.407195111445617
lethargic,lowLevel.barkbands.mean.4,2.24954123191128
lethargic,lowLevel.mfcc.stdev.7,2.197615983430296
lethargic,lowLevel.sccoeffs.mean.5,2.0490167944117275
lethargic,lowLevel.spectral_complexity.mean,1.888785101189569
lethargic,lowLevel.spectral_spread.mean,1.73863326566061
lethargic,lowLevel.barkbands.mean.20,1.6437123563373461
lethargic,lowLevel.barkbands.stdev.4,1.556449427487678
lethargic,lowLevel.silence_rate_60dB.mean,1.3141543804085813
lethargic,lowLevel.silence_rate_60dB.stdev,1.2895958671870176
lethargic,lowLevel.scvalleys.stdev.4,1.2130773706740001
lethargic,lowLevel.spectral_kurtosis.mean,1.1799168754878337
lethargic,lowLevel.sccoeffs.mean.2,0.9362575404011295
lethargic,lowLevel.mfcc.stdev.0,0.9124577796028461
lethargic,lowLevel.barkbands.mean.26,0.8621483163369703
lethargic,lowLevel.mfcc.stdev.11,0.8181495743774576
lethargic,lowLevel.spectral_energyband_high.mean,0.8125209981881198
lethargic,lowLevel.pitch_instantaneous_confidence.stdev,0.7484150256350404
lethargic,lowLevel.mfcc.mean.8,0.7401459326283657
lethargic,lowLevel.scvalleys.mean.5,0.7342638657282805
lethargic,sfx.tristimulus.stdev.1,0.6814113723885384
lethargic,lowLevel.barkbands.mean.3,0.6694384000002174
lethargic,lowLevel.spectral_kurtosis.stdev,0.648015674596536
lethargic,lowLevel.spectral_complexity.stdev,0.6082990950380918
lethargic,lowLevel.barkbands.mean.22,0.5909476641609217
lethargic,lowLevel.barkbands.mean.10,0.5770479354687268
lethargic,lowLevel.hfc.stdev,0.5762246010417584
lethargic,lowLevel.spectral_skewness.stdev,0.5591220508431434
lethargic,lowLevel.zerocrossingrate.stdev,0.508744190701691
lethargic,lowLevel.mfcc.stdev.2,0.47722438600612804
lethargic,lowLevel.mfcc.mean.0,0.47570155432185857
lethargic,lowLevel.mfcc.stdev.5,0.4656312751103542
lethargic,lowLevel.scvalleys.mean.2,0.4338614273656276
lethargic,lowLevel.scvalleys.stdev.0,0.42852804666472366
lethargic,lowLevel.scvalleys.mean.4,0.38826775160850957
lethargic,lowLevel.scvalleys.stdev.2,0.37487604160560295
lethargic,lowLevel.pitch.mean,0.37344279570970684
lethargic,lowLevel.barkbands.mean.21,0.3540607959366753
lethargic,lowLevel.barkbands.stdev.5,0.35259940343530616
lethargic,lowLevel.scvalleys.stdev.1,0.34882894801557995
lethargic,lowLevel.scvalleys.stdev.5,0.33362358453450724
lethargic,lowLevel.barkbands.mean.25,0.32743900231434964
lethargic,lowLevel.sccoeffs.stdev.2,0.3180402158686775
lethargic,lowLevel.pitch_instantaneous_confidence.mean,0.31738009734544903
lethargic,lowLevel.barkbands.stdev.16,0.30491194202477345
lethargic,lowLevel.mfcc.mean.3,0.298746717380709
lethargic,lowLevel.spectral_rolloff.stdev,0.29814876949967584
lethargic,lowLevel.barkbands.mean.16,0.2977439527894603
lethargic,lowLevel.barkbands.mean.15,0.293429004974314
lethargic,lowLevel.barkbands.stdev.11,0.2866090203897329
lethargic,lowLevel.spectral_rms.mean,0.2842072019848274
lethargic,lowLevel.mfcc.mean.6,0.2775028531541466
lethargic,lowLevel.scvalleys.mean.3,0.2714418417890556
lethargic,lowLevel.mfcc.stdev.3,0.26336247649305733
lethargic,lowLevel.barkbands.stdev.9,0.2597619861771818
lethargic,lowLevel.spectral_energyband_middle_low.stdev,0.2555950364549062
lethargic,lowLevel.spectral_energyband_middle_low.mean,0.25326119842065964
lethargic,lowLevel.spectral_energyband_high.stdev,0.250487052675453
lethargic,lowLevel.barkbands.mean.5,0.24961131314921658
lethargic,lowLevel.barkbands.stdev.1,0.2488287018131814
lethargic,lowLevel.barkbands.mean.11,0.24278824783687014
lethargic,lowLevel.barkbands.mean.23,0.2374372886697529
lethargic,lowLevel.spectral_centroid.stdev,0.20963381988258334
lethargic,lowLevel.barkbands.stdev.26,0.20923949350617477
lethargic,lowLevel.spectral_decrease.mean,0.20710398447408807
lethargic,lowLevel.mfcc.mean.7,0.20451302499714075
lethargic,lowLevel.barkbands_spread.mean,0.20333197680156445
lethargic,lowLevel.mfcc.stdev.1,0.20311854963438236
lethargic,lowLevel.barkbands.mean.24,0.19552511058645905
lethargic,lowLevel.barkbands.mean.9,0.19492042597266845
lethargic,lowLevel.barkbands.stdev.21,0.19225803492008708
lethargic,lowLevel.mfcc.mean.10,0.19161341794097098
lethargic,lowLevel.mfcc.mean.1,0.18833552601427073
lethargic,lowLevel.spectral_energyband_low.mean,0.18621572372649098
lethargic,lowLevel.barkbands.stdev.10,0.18579132438753732
lethargic,lowLevel.mfcc.stdev.6,0.18366110205533914
lethargic,lowLevel.mfcc.stdev.4,0.17604751024919096
lethargic,lowLevel.barkbands.stdev.18,0.1739036281433073
lethargic,lowLevel.barkbands.stdev.24,0.16428548267867882
lethargic,lowLevel.spectral_skewness.mean,0.1616048368596239
lethargic,sfx.tristimulus.stdev.2,0.14984262789221248
lethargic,lowLevel.barkbands.stdev.15,0.1493178075616015
lethargic,lowLevel.sccoeffs.stdev.1,0.13830847060671658
lethargic,lowLevel.mfcc.mean.4,0.13785051255399594
lethargic,lowLevel.barkbands.mean.8,0.13552311011881102
lethargic,lowLevel.spectral_energyband_low.stdev,0.1306306948827114
lethargic,lowLevel.pitch_salience.stdev,0.12858924822648987
lethargic,lowLevel.barkbands.stdev.8,0.12755001273399103
lethargic,lowLevel.spectral_spread.stdev,0.12680303370871115
lethargic,lowLevel.barkbands.mean.6,0.12557650145026855
lethargic,lowLevel.barkbands.mean.0,0.12258767434104811
lethargic,lowLevel.barkbands.stdev.12,0.12136617280339124
lethargic,sfx.oddtoevenharmonicenergyratio.mean,0.11573977963416837
lethargic,lowLevel.barkbands.stdev.0,0.1154973616139614
lethargic,lowLevel.mfcc.mean.9,0.1148879909524112
lethargic,lowLevel.spectral_rms.stdev,0.11368485637649428
lethargic,lowLevel.pitch.stdev,0.1115937380673131
lethargic,lowLevel.scvalleys.mean.0,0.1111863925907528
lethargic,lowLevel.scvalleys.mean.1,0.10814287449466065
lethargic,lowLevel.barkbands.stdev.20,0.10772824792366009
lethargic,lowLevel.spectral_flux.mean,0.10720819002017379
lethargic,lowLevel.barkbands.stdev.22,0.10710885006119497
lethargic,sfx.tristimulus.stdev.0,0.10492354953021277
lethargic,lowLevel.spectral_crest.mean,0.10364031102108129
lethargic,lowLevel.barkbands.mean.1,0.10081349448955734
lethargic,sfx.tristimulus.mean.0,0.09986844250670401
lethargic,lowLevel.barkbands.stdev.7,0.0990110642669606
lethargic,lowLevel.spectral_energy.stdev,0.09772777651960496
lethargic,sfx.tristimulus.mean.1,0.09669216930342373
lethargic,lowLevel.barkbands_skewness.mean,0.09638652038120199
lethargic,sfx.inharmonicity.stdev,0.09618927318661008
lethargic,lowLevel.mfcc.mean.12,0.09588903631083667
lethargic,lowLevel.dissonance.mean,0.09560821314516943
lethargic,lowLevel.spectral_flatness_db.mean,0.09509219363098964
lethargic,lowLevel.barkbands.stdev.6,0.09449732501525432
lethargic,lowLevel.spectral_energy.mean,0.09399963646137621
lethargic,lowLevel.spectral_flatness_db.stdev,0.09190390836738516
lethargic,lowLevel.barkbands.mean.7,0.09110037104983348
lethargic,lowLevel.mfcc.mean.5,0.09066910566252773
lethargic,lowLevel.barkbands.stdev.13,0.08397127293574158
lethargic,lowLevel.spectral_flux.stdev,0.0825956233748002
lethargic,lowLevel.mfcc.mean.11,0.07988753359677503
lethargic,lowLevel.sccoeffs.stdev.0,0.07805199467838975
lethargic,lowLevel.pitch_salience.mean,0.07784466868179152
lethargic,lowLevel.mfcc.mean.2,0.07637156490818597
lethargic,lowLevel.sccoeffs.mean.1,0.07407886938017327
lethargic,lowLevel.zerocrossingrate.mean,0.07381089226691984
lethargic,sfx.oddtoevenharmonicenergyratio.stdev,0.07092451900462038
lethargic,sfx.tristimulus.mean.2,0.07038146473496454
lethargic,lowLevel.barkbands.mean.2,0.06957029925251845
lethargic,lowLevel.barkbands_spread.stdev,0.06923773566086311
lethargic,lowLevel.barkbands.stdev.17,0.06912329771148507
lethargic,lowLevel.barkbands_kurtosis.stdev,0.06832124737411505
lethargic,lowLevel.barkbands_kurtosis.mean,0.06799941986537306
lethargic,lowLevel.sccoeffs.stdev.4,0.06360714256879874
lethargic,sfx.inharmonicity.mean,0.06354517117142677
lethargic,lowLevel.spectral_decrease.stdev,0.06291112008329947
lethargic,lowLevel.sccoeffs.stdev.5,0.0601963230947149
lethargic,lowLevel.barkbands.mean.12,0.059947547379124444
lethargic,lowLevel.sccoeffs.mean.0,0.0597394261858426
lethargic,lowLevel.barkbands.stdev.23,0.059551640653808136
lethargic,lowLevel.spectral_crest.stdev,0.05915918185201008
lethargic,lowLevel.barkbands.mean.13,0.05694171937648207
lethargic,lowLevel.barkbands_skewness.stdev,0.05428668458625907
lethargic,lowLevel.spectral_rolloff.mean,0.053091982466867194
lethargic,lowLevel.sccoeffs.stdev.3,0.05092624173994409
lethargic,lowLevel.barkbands.stdev.19,0.046079485458903946
lethargic,lowLevel.dissonance.stdev,0.04517781919275876
lethargic,lowLevel.barkbands.stdev.14,0.04167169579886831
lethargic,lowLevel.barkbands.stdev.25,0.039069255071808584
lethargic,lowLevel.barkbands.stdev.2,0.034303798849578016
lethargic,lowLevel.spectral_centroid.mean,0.018958532862598076
lethargic,lowLevel.barkbands.mean.14,0.012176929871202447
lethargic,lowLevel.silence_rate_30dB.stdev,0.009376409027026966
lethargic,lowLevel.silence_rate_30dB.mean,0.0024617130402475595
lethargic,lowLevel.silence_rate_20dB.stdev,0.00015582569903926924
lethargic,lowLevel.silence_rate_20dB.mean,0.00010228400060441345
natural,lowLevel.hfc.mean,566.8796274844208
natural,lowLevel.hfc.stdev,207.22278885215565
natural,lowLevel.spectral_energy.mean,95.56951250380371
natural,lowLevel.spectral_energy.stdev,48.02993176882592
natural,lowLevel.spectral_complexity.mean,19.789139765784057
natural,lowLevel.spectral_energyband_middle_low.stdev,18.167019007905765
natural,lowLevel.spectral_energyband_middle_high.stdev,17.187084557241178
natural,lowLevel.spectral_energyband_middle_low.mean,16.600496500141162
natural,lowLevel.spectral_complexity.stdev,12.521610288504235
natural,lowLevel.spectral_energyband_middle_high.mean,11.725940639898909
natural,lowLevel.barkbands.stdev.26,9.822676546729781
natural,lowLevel.spectral_strongpeak.stdev,6.86733090042253
natural,lowLevel.mfcc.stdev.2,6.614219841319937
natural,lowLevel.barkbands.mean.5,6.309053124627098
natural,lowLevel.spectral_strongpeak.mean,5.732922557614074
natural,lowLevel.pitch_instantaneous_confidence.stdev,5.526457375257451
natural,lowLevel.barkbands.mean.18,5.522872509860463
natural,lowLevel.silence_rate_60dB.mean,5.092289050327963
natural,lowLevel.spectral_skewness.stdev,4.973379847724573
natural,lowLevel.barkbands.mean.26,4.737056436060811
natural,lowLevel.barkbands.stdev.12,4.554757892925409
natural,lowLevel.spectral_rms.stdev,4.074868632837024
natural,lowLevel.sccoeffs.stdev.2,4.064373794524727
natural,lowLevel.barkbands.mean.11,3.860431479748513
natural,lowLevel.scvalleys.stdev.1,3.8314116393448785
natural,lowLevel.spectral_energyband_high.stdev,3.7986961333226645
natural,lowLevel.scvalleys.stdev.2,3.7143721706961514
natural,lowLevel.spectral_kurtosis.stdev,3.6655761041329242
natural,lowLevel.sccoeffs.mean.4,3.6112461203883868
natural,lowLevel.spectral_rms.mean,3.4990981486080273
natural,lowLevel.mfcc.stdev.0,3.405056469309784
natural,lowLevel.barkbands.stdev.25,3.371143104515795
natural,lowLevel.barkbands.mean.25,3.345757330645938
natural,lowLevel.mfcc.stdev.8,3.223984447096882
natural,lowLevel.barkbands.stdev.9,3.136306579435768
natural,lowLevel.sccoeffs.mean.2,3.050135722492996
natural,lowLevel.spectral_spread.mean,2.9312972554271255
natural,lowLevel.spectral_energyband_high.mean,2.438176628726069
natural,lowLevel.scvalleys.stdev.4,2.314542154694209
natural,lowLevel.mfcc.stdev.10,2.19144799294736
natural,lowLevel.scvalleys.stdev.3,2.1665736358663708
natural,lowLevel.mfcc.stdev.9,2.1588933683087816
natural,lowLevel.barkbands.mean.12,2.1332264637894696
natural,lowLevel.sccoeffs.mean.3,2.104491320271336
natural,lowLevel.spectral_kurtosis.mean,2.068586740118917
natural,lowLevel.sccoeffs.mean.5,2.0533960901411774
natural,lowLevel.scvalleys.mean.5,1.9910085591727693
natural,lowLevel.barkbands.stdev.11,1.9799961249809712
natural,lowLevel.mfcc.stdev.7,1.9572719646530459
natural,lowLevel.mfcc.stdev.11,1.760908892203588
natural,lowLevel.barkbands.mean.4,1.6153065865219105
natural,lowLevel.barkbands.mean.19,1.4817846072401153
natural,lowLevel.spectral_flux.mean,1.3278123854724981
natural,lowLevel.barkbands.stdev.10,1.2362100055852352
natural,lowLevel.barkbands.stdev.18,1.2253551996363967
natural,lowLevel.barkbands.stdev.4,1.1702344631776214
natural,lowLevel.pitch.mean,1.1559648747206666
natural,lowLevel.barkbands.mean.17,1.126089039753424
natural,lowLevel.barkbands.mean.10,1.0937866394160665
natural,lowLevel.barkbands.mean.13,1.0889668704985525
natural,lowLevel.zerocrossingrate.stdev,1.0685430925805122
natural,lowLevel.mfcc.mean.3,1.0668142724825884
natural,lowLevel.mfcc.mean.8,0.9868366002629045
natural,lowLevel.barkbands.stdev.3,0.9508629282427137
natural,lowLevel.mfcc.mean.0,0.9399326451748493
natural,lowLevel.sccoeffs.stdev.3,0.9320361513237003
natural,lowLevel.barkbands.stdev.19,0.9005244062864222
natural,lowLevel.spectral_skewness.mean,0.8642611724499147
natural,lowLevel.barkbands.stdev.8,0.8631700122605253
natural,lowLevel.barkbands.stdev.7,0.8469382082112134
natural,lowLevel.spectral_crest.stdev,0.8413551173725864
natural,lowLevel.barkbands.mean.20,0.8122274415654829
natural,sfx.tristimulus.stdev.0,0.789917568617966
natural,lowLevel.pitch.stdev,0.7897316982634948
natural,lowLevel.mfcc.stdev.12,0.782030065643994
natural,lowLevel.barkbands.mean.24,0.7717602389893727
natural,lowLevel.barkbands.stdev.5,0.7637491146888351
natural,lowLevel.pitch_salience.stdev,0.7546602790644101
natural,lowLevel.barkbands.mean.6,0.7271685569576221
natural,lowLevel.barkbands_spread.stdev,0.7269056862060097
natural,lowLevel.scvalleys.stdev.0,0.7206416679800896
natural,sfx.tristimulus.stdev.1,0.697956570849783
natural,lowLevel.barkbands_kurtosis.stdev,0.6579618827017839
natural,lowLevel.mfcc.stdev.6,0.6363982853326888
natural,lowLevel.barkbands_skewness.stdev,0.6223707311219187
natural,lowLevel.scvalleys.mean.4,0.6213667500487645
natural,lowLevel.spectral_centroid.stdev,0.602137370604396
natural,lowLevel.scvalleys.stdev.5,0.6003825443185633
natural,lowLevel.barkbands.mean.9,0.5992683155327541
natural,lowLevel.barkbands.mean.3,0.5740366480022203
natural,lowLevel.barkbands.stdev.17,0.5714862532568077
natural,lowLevel.mfcc.stdev.5,0.5525514074106468
natural,lowLevel.barkbands.stdev.16,0.5256550309313752
natural,lowLevel.barkbands.stdev.21,0.5216720197640825
natural,lowLevel.sccoeffs.mean.1,0.5189427119039465
natural,lowLevel.sccoeffs.mean.0,0.5032688511855667
natural,lowLevel.barkbands.stdev.6,0.4978902796156035
natural,lowLevel.barkbands.mean.7,0.4919436176751333
natural,lowLevel.silence_rate_60dB.stdev,0.4917922259410261
natural,lowLevel.barkbands.stdev.20,0.4878371813574631
natural,lowLevel.sccoeffs.stdev.5,0.482215400057612
natural,lowLevel.spectral_rolloff.mean,0.47913126784260385
natural,lowLevel.mfcc.mean.11,0.4677100745775533
natural,lowLevel.mfcc.stdev.4,0.4331727549288189
natural,lowLevel.barkbands.stdev.15,0.4195107574305439
natural,lowLevel.barkbands.mean.16,0.4004418401455041
natural,sfx.oddtoevenharmonicenergyratio.mean,0.3963978064693947
natural,lowLevel.barkbands.stdev.13,0.38856586212205
natural,lowLevel.barkbands.stdev.14,0.38259869864123175
natural,lowLevel.mfcc.mean.4,0.38207982508902205
natural,sfx.oddtoevenharmonicenergyratio.stdev,0.3805634799064137
natural,lowLevel.barkbands.mean.23,0.37116327873809496
natural,lowLevel.barkbands.mean.0,0.3457095239427872
natural,lowLevel.spectral_decrease.stdev,0.3456249019363895
natural,lowLevel.spectral_decrease.mean,0.3416451536322711
natural,lowLevel.dissonance.stdev,0.33441991113795666
natural,lowLevel.barkbands.mean.8,0.33441808517090976
natural,lowLevel.scvalleys.mean.2,0.32636569823807804
natural,lowLevel.sccoeffs.stdev.1,0.3251694119317108
natural,lowLevel.spectral_flux.stdev,0.3221369690145366
natural,lowLevel.scvalleys.mean.0,0.319014813110698
natural,lowLevel.spectral_rolloff.stdev,0.318276987887657
natural,sfx.tristimulus.mean.1,0.30192366863411735
natural,lowLevel.mfcc.stdev.3,0.2866838465524779
natural,lowLevel.barkbands_skewness.mean,0.28173655275713827
natural,lowLevel.dissonance.mean,0.27844776581332553
natural,lowLevel.mfcc.mean.1,0.27354995580390096
natural,sfx.tristimulus.stdev.2,0.24626681450081378
natural,lowLevel.sccoeffs.stdev.4,0.23282737360568717
natural,lowLevel.mfcc.mean.6,0.22332826256752014
natural,lowLevel.pitch_instantaneous_confidence.mean,0.22270352640771307
natural,lowLevel.mfcc.mean.9,0.21704932334978366
natural,lowLevel.spectral_spread.stdev,0.2159712730863248
natural,lowLevel.zerocrossingrate.mean,0.2129157370654866
natural,sfx.tristimulus.mean.0,0.20542467234190553
natural,lowLevel.barkbands.stdev.0,0.2053737350870506
natural,sfx.tristimulus.mean.2,0.20117461967856798
natural,lowLevel.barkbands.mean.22,0.19998473926716542
natural,lowLevel.spectral_centroid.mean,0.19177074001345318
natural,lowLevel.mfcc.mean.12,0.19148852494436142
natural,lowLevel.scvalleys.mean.1,0.18593020201842592
natural,lowLevel.scvalleys.mean.3,0.18142638690551394
natural,lowLevel.barkbands.mean.15,0.17882511111019994
natural,sfx.inharmonicity.stdev,0.17295082498367265
natural,sfx.inharmonicity.mean,0.171338385935087
natural,lowLevel.barkbands.mean.2,0.16758411962655373
natural,lowLevel.mfcc.mean.7,0.1667602937668562
natural,lowLevel.spectral_energyband_low.mean,0.16191609722955036
natural,lowLevel.barkbands_kurtosis.mean,0.15606936832045903
natural,lowLevel.barkbands.mean.21,0.1554625365351967
natural,lowLevel.mfcc.stdev.1,0.15232270062733733
natural,lowLevel.barkbands.stdev.23,0.15191939030046342
natural,lowLevel.spectral_flatness_db.stdev,0.14650256208369683
natural,lowLevel.barkbands.mean.14,0.14503299077478005
natural,lowLevel.barkbands.mean.1,0.1357729247501993
natural,lowLevel.pitch_salience.mean,0.13566430466016755
natural,lowLevel.barkbands.stdev.24,0.12282969249645248
natural,lowLevel.spectral_flatness_db.mean,0.12151729723882454
natural,lowLevel.mfcc.mean.5,0.11289564134494867
natural,lowLevel.barkbands.stdev.22,0.11272879176249262
natural,lowLevel.sccoeffs.stdev.0,0.10252236619999167
natural,lowLevel.mfcc.mean.10,0.09946368856617482
natural,lowLevel.mfcc.mean.2,0.09261829692331958
natural,lowLevel.barkbands_spread.mean,0.0841118181560887
natural,lowLevel.barkbands.stdev.2,0.08284201682545245
natural,lowLevel.barkbands.stdev.1,0.07240431874743081
natural,lowLevel.spectral_energyband_low.stdev,0.07156400950043462
natural,lowLevel.spectral_crest.mean,0.033637312052633206
natural,lowLevel.silence_rate_30dB.stdev,0.010678719729185104
natural,lowLevel.silence_rate_30dB.mean,0.0031766232841619058
natural,lowLevel.silence_rate_20dB.stdev,0.0
natural,lowLevel.silence_rate_20dB.mean,0.0
nice,lowLevel.hfc.mean,190.11355875988966
nice,lowLevel.spectral_energy.mean,61.7380080694453
nice,lowLevel.spectral_complexity.mean,48.06383187323729
nice,lowLevel.spectral_complexity.stdev,13.956209409326107
nice,lowLevel.silence_rate_60dB.mean,8.618570721785773
nice,lowLevel.spectral_energyband_middle_high.stdev,4.0243624587507725
nice,lowLevel.hfc.stdev,3.8193462741958797
nice,lowLevel.spectral_energyband_middle_high.mean,2.4594750995460117
nice,lowLevel.mfcc.stdev.9,2.384885755662026
nice,lowLevel.spectral_energyband_middle_low.mean,2.1857165593354466
nice,lowLevel.spectral_energyband_middle_low.stdev,2.1257755200388715
nice,lowLevel.barkbands.stdev.12,1.9407343574847573
nice,lowLevel.barkbands.mean.22,1.9001086298735572
nice,lowLevel.mfcc.stdev.10,1.8393750806412186
nice,lowLevel.barkbands.mean.26,1.55252952364566
nice,lowLevel.spectral_energy.stdev,1.5461440450906707
nice,lowLevel.spectral_decrease.mean,1.5116531928917993
nice,lowLevel.mfcc.stdev.7,1.4146219737421575
nice,lowLevel.mfcc.stdev.8,1.254138244151676
nice,lowLevel.spectral_strongpeak.stdev,1.0282583571445798
nice,lowLevel.barkbands.stdev.11,0.9728107473189311
nice,lowLevel.spectral_skewness.mean,0.912484810527701
nice,lowLevel.barkbands.stdev.5,0.8131878950764531
nice,lowLevel.barkbands.mean.24,0.7785918713753972
nice,lowLevel.barkbands.mean.7,0.7671980504163685
nice,lowLevel.barkbands.mean.14,0.7669946542027901
nice,lowLevel.barkbands.mean.5,0.6812836947559049
nice,lowLevel.barkbands.stdev.8,0.6567623862850951
nice,lowLevel.pitch_instantaneous_confidence.stdev,0.6547513898990474
nice,lowLevel.spectral_rms.stdev,0.6386477402849096
nice,lowLevel.barkbands.stdev.26,0.6371802500036665
nice,lowLevel.scvalleys.stdev.3,0.5895506806685944
nice,lowLevel.spectral_strongpeak.mean,0.5487960567035088
nice,lowLevel.barkbands.mean.11,0.5483927499466859
nice,lowLevel.spectral_kurtosis.mean,0.5468174841832933
nice,lowLevel.barkbands.mean.17,0.5339922119634366
nice,lowLevel.mfcc.stdev.12,0.5292619492657593
nice,lowLevel.barkbands.stdev.25,0.5068719143856697
nice,lowLevel.barkbands.mean.25,0.4517183061166179
nice,lowLevel.mfcc.mean.8,0.4311814978894404
nice,lowLevel.spectral_kurtosis.stdev,0.42060602839427474
nice,lowLevel.pitch_salience.mean,0.40425524668611956
nice,lowLevel.barkbands.mean.4,0.3871903390789839
nice,lowLevel.scvalleys.stdev.1,0.34248051200921736
nice,lowLevel.spectral_rms.mean,0.32561666960015145
nice,lowLevel.mfcc.stdev.5,0.3206679188349426
nice,lowLevel.barkbands.mean.16,0.3200424306279501
nice,lowLevel.spectral_spread.mean,0.3154738281442633
nice,lowLevel.spectral_skewness.stdev,0.29192814403745615
nice,sfx.tristimulus.stdev.1,0.2912932357404543
nice,lowLevel.sccoeffs.mean.2,0.266755759489115
nice,lowLevel.scvalleys.stdev.2,0.2667010132545329
nice,lowLevel.barkbands.mean.12,0.26562147396606406
nice,lowLevel.spectral_rolloff.mean,0.26421838288007393
nice,lowLevel.pitch.mean,0.2590766136119669
nice,lowLevel.barkbands.mean.3,0.25286476887811205
nice,lowLevel.barkbands_skewness.mean,0.25261007709963224
nice,lowLevel.spectral_flatness_db.stdev,0.24977248237559024
nice,lowLevel.zerocrossingrate.mean,0.24899652663293637
nice,lowLevel.barkbands.stdev.7,0.248385169712094
nice,lowLevel.scvalleys.stdev.0,0.24806089218594707
nice,lowLevel.barkbands.mean.18,0.24690991087084058
nice,lowLevel.mfcc.mean.6,0.24651008195758095
nice,lowLevel.spectral_energyband_high.stdev,0.22990600132118288
nice,lowLevel.barkbands.stdev.2,0.22987885441148137
nice,lowLevel.scvalleys.stdev.5,0.22899429716113673
nice,lowLevel.spectral_energyband_high.mean,0.22768028123755357
nice,sfx.tristimulus.stdev.0,0.22445631475295613
nice,lowLevel.barkbands.stdev.4,0.22418020034558594
nice,sfx.oddtoevenharmonicenergyratio.mean,0.20596468263752854
nice,lowLevel.sccoeffs.mean.5,0.2032174102484987
nice,lowLevel.barkbands.mean.6,0.19284745097064615
nice,lowLevel.mfcc.stdev.6,0.18429518562402336
nice,lowLevel.barkbands_kurtosis.stdev,0.1764471724818577
nice,lowLevel.mfcc.mean.1,0.1684559465440998
nice,lowLevel.spectral_crest.mean,0.1669739614466721
nice,lowLevel.barkbands.stdev.14,0.15975024940638605
nice,lowLevel.scvalleys.mean.5,0.15400730848853073
nice,lowLevel.mfcc.mean.0,0.1509265646249105
nice,sfx.tristimulus.stdev.2,0.14691062845486158
nice,lowLevel.barkbands.mean.19,0.14494324420707017
nice,lowLevel.mfcc.mean.3,0.14488304128860818
nice,lowLevel.mfcc.stdev.0,0.14165932109261803
nice,lowLevel.barkbands.stdev.17,0.14073256055991124
nice,lowLevel.barkbands.mean.8,0.13879808905062418
nice,lowLevel.mfcc.stdev.2,0.13588239250390188
nice,lowLevel.spectral_spread.stdev,0.13569757977455765
nice,lowLevel.mfcc.stdev.4,0.1347089399757806
nice,lowLevel.scvalleys.stdev.4,0.13367834774192033
nice,lowLevel.barkbands.mean.9,0.1334796379229033
nice,lowLevel.barkbands.stdev.0,0.13272346464447082
nice,lowLevel.sccoeffs.stdev.2,0.12323389436761545
nice,lowLevel.barkbands.mean.15,0.12270987302076719
nice,lowLevel.barkbands_spread.stdev,0.12134674688695668
nice,lowLevel.mfcc.stdev.11,0.11736973270132012
nice,lowLevel.barkbands.stdev.9,0.116353386710216
nice,lowLevel.sccoeffs.mean.3,0.11513730605105366
nice,lowLevel.spectral_crest.stdev,0.1146017061148541
nice,lowLevel.barkbands.mean.21,0.11218052210892893
nice,lowLevel.sccoeffs.stdev.5,0.1096568574270691
nice,lowLevel.barkbands.stdev.10,0.10894580272633902
nice,sfx.inharmonicity.stdev,0.10885432425999397
nice,lowLevel.barkbands.stdev.18,0.10740909435793355
nice,lowLevel.mfcc.stdev.1,0.10562413379579993
nice,lowLevel.dissonance.mean,0.10339595071570784
nice,lowLevel.sccoeffs.stdev.4,0.10048159324730932
nice,sfx.inharmonicity.mean,0.10032949883634501
nice,sfx.tristimulus.mean.2,0.09824712161668003
nice,lowLevel.spectral_centroid.mean,0.09818611538980804
nice,lowLevel.barkbands.mean.10,0.09452605010119441
nice,lowLevel.silence_rate_60dB.stdev,0.09331014333764642
nice,lowLevel.barkbands.mean.13,0.08544147367956612
nice,lowLevel.barkbands.stdev.3,0.08494069030348328
nice,lowLevel.barkbands.mean.20,0.08417157545363807
nice,lowLevel.mfcc.mean.11,0.08246688534634927
nice,lowLevel.sccoeffs.mean.1,0.08218611022891764
nice,lowLevel.barkbands.stdev.21,0.08031063668602201
nice,lowLevel.scvalleys.mean.4,0.08004674546975821
nice,lowLevel.spectral_centroid.stdev,0.07791537343371147
nice,sfx.tristimulus.mean.1,0.07662363479460055
nice,lowLevel.barkbands.stdev.23,0.07357858473221768
nice,lowLevel.scvalleys.mean.1,0.07216119200495541
nice,lowLevel.sccoeffs.stdev.3,0.06868692315686076
nice,lowLevel.scvalleys.mean.0,0.06785389012108567
nice,sfx.oddtoevenharmonicenergyratio.stdev,0.06763123323321452
nice,lowLevel.mfcc.mean.10,0.06729858152777979
nice,lowLevel.mfcc.mean.12,0.06632488163927519
nice,lowLevel.barkbands_kurtosis.mean,0.06562043029074971
nice,lowLevel.barkbands.mean.23,0.06360670644531297
nice,lowLevel.sccoeffs.stdev.1,0.06278764188652985
nice,lowLevel.barkbands.stdev.6,0.062371513050777594
nice,lowLevel.barkbands.mean.0,0.06092758008756505
nice,lowLevel.barkbands.stdev.20,0.06059592621068077
nice,lowLevel.mfcc.mean.4,0.05916674392778987
nice,lowLevel.sccoeffs.mean.4,0.05811267500746453
nice,lowLevel.spectral_rolloff.stdev,0.05590452417027336
nice,lowLevel.mfcc.mean.9,0.05389347999982874
nice,lowLevel.spectral_energyband_low.mean,0.05275510885417134
nice,lowLevel.spectral_flux.mean,0.05048078110047527
nice,lowLevel.mfcc.stdev.3,0.05042346769289452
nice,lowLevel.barkbands.stdev.13,0.04941333744818621
nice,lowLevel.barkbands_skewness.stdev,0.0463747001607544
nice,lowLevel.silence_rate_30dB.stdev,0.045428122500652535
nice,lowLevel.pitch_instantaneous_confidence.mean,0.042832154550467294
nice,lowLevel.spectral_energyband_low.stdev,0.04098542019414708
nice,lowLevel.mfcc.mean.5,0.03888170747404729
nice,lowLevel.pitch.stdev,0.0377024231111136
nice,lowLevel.spectral_decrease.stdev,0.036176471281237355
nice,lowLevel.scvalleys.mean.3,0.03355010472319009
nice,lowLevel.mfcc.mean.2,0.031727049994685785
nice,lowLevel.pitch_salience.stdev,0.031558602699192306
nice,lowLevel.zerocrossingrate.stdev,0.029530954754022787
nice,lowLevel.spectral_flatness_db.mean,0.02909607990210361
nice,lowLevel.barkbands.stdev.16,0.02831457546335514
nice,lowLevel.dissonance.stdev,0.02819668213174964
nice,lowLevel.barkbands.stdev.22,0.02783212715985428
nice,lowLevel.barkbands.stdev.1,0.026055148528655536
nice,lowLevel.scvalleys.mean.2,0.025744147603631973
nice,lowLevel.sccoeffs.mean.0,0.02428233638107713
nice,lowLevel.sccoeffs.stdev.0,0.01872752471365402
nice,lowLevel.barkbands_spread.mean,0.018422489772376593
nice,sfx.tristimulus.mean.0,0.017816049054204086
nice,lowLevel.spectral_flux.stdev,0.017439301041576982
nice,lowLevel.mfcc.mean.7,0.017304940646738487
nice,lowLevel.barkbands.mean.1,0.015593839483358352
nice,lowLevel.barkbands.mean.2,0.014528733361885315
nice,lowLevel.barkbands.stdev.19,0.013098888018987509
nice,lowLevel.barkbands.stdev.24,0.011959003660535927
nice,lowLevel.barkbands.stdev.15,0.00972456827599899
nice,lowLevel.silence_rate_30dB.mean,0.0010999233626876048
nice,lowLevel.silence_rate_20dB.mean,6.850579666206613e-05
nice,lowLevel.silence_rate_20dB.stdev,5.609559957520105e-05
open,lowLevel.hfc.mean,31.92106872833392
open,lowLevel.spectral_energy.mean,17.51984415203333
open,lowLevel.spectral_energyband_middle_high.mean,9.055979571654461
open,lowLevel.silence_rate_60dB.mean,8.556674081337405
open,lowLevel.spectral_complexity.mean,6.113694797997596
open,lowLevel.barkbands.mean.18,4.555545421215356
open,lowLevel.spectral_complexity.stdev,3.8188384416280314
open,lowLevel.spectral_energyband_high.mean,3.758115970878862
open,lowLevel.spectral_energyband_middle_low.mean,3.3102922693651635
open,lowLevel.mfcc.stdev.10,3.2551041640763287
open,lowLevel.mfcc.stdev.9,2.686898063548142
open,lowLevel.mfcc.stdev.8,1.9874562927143415
open,lowLevel.scvalleys.mean.5,1.9563133269548416
open,lowLevel.spectral_decrease.mean,1.8897532065457199
open,lowLevel.mfcc.stdev.7,1.7668598072996247
open,lowLevel.spectral_strongpeak.stdev,1.67815218665055
open,lowLevel.barkbands.mean.11,1.6269905738008674
open,lowLevel.mfcc.mean.8,1.554172061238205
open,lowLevel.scvalleys.stdev.4,1.4857373771083076
open,lowLevel.sccoeffs.mean.4,1.4580543914344162
open,lowLevel.sccoeffs.mean.5,1.419226641766727
open,lowLevel.scvalleys.mean.4,1.3873747627367266
open,lowLevel.pitch_instantaneous_confidence.stdev,1.3276308909116779
open,lowLevel.spectral_flux.mean,1.3207637365267146
open,lowLevel.hfc.stdev,1.1793413897103164
open,lowLevel.mfcc.stdev.12,1.1369980600647978
open,lowLevel.mfcc.stdev.11,1.124584526012768
open,lowLevel.barkbands.mean.17,0.8563143167993985
open,lowLevel.spectral_strongpeak.mean,0.8209431969298748
open,lowLevel.scvalleys.mean.1,0.7156261213094695
open,lowLevel.mfcc.mean.7,0.704162166453898
open,lowLevel.barkbands.mean.25,0.700692417944083
open,lowLevel.barkbands.mean.24,0.6687550290807849
open,lowLevel.spectral_energyband_middle_high.stdev,0.6292968307971023
open,lowLevel.barkbands_spread.stdev,0.5926183621922974
open,lowLevel.barkbands.stdev.26,0.5874290727369953
open,lowLevel.spectral_skewness.mean,0.5862309903750429
open,lowLevel.barkbands.stdev.12,0.5688055882928893
open,lowLevel.barkbands.mean.4,0.5594341578544118
open,lowLevel.spectral_energyband_middle_low.stdev,0.5504790146951564
open,lowLevel.scvalleys.stdev.2,0.504128602478886
open,lowLevel.spectral_spread.mean,0.4915617356891744
open,lowLevel.mfcc.stdev.0,0.4782229637930868
open,lowLevel.pitch_instantaneous_confidence.mean,0.4772315740119666
open,lowLevel.barkbands.mean.5,0.4745047029282432
open,lowLevel.spectral_rms.stdev,0.44463052312494256
open,lowLevel.silence_rate_60dB.stdev,0.44073920862865634
open,lowLevel.spectral_rolloff.stdev,0.4385290101636201
open,lowLevel.spectral_kurtosis.mean,0.4362096916302107
open,lowLevel.scvalleys.stdev.0,0.42429207896930166
open,lowLevel.mfcc.stdev.2,0.40307008277159184
open,lowLevel.scvalleys.stdev.3,0.40254752410692163
open,lowLevel.barkbands.mean.16,0.39694922950002365
open,lowLevel.spectral_decrease.stdev,0.3698816630349029
open,lowLevel.spectral_centroid.stdev,0.36222415827796794
open,lowLevel.barkbands.stdev.11,0.31529471807880327
open,lowLevel.spectral_rms.mean,0.30718216818058863
open,lowLevel.spectral_kurtosis.stdev,0.2999826767409104
open,lowLevel.mfcc.stdev.6,0.2785365631862078
open,lowLevel.barkbands.stdev.18,0.27786932908929884
open,lowLevel.scvalleys.stdev.5,0.2621847577684093
open,lowLevel.barkbands.mean.6,0.25659698829986155
open,lowLevel.scvalleys.stdev.1,0.253865755534207
open,lowLevel.mfcc.stdev.5,0.2516107968403958
open,lowLevel.barkbands.mean.19,0.24857983772380976
open,lowLevel.mfcc.mean.0,0.23789457235398004
open,lowLevel.pitch.stdev,0.23718383595405612
open,lowLevel.barkbands.mean.26,0.23427351709688082
open,lowLevel.barkbands.mean.23,0.22892980100004934
open,lowLevel.barkbands.mean.8,0.22550081589724869
open,lowLevel.sccoeffs.stdev.2,0.22411688524880446
open,lowLevel.barkbands.mean.15,0.21790758993302006
open,lowLevel.mfcc.mean.6,0.21717392484424636
open,lowLevel.dissonance.mean,0.21396409466979094
open,lowLevel.barkbands.stdev.10,0.21251857484458014
open,lowLevel.barkbands.mean.21,0.2116747066611424
open,lowLevel.barkbands.stdev.7,0.2115474622696638
open,lowLevel.sccoeffs.mean.0,0.20767756103305146
open,lowLevel.spectral_rolloff.mean,0.20137441364931874
open,lowLevel.pitch_salience.mean,0.19654058958985843
open,lowLevel.barkbands.mean.9,0.19316541886655614
open,lowLevel.mfcc.stdev.4,0.18573685052979272
open,sfx.tristimulus.mean.1,0.17969152065052185
open,lowLevel.barkbands_skewness.mean,0.1791849714500131
open,lowLevel.spectral_flatness_db.stdev,0.1729571401665453
open,lowLevel.barkbands.mean.7,0.17147949151694775
open,lowLevel.zerocrossingrate.stdev,0.17073285301739816
open,lowLevel.mfcc.mean.11,0.16579172897036187
open,lowLevel.mfcc.stdev.1,0.16137941273336764
open,lowLevel.barkbands.mean.22,0.15847709271474741
open,lowLevel.barkbands.stdev.9,0.15450431514182128
open,sfx.tristimulus.mean.2,0.15207499664393254
open,lowLevel.sccoeffs.stdev.1,0.15157851309049875
open,sfx.tristimulus.stdev.1,0.1478353590500774
open,lowLevel.spectral_skewness.stdev,0.14532340121513698
open,lowLevel.spectral_energy.stdev,0.14310782428947277
open,lowLevel.barkbands.stdev.4,0.1429273869143799
open,lowLevel.pitch.mean,0.14222597720072372
open,lowLevel.sccoeffs.mean.2,0.14205059353844263
open,lowLevel.spectral_centroid.mean,0.13753217943303753
open,lowLevel.barkbands.stdev.14,0.1372734337928705
open,lowLevel.sccoeffs.mean.3,0.1372214112780057
open,lowLevel.barkbands.stdev.16,0.13476412213640288
open,lowLevel.barkbands.stdev.17,0.12448119091277476
open,lowLevel.mfcc.mean.3,0.12061623025510926
open,lowLevel.spectral_crest.stdev,0.1184508533187909
open,lowLevel.sccoeffs.stdev.4,0.11646171462052735
open,lowLevel.barkbands.mean.13,0.11490867703105323
open,lowLevel.mfcc.mean.5,0.114591987352469
open,lowLevel.barkbands.mean.12,0.11411198705172865
open,lowLevel.barkbands.stdev.24,0.11357636364118662
open,lowLevel.barkbands.mean.0,0.11175366488168947
open,lowLevel.spectral_energyband_low.stdev,0.11165840754983947
open,lowLevel.barkbands.stdev.22,0.11107621365226805
open,lowLevel.scvalleys.mean.0,0.11004493125074077
open,sfx.tristimulus.mean.0,0.10772375238593668
open,sfx.oddtoevenharmonicenergyratio.stdev,0.10244107337348396
open,lowLevel.mfcc.stdev.3,0.09881668275920674
open,lowLevel.barkbands.stdev.5,0.09716864221263677
open,lowLevel.barkbands.mean.20,0.09703808126505464
open,sfx.inharmonicity.mean,0.09385336712875869
open,sfx.tristimulus.stdev.2,0.09235538919165265
open,lowLevel.barkbands.stdev.15,0.09228255588095635
open,lowLevel.mfcc.mean.10,0.09193533088546246
open,lowLevel.barkbands.stdev.19,0.09160189308022382
open,lowLevel.spectral_spread.stdev,0.08837363540078513
open,lowLevel.barkbands_kurtosis.stdev,0.0873885625769617
open,lowLevel.spectral_flux.stdev,0.08539396547712386
open,lowLevel.barkbands.mean.3,0.08485247133648954
open,lowLevel.sccoeffs.mean.1,0.08446011974592693
open,lowLevel.barkbands.stdev.6,0.08202068856917322
open,sfx.inharmonicity.stdev,0.08159749352489598
open,lowLevel.barkbands.mean.14,0.07767714557121508
open,lowLevel.sccoeffs.stdev.0,0.07524870209454093
open,lowLevel.scvalleys.mean.2,0.07502265038056066
open,lowLevel.barkbands.stdev.3,0.07449290521617513
open,lowLevel.barkbands.mean.1,0.07400175399379805
open,sfx.oddtoevenharmonicenergyratio.mean,0.07373205153271556
open,lowLevel.barkbands_skewness.stdev,0.07249031693208963
open,lowLevel.barkbands.stdev.13,0.06703919728170149
open,lowLevel.mfcc.mean.12,0.06096086676552659
open,sfx.tristimulus.stdev.0,0.060852140362840146
open,lowLevel.sccoeffs.stdev.5,0.06013768876437098
open,lowLevel.barkbands.stdev.8,0.059630499279592186
open,lowLevel.dissonance.stdev,0.056207743284176104
open,lowLevel.barkbands.mean.2,0.0545187608076958
open,lowLevel.pitch_salience.stdev,0.053069597684952896
open,lowLevel.mfcc.mean.1,0.05254843275179155
open,lowLevel.barkbands.stdev.0,0.05078659165155841
open,lowLevel.barkbands.mean.10,0.047103079821681604
open,lowLevel.barkbands.stdev.21,0.04614037464489229
open,lowLevel.mfcc.mean.9,0.04463998427672777
open,lowLevel.zerocrossingrate.mean,0.04417603852925822
open,lowLevel.mfcc.mean.4,0.04306361546332482
open,lowLevel.sccoeffs.stdev.3,0.042058603386976756
open,lowLevel.barkbands.stdev.25,0.0416192223347025
open,lowLevel.barkbands.stdev.23,0.03884622466284782
open,lowLevel.spectral_flatness_db.mean,0.03737883988651447
open,lowLevel.mfcc.mean.2,0.036479820948443376
open,lowLevel.spectral_energyband_low.mean,0.03637690836330876
open,lowLevel.barkbands_spread.mean,0.03578160905453842
open,lowLevel.spectral_energyband_high.stdev,0.03387316549196839
open,lowLevel.barkbands.stdev.20,0.03161647997330874
open,lowLevel.spectral_crest.mean,0.030902487749699503
open,lowLevel.barkbands.stdev.1,0.029497017938410863
open,lowLevel.barkbands_kurtosis.mean,0.028627069375943393
open,lowLevel.silence_rate_30dB.stdev,0.01919443951919675
open,lowLevel.scvalleys.mean.3,0.01780614371818956
open,lowLevel.barkbands.stdev.2,0.005104807030875236
open,lowLevel.silence_rate_20dB.stdev,0.0007803930202499032
open,lowLevel.silence_rate_20dB.mean,0.0
open,lowLevel.silence_rate_30dB.mean,0.0
orderly,lowLevel.hfc.mean,546.727497328262
orderly,lowLevel.spectral_energyband_middle_high.mean,76.44371579580184
orderly,lowLevel.spectral_complexity.mean,46.381231152277905
orderly,lowLevel.spectral_complexity.stdev,41.23452186497161
orderly,lowLevel.spectral_energy.mean,24.65330208989326
orderly,lowLevel.hfc.stdev,7.369611427304335
orderly,lowLevel.silence_rate_60dB.mean,3.820034494274296
orderly,lowLevel.spectral_energyband_middle_low.mean,3.7857699420128483
orderly,lowLevel.barkbands.mean.12,3.365077433642
orderly,lowLevel.mfcc.stdev.9,2.694302104500821
orderly,lowLevel.barkbands.mean.11,2.52527066267794
orderly,lowLevel.spectral_energyband_middle_low.stdev,2.316708441649098
orderly,lowLevel.barkbands.stdev.12,2.206179533881368
orderly,lowLevel.spectral_energyband_middle_high.stdev,2.0892730633640895
orderly,lowLevel.barkbands.mean.10,1.970460606215056
orderly,lowLevel.barkbands.mean.8,1.588739764818456
orderly,lowLevel.barkbands.mean.17,1.5842244098894298
orderly,lowLevel.pitch_instantaneous_confidence.stdev,1.280613750903285
orderly,lowLevel.mfcc.stdev.8,1.2167278765700758
orderly,lowLevel.mfcc.stdev.7,1.1679159709892701
orderly,lowLevel.barkbands.mean.26,1.1412899072747678
orderly,sfx.tristimulus.stdev.1,1.1222725523257395
orderly,lowLevel.barkbands.stdev.26,1.082394946992281
orderly,lowLevel.pitch.mean,1.041379743575817
orderly,lowLevel.barkbands.stdev.11,0.973374583889381
orderly,lowLevel.spectral_kurtosis.stdev,0.9663512455881573
orderly,lowLevel.mfcc.stdev.10,0.8440149886737345
orderly,lowLevel.barkbands.mean.7,0.8033665561815724
orderly,lowLevel.barkbands.stdev.6,0.8022769156959839
orderly,lowLevel.mfcc.mean.8,0.7899332928282092
orderly,lowLevel.spectral_skewness.stdev,0.7396400481666205
orderly,lowLevel.scvalleys.stdev.3,0.7260868265802856
orderly,lowLevel.barkbands.stdev.8,0.7097719286684878
orderly,lowLevel.mfcc.stdev.12,0.5042974774114555
orderly,lowLevel.mfcc.stdev.0,0.49347264555399306
orderly,lowLevel.pitch.stdev,0.47093406767817214
orderly,lowLevel.barkbands.mean.25,0.46693185990443453
orderly,lowLevel.mfcc.stdev.2,0.456604510472971
orderly,lowLevel.barkbands.mean.6,0.42747920504189096
orderly,lowLevel.spectral_skewness.mean,0.4070042734965682
orderly,lowLevel.spectral_energyband_high.mean,0.3933544592146063
orderly,lowLevel.mfcc.mean.0,0.39154714782489464
orderly,lowLevel.spectral_kurtosis.mean,0.3848895984410774
orderly,lowLevel.spectral_spread.mean,0.37566730129765347
orderly,sfx.tristimulus.stdev.2,0.34552421182161197
orderly,lowLevel.barkbands.stdev.7,0.33525251073297113
orderly,lowLevel.barkbands.mean.15,0.3318843314773403
orderly,lowLevel.barkbands_skewness.mean,0.32276879803976044
orderly,lowLevel.sccoeffs.stdev.2,0.32164221923449077
orderly,lowLevel.spectral_rms.mean,0.32119727093959227
orderly,lowLevel.spectral_decrease.mean,0.31385534431319684
orderly,lowLevel.sccoeffs.mean.2,0.302230366927688
orderly,lowLevel.barkbands.mean.3,0.29394263447466074
orderly,lowLevel.sccoeffs.mean.5,0.27490268110705074
orderly,lowLevel.spectral_flatness_db.mean,0.2549396176764276
orderly,lowLevel.scvalleys.stdev.1,0.2532706577621866
orderly,lowLevel.barkbands.stdev.5,0.24928538969834335
orderly,lowLevel.barkbands.stdev.17,0.2241262728930451
orderly,lowLevel.mfcc.stdev.5,0.22078704659361392
orderly,lowLevel.mfcc.stdev.4,0.21864832412393298
orderly,lowLevel.zerocrossingrate.mean,0.21827525450498797
orderly,lowLevel.barkbands.mean.0,0.2160041811875999
orderly,lowLevel.barkbands.mean.19,0.21494078013347462
orderly,lowLevel.sccoeffs.stdev.5,0.20476612730999477
orderly,sfx.oddtoevenharmonicenergyratio.mean,0.2004982476355508
orderly,lowLevel.scvalleys.stdev.4,0.1940549629216548
orderly,lowLevel.barkbands.stdev.4,0.19043191843957175
orderly,lowLevel.spectral_flatness_db.stdev,0.18382107519573765
orderly,lowLevel.mfcc.stdev.11,0.18162874394329265
orderly,lowLevel.barkbands.stdev.13,0.17744016816141084
orderly,lowLevel.barkbands.stdev.25,0.17651022983773146
orderly,lowLevel.barkbands.mean.5,0.1748844503890723
orderly,lowLevel.barkbands_skewness.stdev,0.1736980715795653
orderly,lowLevel.silence_rate_60dB.stdev,0.1668232981755864
orderly,lowLevel.spectral_strongpeak.mean,0.16035357140935957
orderly,lowLevel.barkbands.mean.18,0.15189773455495015
orderly,lowLevel.barkbands.stdev.16,0.1510181463090703
orderly,lowLevel.scvalleys.stdev.5,0.15078496147179976
orderly,lowLevel.barkbands.stdev.2,0.15033057825348806
orderly,lowLevel.barkbands.mean.1,0.14227249147370458
orderly,lowLevel.mfcc.mean.3,0.1409688013518462
orderly,lowLevel.barkbands.stdev.10,0.1407415686699096
orderly,lowLevel.sccoeffs.mean.1,0.13935270918591414
orderly,sfx.tristimulus.stdev.0,0.13881947440677322
orderly,lowLevel.pitch_instantaneous_confidence.mean,0.13593503972515464
orderly,lowLevel.mfcc.mean.12,0.1345555166772101
orderly,lowLevel.scvalleys.stdev.2,0.1275201963726431
orderly,sfx.oddtoevenharmonicenergyratio.stdev,0.12619268149137497
orderly,lowLevel.spectral_rms.stdev,0.12278501252876595
orderly,lowLevel.sccoeffs.stdev.1,0.11968961887760088
orderly,lowLevel.barkbands.mean.22,0.11846082573174499
orderly,lowLevel.sccoeffs.mean.0,0.11719547864049673
orderly,lowLevel.spectral_centroid.mean,0.11428963413345627
orderly,lowLevel.sccoeffs.stdev.3,0.11315978618222289
orderly,lowLevel.dissonance.stdev,0.11097131425049156
orderly,lowLevel.scvalleys.stdev.0,0.10326268427888863
orderly,lowLevel.barkbands.mean.2,0.10298606305150315
orderly,lowLevel.mfcc.stdev.1,0.10230682080145925
orderly,lowLevel.sccoeffs.mean.4,0.10128853179048747
orderly,lowLevel.spectral_flux.mean,0.09752125907107256
orderly,sfx.tristimulus.mean.2,0.09260512614855543
orderly,sfx.inharmonicity.stdev,0.09165402897633612
orderly,lowLevel.barkbands.mean.21,0.08840470252471277
orderly,lowLevel.barkbands.stdev.9,0.0873332031769678
orderly,lowLevel.mfcc.stdev.6,0.08405447981203906
orderly,lowLevel.barkbands.stdev.0,0.08388085136539303
orderly,lowLevel.barkbands.mean.16,0.08311641233740374
orderly,lowLevel.barkbands.mean.9,0.08188188628992066
orderly,lowLevel.barkbands.mean.4,0.07879224114003591
orderly,lowLevel.mfcc.mean.10,0.07754695326730143
orderly,lowLevel.scvalleys.mean.4,0.07726080136490054
orderly,lowLevel.spectral_strongpeak.stdev,0.07697046289104037
orderly,lowLevel.sccoeffs.stdev.4,0.07666715001687407
orderly,lowLevel.pitch_salience.mean,0.0756618472514674
orderly,lowLevel.mfcc.mean.11,0.07163862664310727
orderly,lowLevel.spectral_rolloff.mean,0.07110849654418416
orderly,lowLevel.scvalleys.mean.5,0.06608433599467389
orderly,lowLevel.mfcc.mean.7,0.06408713373821229
orderly,lowLevel.barkbands.mean.14,0.06235103018116206
orderly,lowLevel.mfcc.mean.9,0.05937870081834262
orderly,lowLevel.mfcc.stdev.3,0.05849389510694891
orderly,lowLevel.spectral_spread.stdev,0.05806902336189523
orderly,lowLevel.barkbands.stdev.3,0.055192313477164134
orderly,lowLevel.scvalleys.mean.1,0.053219970606733114
orderly,lowLevel.mfcc.mean.4,0.05120662432454992
orderly,lowLevel.spectral_flux.stdev,0.04791970920632593
orderly,lowLevel.barkbands_kurtosis.mean,0.04602971425629221
orderly,lowLevel.spectral_energyband_high.stdev,0.045994923857506365
orderly,lowLevel.mfcc.mean.5,0.04507267666485859
orderly,lowLevel.sccoeffs.mean.3,0.044571497273864225
orderly,lowLevel.barkbands_spread.stdev,0.04396808068850078
orderly,lowLevel.barkbands.mean.23,0.042741934419609606
orderly,lowLevel.scvalleys.mean.0,0.04094150965102017
orderly,lowLevel.spectral_crest.stdev,0.04036305642512161
orderly,lowLevel.mfcc.mean.1,0.039788410198525526
orderly,lowLevel.barkbands.mean.20,0.03806940428330563
orderly,lowLevel.mfcc.mean.2,0.03803451039129868
orderly,lowLevel.sccoeffs.stdev.0,0.03687624979647808
orderly,lowLevel.scvalleys.mean.2,0.03630969891673885
orderly,sfx.inharmonicity.mean,0.035689433600055054
orderly,lowLevel.pitch_salience.stdev,0.03374925172829535
orderly,sfx.tristimulus.mean.1,0.03367148287361488
orderly,lowLevel.scvalleys.mean.3,0.033539729833137244
orderly,lowLevel.barkbands.stdev.18,0.0313183031976223
orderly,lowLevel.barkbands_spread.mean,0.031013123865704983
orderly,lowLevel.spectral_rolloff.stdev,0.02974633709527552
orderly,lowLevel.spectral_decrease.stdev,0.02944655853207223
orderly,lowLevel.spectral_energyband_low.mean,0.027815393201308325
orderly,lowLevel.barkbands.stdev.15,0.027475008813780732
orderly,lowLevel.barkbands.mean.24,0.026897678239038214
orderly,lowLevel.zerocrossingrate.stdev,0.026591374829877168
orderly,lowLevel.barkbands_kurtosis.stdev,0.025855835119728
orderly,lowLevel.barkbands.stdev.24,0.024504967223037966
orderly,lowLevel.mfcc.mean.6,0.022006311934092082
orderly,lowLevel.barkbands.stdev.20,0.02138233886216767
orderly,lowLevel.barkbands.mean.13,0.01855299185262993
orderly,sfx.tristimulus.mean.0,0.018249890737934038
orderly,lowLevel.barkbands.stdev.1,0.017611915100133047
orderly,lowLevel.dissonance.mean,0.016908941906876862
orderly,lowLevel.spectral_crest.mean,0.015881935760262422
orderly,lowLevel.barkbands.stdev.19,0.015671358967665583
orderly,lowLevel.barkbands.stdev.14,0.015039239078760147
orderly,lowLevel.barkbands.stdev.23,0.014907562726875767
orderly,lowLevel.barkbands.stdev.22,0.014169651141855866
orderly,lowLevel.spectral_energy.stdev,0.01370048918761313
orderly,lowLevel.spectral_energyband_low.stdev,0.012450996058760211
orderly,lowLevel.spectral_centroid.stdev,0.010504818972549401
orderly,lowLevel.barkbands.stdev.21,0.00874059903435409
orderly,lowLevel.silence_rate_30dB.stdev,0.004311734999646433
orderly,lowLevel.silence_rate_30dB.mean,0.00191026899847202
orderly,lowLevel.silence_rate_20dB.stdev,0.0
orderly,lowLevel.silence_rate_20dB.mean,0.0
peaceful,lowLevel.hfc.mean,5622.845335621301
peaceful,lowLevel.spectral_energyband_middle_high.mean,1736.2503674055915
peaceful,lowLevel.spectral_complexity.stdev,766.6345109638787
peaceful,lowLevel.spectral_energy.mean,575.3739960628009
peaceful,lowLevel.hfc.stdev,368.2193049817736
peaceful,lowLevel.spectral_complexity.mean,306.5242700713279
peaceful,lowLevel.spectral_energyband_middle_high.stdev,94.92639369911194
peaceful,lowLevel.spectral_rms.mean,88.03943913079274
peaceful,lowLevel.silence_rate_60dB.mean,66.3585666953295
peaceful,lowLevel.spectral_strongpeak.mean,44.051831250388204
peaceful,lowLevel.barkbands.mean.11,42.88599020160109
peaceful,lowLevel.mfcc.mean.0,39.07584686091138
peaceful,lowLevel.barkbands.mean.12,33.96029999049415
peaceful,lowLevel.spectral_energy.stdev,31.215424944879487
peaceful,lowLevel.barkbands.mean.17,28.585661838122178
peaceful,lowLevel.barkbands.stdev.11,18.549929287983105
peaceful,lowLevel.spectral_energyband_middle_low.mean,17.78912177903112
peaceful,lowLevel.barkbands.stdev.12,17.213885373581434
peaceful,lowLevel.barkbands.mean.14,14.403444125666283
peaceful,lowLevel.barkbands.mean.7,13.298353876103647
peaceful,lowLevel.spectral_energyband_high.mean,12.853363797185011
peaceful,lowLevel.barkbands.mean.10,9.967117653577588
peaceful,lowLevel.spectral_flux.mean,9.620774470560718
peaceful,lowLevel.barkbands.mean.16,9.524983073351905
peaceful,lowLevel.spectral_energyband_middle_low.stdev,9.466426095546922
peaceful,lowLevel.barkbands.stdev.9,8.831678542715963
peaceful,lowLevel.barkbands.mean.18,8.500077735865489
peaceful,lowLevel.barkbands.stdev.8,7.3339914720272645
peaceful,lowLevel.barkbands.mean.25,6.750459989878436
peaceful,lowLevel.barkbands.mean.24,6.269538628635928
peaceful,lowLevel.barkbands.mean.21,5.609834712580778
peaceful,lowLevel.spectral_strongpeak.stdev,5.593200602917932
peaceful,lowLevel.barkbands.mean.23,5.361194739991333
peaceful,lowLevel.spectral_rms.stdev,5.1498664538084995
peaceful,lowLevel.barkbands.stdev.26,4.775529362610541
peaceful,lowLevel.barkbands.mean.8,3.7664983282447793
peaceful,lowLevel.barkbands.mean.22,3.635527095524594
peaceful,lowLevel.barkbands.mean.9,3.6115667829290032
peaceful,lowLevel.barkbands.stdev.7,2.9590017659938894
peaceful,lowLevel.barkbands.mean.15,2.9287039615082904
peaceful,lowLevel.barkbands.mean.26,2.5802395337453277
peaceful,lowLevel.spectral_flux.stdev,2.07933233527001
peaceful,lowLevel.mfcc.stdev.9,2.01074394423631
peaceful,lowLevel.barkbands.mean.5,1.744876554934308
peaceful,lowLevel.barkbands.stdev.25,1.741315233608475
peaceful,lowLevel.barkbands.mean.13,1.6290095180738717
peaceful,lowLevel.barkbands.stdev.24,1.5206568167777732
peaceful,lowLevel.sccoeffs.mean.1,1.3882899357777205
peaceful,lowLevel.zerocrossingrate.mean,1.112108735134825
peaceful,lowLevel.barkbands.mean.19,0.9942470068926923
peaceful,lowLevel.sccoeffs.mean.2,0.9825473016826436
peaceful,lowLevel.barkbands.mean.6,0.9648882017936558
peaceful,lowLevel.pitch_instantaneous_confidence.stdev,0.9567723484651651
peaceful,lowLevel.mfcc.stdev.8,0.8735586351394886
peaceful,lowLevel.mfcc.stdev.6,0.8395119987544604
peaceful,lowLevel.barkbands.mean.3,0.8221007990650833
peaceful,lowLevel.spectral_decrease.mean,0.8118544470053166
peaceful,lowLevel.barkbands.mean.20,0.8019233657978475
peaceful,lowLevel.mfcc.stdev.11,0.7423761533882498
peaceful,lowLevel.mfcc.stdev.7,0.7190205232909648
peaceful,lowLevel.scvalleys.mean.5,0.6885000979527831
peaceful,lowLevel.mfcc.stdev.10,0.6704627073486336
peaceful,lowLevel.mfcc.stdev.0,0.59088115231134
peaceful,lowLevel.spectral_crest.stdev,0.5901586534600938
peaceful,lowLevel.spectral_rolloff.mean,0.5785535173490644
peaceful,lowLevel.spectral_centroid.mean,0.5515042101033032
peaceful,lowLevel.barkbands.mean.2,0.5271643525920808
peaceful,sfx.oddtoevenharmonicenergyratio.mean,0.49830044857003486
peaceful,lowLevel.sccoeffs.mean.3,0.48143811104091583
peaceful,lowLevel.barkbands.stdev.10,0.47760798706440255
peaceful,lowLevel.barkbands.stdev.18,0.4543282531667501
peaceful,lowLevel.barkbands.stdev.5,0.37863752563134767
peaceful,lowLevel.barkbands_skewness.stdev,0.3726087840695982
peaceful,lowLevel.sccoeffs.stdev.2,0.33732549782143906
peaceful,lowLevel.scvalleys.mean.3,0.3273944337852299
peaceful,lowLevel.barkbands.stdev.6,0.32283100185486546
peaceful,lowLevel.spectral_kurtosis.mean,0.2915085203931085
peaceful,lowLevel.mfcc.stdev.4,0.2725415825843811
peaceful,lowLevel.barkbands.mean.4,0.2722107993904501
peaceful,sfx.tristimulus.stdev.1,0.27181368824130914
peaceful,sfx.tristimulus.stdev.0,0.271227702498436
peaceful,lowLevel.barkbands_kurtosis.stdev,0.24443452199921012
peaceful,lowLevel.mfcc.stdev.2,0.23915996926371008
peaceful,lowLevel.spectral_skewness.mean,0.2274894672445953
peaceful,lowLevel.scvalleys.stdev.3,0.20822697319090366
peaceful,lowLevel.scvalleys.mean.1,0.1927822168217972
peaceful,lowLevel.mfcc.mean.10,0.18834525300189853
peaceful,sfx.oddtoevenharmonicenergyratio.stdev,0.18064805399626493
peaceful,lowLevel.barkbands.stdev.17,0.15714724059216678
peaceful,lowLevel.barkbands.stdev.19,0.15235207602381706
peaceful,lowLevel.mfcc.stdev.1,0.14539751689881086
peaceful,lowLevel.scvalleys.stdev.4,0.1447112001478672
peaceful,lowLevel.mfcc.mean.12,0.14283330521720927
peaceful,lowLevel.barkbands.stdev.13,0.13638319642632268
peaceful,lowLevel.scvalleys.stdev.2,0.1360259302891791
peaceful,lowLevel.mfcc.mean.11,0.13526801101397723
peaceful,lowLevel.barkbands.stdev.16,0.11855017091147602
peaceful,lowLevel.scvalleys.mean.4,0.11793925159145147
peaceful,lowLevel.mfcc.stdev.5,0.11274154133570846
peaceful,lowLevel.barkbands.stdev.1,0.11037667840719223
peaceful,lowLevel.pitch_instantaneous_confidence.mean,0.10879973764531314
peaceful,sfx.tristimulus.mean.2,0.1041268864646554
peaceful,lowLevel.spectral_spread.mean,0.10313192999456078
peaceful,lowLevel.barkbands.stdev.0,0.09243329800665379
peaceful,lowLevel.barkbands.stdev.14,0.08659231197088957
peaceful,lowLevel.mfcc.mean.5,0.08637110912241042
peaceful,lowLevel.mfcc.mean.1,0.08451319951564074
peaceful,lowLevel.barkbands.mean.0,0.08313795999856666
peaceful,lowLevel.pitch.mean,0.07820655987598002
peaceful,lowLevel.scvalleys.stdev.1,0.07546916976571083
peaceful,lowLevel.dissonance.mean,0.07321641955059022
peaceful,lowLevel.spectral_kurtosis.stdev,0.06303572980687022
peaceful,lowLevel.scvalleys.mean.2,0.061637867183890194
peaceful,lowLevel.barkbands.stdev.3,0.0560293085873127
peaceful,lowLevel.sccoeffs.mean.0,0.05485739931464195
peaceful,lowLevel.spectral_flatness_db.stdev,0.053574298741295934
peaceful,lowLevel.spectral_decrease.stdev,0.044251735279209115
peaceful,lowLevel.sccoeffs.stdev.5,0.04423670098185539
peaceful,lowLevel.barkbands.stdev.21,0.04385960102081299
peaceful,lowLevel.spectral_energyband_low.stdev,0.041443439200520515
peaceful,lowLevel.scvalleys.stdev.0,0.038401629659347236
peaceful,lowLevel.mfcc.mean.6,0.03819494997151196
peaceful,lowLevel.barkbands_spread.stdev,0.03428386803716421
peaceful,sfx.tristimulus.stdev.2,0.030017679557204247
peaceful,lowLevel.barkbands.mean.1,0.027060642969445325
peaceful,lowLevel.barkbands_skewness.mean,0.026270960923284292
peaceful,lowLevel.pitch_salience.stdev,0.023078720085322857
peaceful,lowLevel.spectral_energyband_high.stdev,0.02255729428725317
peaceful,lowLevel.mfcc.mean.2,0.01611044688615948
peaceful,lowLevel.pitch_salience.mean,0.012926485389471054
peaceful,lowLevel.mfcc.stdev.12,0.012382950924802572
peaceful,lowLevel.spectral_spread.stdev,0.010570273705525324
peaceful,lowLevel.silence_rate_60dB.stdev,0.009174222883302718
peaceful,lowLevel.barkbands_kurtosis.mean,0.008646099828183651
peaceful,lowLevel.sccoeffs.mean.5,0.00804258044809103
peaceful,lowLevel.scvalleys.stdev.5,0.008012549951672554
peaceful,lowLevel.pitch.stdev,0.007980055052030366
peaceful,lowLevel.barkbands.stdev.2,0.00633247010409832
peaceful,lowLevel.sccoeffs.stdev.4,0.005606660153716803
peaceful,lowLevel.spectral_energyband_low.mean,0.005465510068461299
peaceful,lowLevel.sccoeffs.stdev.3,0.005393280182033777
peaceful,lowLevel.spectral_skewness.stdev,0.005205830093473196
peaceful,lowLevel.barkbands.stdev.4,0.005120877985973493
peaceful,lowLevel.barkbands.stdev.22,0.004838051914703101
peaceful,lowLevel.sccoeffs.stdev.1,0.0046870599035173655
peaceful,lowLevel.spectral_flatness_db.mean,0.0032263000030070543
peaceful,lowLevel.mfcc.mean.3,0.0019281699787825346
peaceful,lowLevel.mfcc.mean.4,0.0009913790272548795
peaceful,sfx.tristimulus.mean.1,0.0006838180124759674
peaceful,lowLevel.barkbands_spread.mean,0.0005789350252598524
peaceful,sfx.inharmonicity.mean,0.0
peaceful,lowLevel.barkbands.stdev.15,0.0
peaceful,sfx.inharmonicity.stdev,0.0
peaceful,lowLevel.barkbands.stdev.20,0.0
peaceful,sfx.tristimulus.mean.0,0.0
peaceful,lowLevel.zerocrossingrate.stdev,0.0
peaceful,lowLevel.barkbands.stdev.23,0.0
peaceful,lowLevel.scvalleys.mean.0,0.0
peaceful,lowLevel.spectral_rolloff.stdev,0.0
peaceful,lowLevel.dissonance.stdev,0.0
peaceful,lowLevel.mfcc.mean.7,0.0
peaceful,lowLevel.mfcc.mean.9,0.0
peaceful,lowLevel.mfcc.stdev.3,0.0
peaceful,lowLevel.spectral_crest.mean,0.0
peaceful,lowLevel.spectral_centroid.stdev,0.0
peaceful,lowLevel.silence_rate_30dB.stdev,0.0
peaceful,lowLevel.silence_rate_30dB.mean,0.0
peaceful,lowLevel.silence_rate_20dB.stdev,0.0
peaceful,lowLevel.silence_rate_20dB.mean,0.0
peaceful,lowLevel.sccoeffs.mean.4,0.0
peaceful,lowLevel.sccoeffs.stdev.0,0.0
peaceful,lowLevel.mfcc.mean.8,0.0
populous,lowLevel.spectral_energyband_middle_high.mean,31.00495540871634
populous,lowLevel.spectral_energyband_high.mean,16.366827441292116
populous,lowLevel.barkbands.mean.18,13.430701958743157
populous,lowLevel.hfc.mean,13.400532651226968
populous,lowLevel.spectral_energy.mean,9.127700672557694
populous,lowLevel.spectral_rms.mean,8.512225871963892
populous,lowLevel.spectral_complexity.mean,5.924414126377087
populous,lowLevel.mfcc.stdev.10,5.230722402382526
populous,lowLevel.barkbands.mean.4,5.0621557153062895
populous,lowLevel.barkbands.mean.5,4.76867255588877
populous,lowLevel.mfcc.stdev.12,4.481659713870613
populous,lowLevel.spectral_energyband_middle_high.stdev,4.371216482570162
populous,lowLevel.silence_rate_60dB.mean,4.268935435866297
populous,lowLevel.mfcc.stdev.9,3.549807943752967
populous,lowLevel.mfcc.stdev.8,2.6881971802795306
populous,lowLevel.barkbands.mean.23,2.473429844234488
populous,lowLevel.spectral_energyband_middle_low.mean,2.436124206884415
populous,lowLevel.pitch_instantaneous_confidence.stdev,2.252644328007591
populous,lowLevel.spectral_strongpeak.stdev,2.2521014231751906
populous,lowLevel.mfcc.stdev.7,2.0096097301720874
populous,lowLevel.spectral_strongpeak.mean,1.7470710104389582
populous,lowLevel.spectral_complexity.stdev,1.6476048138429178
populous,lowLevel.mfcc.mean.8,1.5657591857889201
populous,lowLevel.barkbands.mean.11,1.1306965901749209
populous,lowLevel.barkbands.mean.21,1.1194617508444935
populous,lowLevel.barkbands.mean.22,1.093663475367066
populous,lowLevel.mfcc.stdev.11,1.0613758252584375
populous,lowLevel.barkbands.mean.17,0.9843455824011471
populous,lowLevel.spectral_spread.mean,0.9841974326845957
populous,lowLevel.scvalleys.mean.5,0.9577472863165895
populous,lowLevel.barkbands.mean.16,0.9243304555566283
populous,lowLevel.silence_rate_60dB.stdev,0.9214924313710071
populous,lowLevel.barkbands.mean.7,0.8685891808781889
populous,lowLevel.barkbands.stdev.15,0.8549057400232414
populous,lowLevel.barkbands.stdev.11,0.8147331747895805
populous,lowLevel.mfcc.stdev.5,0.8127033939090325
populous,lowLevel.barkbands.mean.6,0.8101178293582052
populous,lowLevel.spectral_flux.mean,0.7702884690224892
populous,lowLevel.mfcc.mean.7,0.7368258003843948
populous,lowLevel.spectral_flatness_db.stdev,0.7216677792166593
populous,lowLevel.scvalleys.stdev.0,0.7132383090211079
populous,lowLevel.barkbands.mean.24,0.6651127840159461
populous,lowLevel.barkbands.stdev.10,0.6636778219544794
populous,lowLevel.barkbands.mean.19,0.6553108045336558
populous,lowLevel.zerocrossingrate.mean,0.5805146543425508
populous,lowLevel.barkbands.mean.9,0.557213144376874
populous,lowLevel.mfcc.stdev.0,0.5310833406256279
populous,lowLevel.mfcc.mean.0,0.5173457706841873
populous,lowLevel.scvalleys.stdev.1,0.4904468228924088
populous,lowLevel.barkbands.stdev.3,0.48051886846951675
populous,lowLevel.barkbands.stdev.5,0.46284359850687906
populous,lowLevel.pitch.stdev,0.4535484868683852
populous,lowLevel.sccoeffs.mean.3,0.45177025835437234
populous,lowLevel.spectral_kurtosis.stdev,0.4501380620349664
populous,lowLevel.sccoeffs.mean.5,0.4424872869858518
populous,lowLevel.scvalleys.stdev.2,0.435090950835729
populous,lowLevel.barkbands.stdev.7,0.4181968514312757
populous,lowLevel.mfcc.stdev.6,0.40530411327199545
populous,lowLevel.scvalleys.stdev.3,0.40517906656168634
populous,lowLevel.barkbands.stdev.8,0.3999144498593523
populous,lowLevel.sccoeffs.mean.4,0.3998984580830438
populous,lowLevel.spectral_skewness.mean,0.39307801602990367
populous,lowLevel.spectral_decrease.mean,0.3930467287427746
populous,lowLevel.barkbands.stdev.4,0.38894482086470816
populous,lowLevel.spectral_spread.stdev,0.3692159370984882
populous,lowLevel.barkbands.mean.3,0.3434243838710245
populous,sfx.tristimulus.stdev.1,0.33642680480261333
populous,lowLevel.spectral_rolloff.stdev,0.33351735567703145
populous,lowLevel.spectral_kurtosis.mean,0.3327465826878324
populous,lowLevel.barkbands.mean.20,0.31360269751166925
populous,lowLevel.spectral_skewness.stdev,0.3102873241005
populous,lowLevel.mfcc.stdev.4,0.30605390686832834
populous,sfx.tristimulus.stdev.2,0.30004908893897664
populous,lowLevel.barkbands.stdev.0,0.2997211790061556
populous,lowLevel.scvalleys.mean.4,0.2988637221278623
populous,sfx.tristimulus.mean.2,0.2956103307806188
populous,lowLevel.barkbands.stdev.17,0.29509643945493735
populous,lowLevel.scvalleys.mean.2,0.29439717304194346
populous,lowLevel.sccoeffs.mean.2,0.28867878232267685
populous,lowLevel.barkbands.stdev.23,0.287035500005004
populous,sfx.oddtoevenharmonicenergyratio.stdev,0.2841614204662619
populous,lowLevel.barkbands_skewness.mean,0.27756663342006505
populous,lowLevel.mfcc.mean.2,0.27508551032224204
populous,lowLevel.barkbands.stdev.9,0.27253029093844816
populous,lowLevel.scvalleys.stdev.4,0.2601815843663644
populous,lowLevel.mfcc.stdev.2,0.2595990611007437
populous,lowLevel.mfcc.mean.6,0.25819416251033545
populous,lowLevel.barkbands.stdev.19,0.2565349730430171
populous,lowLevel.barkbands.mean.8,0.24395615665707737
populous,lowLevel.mfcc.mean.11,0.24076140762190334
populous,sfx.oddtoevenharmonicenergyratio.mean,0.23823153143166564
populous,lowLevel.barkbands_spread.stdev,0.23818312658113427
populous,lowLevel.spectral_energyband_middle_low.stdev,0.2244508708245121
populous,lowLevel.barkbands.mean.10,0.21990066932630725
populous,lowLevel.pitch_instantaneous_confidence.mean,0.21214323680032976
populous,lowLevel.hfc.stdev,0.2089511383092031
populous,lowLevel.sccoeffs.stdev.2,0.20702175065525807
populous,lowLevel.mfcc.stdev.3,0.20651296767755412
populous,lowLevel.pitch_salience.mean,0.20554553388501517
populous,lowLevel.spectral_centroid.stdev,0.20384093359461986
populous,lowLevel.barkbands.mean.26,0.20280937808274757
populous,lowLevel.sccoeffs.stdev.1,0.2012157963399659
populous,lowLevel.barkbands.mean.2,0.2005909320723731
populous,lowLevel.barkbands.stdev.16,0.20006849781202618
populous,lowLevel.spectral_energyband_low.mean,0.19004635702003725
populous,lowLevel.barkbands.mean.13,0.18829252853174694
populous,lowLevel.sccoeffs.mean.0,0.18300608203571755
populous,lowLevel.zerocrossingrate.stdev,0.1754038969229441
populous,lowLevel.barkbands.stdev.26,0.1642080282472307
populous,lowLevel.spectral_rms.stdev,0.16245638465625234
populous,lowLevel.barkbands.stdev.6,0.16068439852097072
populous,lowLevel.mfcc.mean.9,0.14747893941239454
populous,sfx.tristimulus.mean.0,0.14510802896984387
populous,lowLevel.sccoeffs.stdev.0,0.14350741397356614
populous,lowLevel.barkbands.mean.25,0.14058292158006225
populous,lowLevel.sccoeffs.stdev.3,0.13800707172777038
populous,lowLevel.dissonance.mean,0.13776938346563838
populous,lowLevel.sccoeffs.mean.1,0.13763078389456496
populous,lowLevel.dissonance.stdev,0.1352241324930219
populous,lowLevel.barkbands_skewness.stdev,0.13444899319438264
populous,lowLevel.barkbands.stdev.12,0.12730433414981235
populous,lowLevel.spectral_energyband_high.stdev,0.12089625463704579
populous,lowLevel.barkbands.mean.0,0.118702465610113
populous,lowLevel.spectral_rolloff.mean,0.11843125720042735
populous,lowLevel.scvalleys.mean.3,0.11366989233647473
populous,lowLevel.barkbands.stdev.13,0.11185153327824082
populous,lowLevel.barkbands_spread.mean,0.10875043441774324
populous,lowLevel.spectral_crest.stdev,0.10852936155424686
populous,sfx.inharmonicity.mean,0.1076347847119905
populous,lowLevel.scvalleys.mean.1,0.10725265195651446
populous,lowLevel.mfcc.mean.3,0.10559668624773622
populous,lowLevel.barkbands.stdev.14,0.10128073836676776
populous,lowLevel.barkbands.mean.15,0.10123568429844454
populous,lowLevel.mfcc.mean.1,0.09968367315013893
populous,lowLevel.sccoeffs.stdev.4,0.09790474608598743
populous,lowLevel.mfcc.stdev.1,0.09582231946114916
populous,sfx.inharmonicity.stdev,0.0938077551254537
populous,lowLevel.barkbands_kurtosis.stdev,0.092835363058839
populous,sfx.tristimulus.mean.1,0.09229162726842333
populous,lowLevel.mfcc.mean.10,0.09120869664184283
populous,lowLevel.barkbands.mean.1,0.09104887049761601
populous,lowLevel.barkbands_kurtosis.mean,0.08899409079458565
populous,lowLevel.barkbands.stdev.2,0.08892837329767644
populous,lowLevel.pitch_salience.stdev,0.08826859260443598
populous,lowLevel.barkbands.mean.14,0.08577615523245186
populous,lowLevel.spectral_flux.stdev,0.08501655740838032
populous,lowLevel.barkbands.stdev.22,0.0792860176297836
populous,lowLevel.mfcc.mean.12,0.07769533258397132
populous,lowLevel.barkbands.stdev.21,0.07708662250661291
populous,lowLevel.spectral_decrease.stdev,0.07517183505115099
populous,lowLevel.barkbands.stdev.25,0.07304105682123918
populous,sfx.tristimulus.stdev.0,0.07281367771793157
populous,lowLevel.spectral_energy.stdev,0.07109299398143776
populous,lowLevel.pitch.mean,0.06889013532781973
populous,lowLevel.sccoeffs.stdev.5,0.06803656794363633
populous,lowLevel.barkbands.mean.12,0.06781709607457742
populous,lowLevel.mfcc.mean.4,0.06578683983389055
populous,lowLevel.silence_rate_30dB.stdev,0.0625265707494691
populous,lowLevel.mfcc.mean.5,0.04861548910412239
populous,lowLevel.scvalleys.mean.0,0.04847441325546242
populous,lowLevel.barkbands.stdev.24,0.04769700896576978
populous,lowLevel.spectral_flatness_db.mean,0.03562481902190484
populous,lowLevel.spectral_crest.mean,0.03377036168240011
populous,lowLevel.spectral_energyband_low.stdev,0.031498198048211634
populous,lowLevel.barkbands.stdev.1,0.026461766014108434
populous,lowLevel.barkbands.stdev.20,0.023731895867967978
populous,lowLevel.barkbands.stdev.18,0.019215165797504596
populous,lowLevel.scvalleys.stdev.5,0.018873189197620377
populous,lowLevel.spectral_centroid.mean,0.016905833937926218
populous,lowLevel.silence_rate_30dB.mean,0.0008243219926953316
populous,lowLevel.silence_rate_20dB.mean,0.0
populous,lowLevel.silence_rate_20dB.stdev,0.0
reassuring,lowLevel.hfc.mean,6912.346369035993
reassuring,lowLevel.spectral_energyband_middle_high.mean,698.759622560814
reassuring,lowLevel.spectral_complexity.mean,690.1430782208045
reassuring,lowLevel.spectral_complexity.stdev,676.8763642699923
reassuring,lowLevel.spectral_energy.mean,393.21583292644937
reassuring,lowLevel.silence_rate_60dB.mean,175.80515993529116
reassuring,lowLevel.spectral_energy.stdev,130.67040220089257
reassuring,lowLevel.spectral_energyband_middle_low.mean,95.90471667001839
reassuring,lowLevel.mfcc.stdev.9,53.706372086326155
reassuring,lowLevel.barkbands.stdev.12,38.86077584771556
reassuring,lowLevel.spectral_energyband_middle_low.stdev,37.50832653656835
reassuring,lowLevel.barkbands.stdev.6,37.01356216525164
reassuring,lowLevel.spectral_strongpeak.mean,28.41177491581766
reassuring,lowLevel.barkbands.mean.25,28.091805282470887
reassuring,lowLevel.hfc.stdev,28.020452466560528
reassuring,lowLevel.spectral_rms.mean,27.249963769805618
reassuring,lowLevel.mfcc.stdev.8,24.72425542266683
reassuring,lowLevel.barkbands.stdev.26,23.714947720412965
reassuring,lowLevel.mfcc.stdev.7,21.348892527035787
reassuring,lowLevel.spectral_rms.stdev,18.888600782367575
reassuring,lowLevel.barkbands.mean.26,18.46700479616993
reassuring,lowLevel.barkbands.mean.10,18.370649907155894
reassuring,lowLevel.mfcc.stdev.10,14.728570834769926
reassuring,lowLevel.pitch.mean,14.084867400830262
reassuring,lowLevel.pitch_instantaneous_confidence.stdev,13.937974247164675
reassuring,lowLevel.barkbands.mean.8,12.546376701262488
reassuring,lowLevel.barkbands.mean.5,12.260906210693065
reassuring,lowLevel.spectral_energyband_middle_high.stdev,12.179607158385807
reassuring,lowLevel.scvalleys.stdev.3,12.168704459294531
reassuring,lowLevel.barkbands.mean.7,11.846712713257148
reassuring,lowLevel.barkbands.mean.17,10.401564795640297
reassuring,lowLevel.barkbands.mean.9,10.212370169581845
reassuring,sfx.tristimulus.stdev.1,9.9508947949289
reassuring,lowLevel.barkbands.mean.22,9.681867739368954
reassuring,lowLevel.barkbands.stdev.11,8.976571651292033
reassuring,lowLevel.barkbands.stdev.8,8.643377027154202
reassuring,lowLevel.spectral_kurtosis.mean,8.115650989151618
reassuring,lowLevel.mfcc.mean.8,7.846617336463169
reassuring,lowLevel.mfcc.stdev.11,7.828173272753702
reassuring,lowLevel.spectral_kurtosis.stdev,7.732273489324143
reassuring,lowLevel.spectral_skewness.mean,7.6262854954984505
reassuring,lowLevel.barkbands.mean.14,7.607438030303456
reassuring,lowLevel.mfcc.stdev.12,6.935296997347905
reassuring,lowLevel.barkbands.mean.20,6.919493066663563
reassuring,lowLevel.mfcc.stdev.0,6.161542288653436
reassuring,lowLevel.spectral_skewness.stdev,5.198839646993292
reassuring,lowLevel.barkbands.mean.11,5.170938139650389
reassuring,lowLevel.spectral_energyband_high.mean,5.137322197901085
reassuring,lowLevel.spectral_decrease.mean,5.073404450202361
reassuring,lowLevel.barkbands.mean.24,4.887036437168717
reassuring,lowLevel.spectral_strongpeak.stdev,4.7882762447407
reassuring,lowLevel.barkbands.mean.12,4.691563890199177
reassuring,lowLevel.barkbands.mean.4,4.639318417132017
reassuring,lowLevel.barkbands.stdev.9,4.455165657738689
reassuring,lowLevel.barkbands.stdev.13,4.4361570896580815
reassuring,lowLevel.spectral_centroid.mean,4.334756787691731
reassuring,lowLevel.barkbands.stdev.5,4.324314378067925
reassuring,lowLevel.barkbands.mean.6,4.288047282199841
reassuring,lowLevel.barkbands.stdev.3,4.160419403982814
reassuring,lowLevel.spectral_flatness_db.stdev,4.150269088422647
reassuring,lowLevel.scvalleys.stdev.0,3.4946576750080567
reassuring,lowLevel.barkbands.stdev.7,3.4371542736771517
reassuring,lowLevel.zerocrossingrate.mean,3.3862119214165887
reassuring,lowLevel.barkbands.mean.19,3.3712811844889075
reassuring,lowLevel.mfcc.stdev.2,3.230316565789053
reassuring,lowLevel.barkbands.mean.3,3.07262887613615
reassuring,sfx.oddtoevenharmonicenergyratio.stdev,3.034499969900935
reassuring,lowLevel.barkbands.mean.15,2.9780534545766386
reassuring,lowLevel.barkbands.mean.13,2.968066799250664
reassuring,lowLevel.mfcc.stdev.5,2.9639253438654123
reassuring,lowLevel.barkbands.stdev.4,2.9355138744867872
reassuring,lowLevel.sccoeffs.mean.2,2.82396478872397
reassuring,lowLevel.barkbands_skewness.mean,2.8208862004394177
reassuring,lowLevel.sccoeffs.stdev.5,2.6812812634161673
reassuring,lowLevel.spectral_decrease.stdev,2.532901771075558
reassuring,lowLevel.barkbands.stdev.14,2.523196394671686
reassuring,lowLevel.spectral_crest.mean,2.488146407675231
reassuring,lowLevel.barkbands.mean.21,2.4776707600831287
reassuring,lowLevel.barkbands.stdev.10,2.472033754696895
reassuring,lowLevel.scvalleys.stdev.2,2.46888557485363
reassuring,lowLevel.pitch.stdev,2.46208808679512
reassuring,lowLevel.spectral_spread.mean,2.458785749360686
reassuring,lowLevel.sccoeffs.stdev.2,2.4438830791041255
reassuring,lowLevel.spectral_crest.stdev,2.3989874238468474
reassuring,lowLevel.scvalleys.mean.5,2.383394007119932
reassuring,lowLevel.sccoeffs.mean.5,2.365698337991489
reassuring,lowLevel.spectral_flux.mean,2.356726791069377
reassuring,lowLevel.scvalleys.stdev.4,2.3525160928838886
reassuring,lowLevel.barkbands.stdev.17,2.3519052387346164
reassuring,lowLevel.barkbands.mean.18,2.2372688818577444
reassuring,sfx.tristimulus.stdev.2,2.2222496486792807
reassuring,lowLevel.mfcc.stdev.6,2.1761348463578543
reassuring,lowLevel.scvalleys.stdev.5,2.1427291800973762
reassuring,lowLevel.silence_rate_60dB.stdev,2.1282515876810066
reassuring,sfx.oddtoevenharmonicenergyratio.mean,2.0347961567385937
reassuring,lowLevel.mfcc.mean.0,2.0161195162145304
reassuring,lowLevel.mfcc.stdev.4,1.843064441345632
reassuring,lowLevel.scvalleys.stdev.1,1.7529372075296124
reassuring,lowLevel.spectral_energyband_high.stdev,1.7165777382615488
reassuring,lowLevel.spectral_rolloff.mean,1.6784799885499524
reassuring,lowLevel.mfcc.mean.3,1.612145495833829
reassuring,sfx.tristimulus.stdev.0,1.5290189488441683
reassuring,lowLevel.barkbands.mean.23,1.4235634811338969
reassuring,lowLevel.barkbands.stdev.1,1.4220257935812697
reassuring,lowLevel.scvalleys.mean.4,1.401066233695019
reassuring,lowLevel.barkbands.mean.16,1.3936313608428463
reassuring,lowLevel.scvalleys.mean.3,1.373948117456166
reassuring,lowLevel.barkbands.stdev.16,1.2587264449102804
reassuring,lowLevel.pitch_salience.mean,1.2146368198482378
reassuring,lowLevel.pitch_instantaneous_confidence.mean,1.1693496763764415
reassuring,lowLevel.spectral_energyband_low.mean,1.1468242653063498
reassuring,lowLevel.spectral_flatness_db.mean,1.1363700701040216
reassuring,lowLevel.barkbands.stdev.25,1.055594321602257
reassuring,lowLevel.barkbands_skewness.stdev,1.0231323016341776
reassuring,lowLevel.barkbands.stdev.2,0.9922293856216129
reassuring,lowLevel.scvalleys.mean.1,0.9889839781390037
reassuring,lowLevel.barkbands.stdev.18,0.9886272211588221
reassuring,lowLevel.mfcc.mean.1,0.9751524758758023
reassuring,lowLevel.pitch_salience.stdev,0.9492316177347675
reassuring,sfx.tristimulus.mean.2,0.8700300335476641
reassuring,lowLevel.mfcc.mean.12,0.8620197673153598
reassuring,lowLevel.mfcc.mean.9,0.8245520801283419
reassuring,lowLevel.mfcc.stdev.3,0.8182539921544958
reassuring,lowLevel.mfcc.stdev.1,0.8181926321412902
reassuring,lowLevel.barkbands_kurtosis.stdev,0.7327581192948855
reassuring,lowLevel.spectral_spread.stdev,0.7258466691127978
reassuring,lowLevel.sccoeffs.stdev.4,0.7179794288531411
reassuring,lowLevel.sccoeffs.mean.3,0.6827920167706907
reassuring,lowLevel.mfcc.mean.2,0.6814157498738496
reassuring,lowLevel.sccoeffs.stdev.1,0.6811127816326916
reassuring,lowLevel.mfcc.mean.11,0.6572132129222155
reassuring,lowLevel.barkbands.stdev.19,0.6508443707134575
reassuring,lowLevel.mfcc.mean.10,0.6189124914235435
reassuring,lowLevel.scvalleys.mean.2,0.6113338986760937
reassuring,lowLevel.sccoeffs.mean.0,0.5958074086229317
reassuring,lowLevel.mfcc.mean.6,0.5890322427731007
reassuring,lowLevel.spectral_energyband_low.stdev,0.5834261415875517
reassuring,lowLevel.barkbands.mean.1,0.5775134687282844
reassuring,lowLevel.dissonance.stdev,0.5749896425404586
reassuring,lowLevel.scvalleys.mean.0,0.5575946267636027
reassuring,sfx.tristimulus.mean.1,0.5306217754550744
reassuring,lowLevel.mfcc.mean.7,0.5216534979699645
reassuring,sfx.inharmonicity.mean,0.5210072338413738
reassuring,lowLevel.spectral_flux.stdev,0.5133634580124635
reassuring,lowLevel.sccoeffs.mean.1,0.5039674069266766
reassuring,lowLevel.sccoeffs.stdev.3,0.4900255156098865
reassuring,lowLevel.barkbands.stdev.24,0.4325622166506946
reassuring,lowLevel.sccoeffs.mean.4,0.42695719670155086
reassuring,sfx.inharmonicity.stdev,0.41793886001687497
reassuring,lowLevel.barkbands.stdev.23,0.40931351413019
reassuring,lowLevel.dissonance.mean,0.3958958930161316
reassuring,lowLevel.mfcc.mean.4,0.3897161811692058
reassuring,lowLevel.barkbands_spread.stdev,0.3815912315621972
reassuring,lowLevel.barkbands_kurtosis.mean,0.34577648248523474
reassuring,lowLevel.mfcc.mean.5,0.33586266421480104
reassuring,lowLevel.barkbands.mean.2,0.3140658177435398
reassuring,lowLevel.spectral_centroid.stdev,0.3000568087445572
reassuring,lowLevel.barkbands.mean.0,0.2836775687756017
reassuring,lowLevel.barkbands.stdev.20,0.25999440254236106
reassuring,lowLevel.silence_rate_30dB.mean,0.24217562901321799
reassuring,lowLevel.barkbands_spread.mean,0.21018138097133487
reassuring,lowLevel.barkbands.stdev.21,0.20892137943883426
reassuring,lowLevel.barkbands.stdev.22,0.19898553082020953
reassuring,lowLevel.spectral_rolloff.stdev,0.17925469694728235
reassuring,lowLevel.barkbands.stdev.15,0.1758858979010256
reassuring,lowLevel.barkbands.stdev.0,0.16963757574558258
reassuring,sfx.tristimulus.mean.0,0.15869563911110163
reassuring,lowLevel.zerocrossingrate.stdev,0.15019817448046524
reassuring,lowLevel.sccoeffs.stdev.0,0.11894074466545135
reassuring,lowLevel.silence_rate_30dB.stdev,0.06821345898788422
reassuring,lowLevel.silence_rate_20dB.mean,0.0
reassuring,lowLevel.silence_rate_20dB.stdev,0.0
rising,lowLevel.hfc.mean,319.550415317071
rising,lowLevel.spectral_energy.mean,55.577564644497954
rising,lowLevel.spectral_complexity.mean,51.93990190404696
rising,lowLevel.spectral_complexity.stdev,23.407147354589043
rising,lowLevel.silence_rate_60dB.mean,13.548528304479532
rising,lowLevel.mfcc.stdev.9,12.550060307098192
rising,lowLevel.spectral_energyband_middle_high.mean,7.5518310092791125
rising,lowLevel.mfcc.stdev.10,6.281604528950538
rising,lowLevel.spectral_energyband_middle_low.mean,4.416042473162179
rising,lowLevel.mfcc.stdev.8,4.340214066820636
rising,lowLevel.scvalleys.mean.4,2.7685365222220213
rising,lowLevel.pitch_instantaneous_confidence.stdev,2.5161361617192597
rising,lowLevel.spectral_strongpeak.mean,2.490037980113808
rising,lowLevel.barkbands.mean.5,2.236177824948303
rising,lowLevel.barkbands.mean.25,1.6308151532668944
rising,lowLevel.mfcc.stdev.12,1.4668970623443442
rising,lowLevel.mfcc.mean.8,1.377441742256451
rising,lowLevel.spectral_rms.mean,1.3435549852526307
rising,lowLevel.barkbands.mean.17,1.2566735854390014
rising,lowLevel.barkbands.mean.6,1.251825859131145
rising,sfx.tristimulus.stdev.1,1.1524488075596562
rising,lowLevel.scvalleys.stdev.0,1.010337820157586
rising,lowLevel.spectral_energyband_middle_low.stdev,0.9914766652587872
rising,lowLevel.barkbands.mean.7,0.9571476259773988
rising,lowLevel.barkbands.mean.24,0.9499992739657728
rising,lowLevel.zerocrossingrate.mean,0.9420173005137258
rising,lowLevel.barkbands.mean.15,0.9085990268486057
rising,lowLevel.barkbands.stdev.5,0.8991924753315743
rising,lowLevel.barkbands.mean.13,0.8737823331156278
rising,sfx.oddtoevenharmonicenergyratio.stdev,0.833771165376174
rising,lowLevel.barkbands.mean.18,0.7862135907984893
rising,lowLevel.sccoeffs.mean.5,0.7740060319283302
rising,lowLevel.barkbands.stdev.6,0.7684420590956833
rising,lowLevel.barkbands.mean.11,0.766077550514126
rising,lowLevel.barkbands.mean.12,0.7593815400003194
rising,lowLevel.mfcc.stdev.7,0.7100935298583266
rising,lowLevel.mfcc.stdev.0,0.6820413023028067
rising,lowLevel.spectral_flatness_db.stdev,0.6756164482738853
rising,lowLevel.barkbands.stdev.3,0.6656799539009626
rising,lowLevel.sccoeffs.mean.4,0.6632087137336669
rising,lowLevel.mfcc.stdev.4,0.6175514910211746
rising,lowLevel.barkbands.stdev.10,0.6087507250751366
rising,lowLevel.barkbands.stdev.18,0.6073072266176496
rising,lowLevel.pitch_salience.mean,0.5944821124441546
rising,lowLevel.spectral_decrease.stdev,0.5775950958999374
rising,lowLevel.sccoeffs.mean.3,0.5683151241026962
rising,lowLevel.silence_rate_60dB.stdev,0.5585678049819762
rising,lowLevel.barkbands.mean.26,0.5231529282578329
rising,lowLevel.barkbands.stdev.14,0.5228065757334264
rising,lowLevel.barkbands_skewness.mean,0.49939841403768925
rising,lowLevel.spectral_skewness.mean,0.49344330610529763
rising,lowLevel.mfcc.stdev.11,0.488976859550462
rising,lowLevel.barkbands.stdev.26,0.4318042226435068
rising,lowLevel.spectral_centroid.mean,0.4308743126059653
rising,lowLevel.barkbands.mean.9,0.42627018192866567
rising,lowLevel.spectral_skewness.stdev,0.42477521955239084
rising,lowLevel.barkbands.stdev.12,0.42252013662777443
rising,lowLevel.hfc.stdev,0.4211148563331051
rising,lowLevel.spectral_energyband_middle_high.stdev,0.4142848082094588
rising,lowLevel.spectral_spread.mean,0.40735375653719075
rising,lowLevel.scvalleys.mean.5,0.4038843227892386
rising,lowLevel.pitch_instantaneous_confidence.mean,0.4027668043990502
rising,lowLevel.scvalleys.mean.3,0.3960795827314598
rising,lowLevel.spectral_rms.stdev,0.3931759892570881
rising,lowLevel.spectral_energyband_high.mean,0.38720059454388434
rising,lowLevel.spectral_kurtosis.mean,0.3820005012422589
rising,lowLevel.mfcc.stdev.5,0.36809794661340334
rising,lowLevel.barkbands.mean.14,0.3654801706514945
rising,lowLevel.scvalleys.stdev.1,0.3621237901764317
rising,lowLevel.barkbands.mean.21,0.3615416683927606
rising,lowLevel.barkbands.stdev.17,0.35914697146866104
rising,lowLevel.barkbands.stdev.23,0.3575682077937046
rising,lowLevel.mfcc.mean.0,0.3498796000623088
rising,lowLevel.scvalleys.stdev.3,0.34555892845492053
rising,lowLevel.barkbands.stdev.8,0.33580922309563555
rising,lowLevel.mfcc.mean.10,0.3290159252823628
rising,lowLevel.barkbands.stdev.13,0.32476294238256287
rising,lowLevel.spectral_flux.stdev,0.32366776184289847
rising,lowLevel.sccoeffs.stdev.3,0.3227583062771373
rising,lowLevel.barkbands.stdev.4,0.31663201348566616
rising,lowLevel.barkbands.stdev.19,0.31592419735397925
rising,lowLevel.barkbands.mean.3,0.3016390564879714
rising,lowLevel.spectral_energyband_low.mean,0.2972711562435961
rising,lowLevel.scvalleys.stdev.2,0.27149960945354246
rising,lowLevel.spectral_kurtosis.stdev,0.24875137339677544
rising,lowLevel.barkbands_spread.mean,0.24188681235227705
rising,lowLevel.mfcc.mean.7,0.24103628916796538
rising,lowLevel.spectral_strongpeak.stdev,0.24093384749403413
rising,lowLevel.spectral_spread.stdev,0.24032933488774688
rising,lowLevel.barkbands.stdev.11,0.2379345567303517
rising,lowLevel.spectral_energyband_high.stdev,0.22492755099718487
rising,lowLevel.mfcc.mean.4,0.22002917038945924
rising,lowLevel.barkbands.mean.23,0.21987933333440424
rising,lowLevel.sccoeffs.mean.0,0.21363256611083692
rising,lowLevel.pitch.mean,0.21214492216758174
rising,lowLevel.mfcc.mean.6,0.2055299949874012
rising,lowLevel.mfcc.stdev.3,0.20084661893071143
rising,lowLevel.scvalleys.stdev.5,0.19748500540652003
rising,lowLevel.scvalleys.mean.2,0.19437013622548704
rising,lowLevel.sccoeffs.mean.2,0.1934584400469248
rising,lowLevel.barkbands.stdev.15,0.19041973325025197
rising,lowLevel.barkbands.mean.22,0.189628711151272
rising,lowLevel.barkbands.stdev.7,0.18839821324149852
rising,lowLevel.spectral_crest.mean,0.18502706290018978
rising,lowLevel.spectral_centroid.stdev,0.1825874732844568
rising,lowLevel.barkbands.mean.8,0.18171514363893948
rising,sfx.tristimulus.stdev.0,0.18171091046280097
rising,lowLevel.barkbands.mean.16,0.1743440322893548
rising,lowLevel.barkbands.stdev.21,0.17279986852496876
rising,lowLevel.barkbands.stdev.25,0.17112377184700733
rising,sfx.tristimulus.stdev.2,0.16704456022626957
rising,lowLevel.sccoeffs.stdev.1,0.16531327699238574
rising,lowLevel.mfcc.mean.12,0.16440044374310867
rising,lowLevel.mfcc.stdev.2,0.16415060700256134
rising,lowLevel.mfcc.mean.1,0.16216106486996296
rising,lowLevel.barkbands.stdev.1,0.1552838891166175
rising,lowLevel.spectral_decrease.mean,0.15332698518659527
rising,lowLevel.barkbands.mean.1,0.1510957327560618
rising,lowLevel.barkbands.mean.20,0.15086593743438925
rising,lowLevel.sccoeffs.stdev.2,0.1467282075903853
rising,lowLevel.mfcc.stdev.1,0.1390275443545701
rising,sfx.oddtoevenharmonicenergyratio.mean,0.13200336858998085
rising,lowLevel.mfcc.stdev.6,0.13197654989363627
rising,lowLevel.spectral_rolloff.mean,0.12975098450237965
rising,lowLevel.sccoeffs.mean.1,0.12763726873754422
rising,sfx.tristimulus.mean.2,0.12547874627330202
rising,lowLevel.spectral_flatness_db.mean,0.1233504502914684
rising,sfx.inharmonicity.stdev,0.12321050900715136
rising,lowLevel.barkbands_spread.stdev,0.12006811448858912
rising,lowLevel.spectral_energyband_low.stdev,0.11826992788382995
rising,lowLevel.spectral_flux.mean,0.1152788739654369
rising,lowLevel.barkbands.mean.10,0.10302462645006472
rising,lowLevel.scvalleys.stdev.4,0.10255057718904936
rising,lowLevel.zerocrossingrate.stdev,0.10030018186488121
rising,lowLevel.barkbands_skewness.stdev,0.09983440940487753
rising,lowLevel.barkbands.stdev.16,0.09980477166027413
rising,lowLevel.sccoeffs.stdev.5,0.09676975772580931
rising,lowLevel.mfcc.mean.9,0.09302571865842714
rising,lowLevel.pitch.stdev,0.087148179388532
rising,lowLevel.sccoeffs.stdev.4,0.08372907120531181
rising,lowLevel.mfcc.mean.2,0.07672573321451637
rising,sfx.tristimulus.mean.1,0.07288612514895476
rising,lowLevel.spectral_rolloff.stdev,0.06887267516401607
rising,lowLevel.barkbands.stdev.9,0.0675402108056602
rising,lowLevel.scvalleys.mean.0,0.059344546640318185
rising,lowLevel.barkbands.mean.0,0.05511326428828056
rising,lowLevel.scvalleys.mean.1,0.054122525228649465
rising,lowLevel.mfcc.mean.11,0.0532185775994094
rising,lowLevel.pitch_salience.stdev,0.04690927992857041
rising,lowLevel.barkbands.mean.4,0.04632761056797108
rising,lowLevel.barkbands.mean.2,0.04596560585861198
rising,lowLevel.dissonance.mean,0.045950009824998084
rising,lowLevel.barkbands.mean.19,0.04534270742556146
rising,lowLevel.barkbands.stdev.24,0.04110741495685488
rising,lowLevel.sccoeffs.stdev.0,0.03950507112034529
rising,lowLevel.barkbands.stdev.0,0.03947299805536806
rising,lowLevel.spectral_crest.stdev,0.03372769899397099
rising,lowLevel.mfcc.mean.3,0.033613445829601574
rising,sfx.inharmonicity.mean,0.030726516756658384
rising,lowLevel.barkbands_kurtosis.stdev,0.029658282114667145
rising,lowLevel.spectral_energy.stdev,0.028529264345706906
rising,lowLevel.mfcc.mean.5,0.02729364533004741
rising,lowLevel.barkbands_kurtosis.mean,0.027226634950140882
rising,lowLevel.barkbands.stdev.20,0.026482889731596515
rising,lowLevel.dissonance.stdev,0.025594855563440433
rising,lowLevel.barkbands.stdev.22,0.0242180238774381
rising,sfx.tristimulus.mean.0,0.018810471205796375
rising,lowLevel.barkbands.stdev.2,0.012218726694527504
rising,lowLevel.silence_rate_30dB.mean,0.01034126989543438
rising,lowLevel.silence_rate_30dB.stdev,0.0010788611834868789
rising,lowLevel.silence_rate_20dB.mean,0.0
rising,lowLevel.silence_rate_20dB.stdev,0.0
safe,lowLevel.hfc.mean,810.101150141083
safe,lowLevel.spectral_energyband_middle_high.mean,265.32293557410594
safe,lowLevel.spectral_energy.mean,181.28675483135157
safe,lowLevel.silence_rate_60dB.mean,175.50862920332293
safe,lowLevel.spectral_complexity.mean,153.58390196284745
safe,lowLevel.spectral_complexity.stdev,152.37228685169248
safe,lowLevel.hfc.stdev,35.81540576284169
safe,lowLevel.spectral_rms.mean,29.237222624215065
safe,lowLevel.spectral_flux.mean,17.692570529761724
safe,lowLevel.spectral_energy.stdev,15.768890871157055
safe,lowLevel.spectral_energyband_middle_low.mean,12.378372948354809
safe,lowLevel.spectral_energyband_middle_high.stdev,12.060676430832245
safe,lowLevel.barkbands.mean.14,11.692416949590552
safe,lowLevel.barkbands.mean.16,11.151779105086462
safe,lowLevel.mfcc.mean.0,11.080778243282111
safe,lowLevel.spectral_rms.stdev,10.644524126022588
safe,lowLevel.spectral_energyband_middle_low.stdev,9.819584005730576
safe,lowLevel.spectral_strongpeak.mean,8.808111320911848
safe,lowLevel.barkbands.mean.10,8.739678297628416
safe,lowLevel.barkbands.mean.25,7.666252965282183
safe,lowLevel.barkbands.mean.26,6.450171091637458
safe,lowLevel.barkbands.mean.15,5.376525044790469
safe,lowLevel.barkbands.mean.20,5.085790906887269
safe,lowLevel.spectral_energyband_high.mean,5.037510175272473
safe,lowLevel.mfcc.stdev.9,4.879666500259191
safe,lowLevel.barkbands.mean.19,4.843470494335634
safe,lowLevel.barkbands.mean.22,4.667219911556458
safe,lowLevel.barkbands.stdev.26,4.452758941275533
safe,lowLevel.barkbands.stdev.8,4.162566367522231
safe,lowLevel.barkbands.mean.11,4.125945835185121
safe,lowLevel.barkbands.stdev.12,4.071539580472745
safe,lowLevel.barkbands.stdev.6,3.7810778130224207
safe,lowLevel.mfcc.stdev.7,3.7231261426204583
safe,lowLevel.barkbands.mean.17,3.687901642289944
safe,lowLevel.barkbands.mean.24,3.5821592818101635
safe,lowLevel.spectral_decrease.mean,3.320664190367097
safe,lowLevel.mfcc.stdev.8,3.139774549170397
safe,lowLevel.barkbands.mean.6,3.008368294322281
safe,lowLevel.pitch_instantaneous_confidence.stdev,2.8470973148796475
safe,lowLevel.barkbands.mean.5,2.846950571562047
safe,lowLevel.barkbands.mean.9,2.6624794717208715
safe,sfx.tristimulus.stdev.1,2.5138253793411423
safe,lowLevel.mfcc.stdev.10,2.4552213436109014
safe,lowLevel.barkbands.mean.12,2.389133315955405
safe,lowLevel.spectral_kurtosis.stdev,2.3670234417077154
safe,lowLevel.barkbands.mean.7,2.290935533121228
safe,lowLevel.spectral_skewness.stdev,2.2634018369572004
safe,lowLevel.barkbands.mean.8,2.19561397509824
safe,lowLevel.scvalleys.mean.1,2.0969804436317645
safe,lowLevel.barkbands.stdev.11,1.9853875809494639
safe,lowLevel.scvalleys.stdev.3,1.966277697159967
safe,lowLevel.spectral_kurtosis.mean,1.6433133621540037
safe,lowLevel.spectral_flatness_db.stdev,1.5724443529397831
safe,lowLevel.scvalleys.mean.2,1.5110651231370866
safe,lowLevel.mfcc.mean.8,1.4722870367622818
safe,lowLevel.pitch.mean,1.4261289882124402
safe,lowLevel.barkbands.stdev.7,1.3091763409174746
safe,lowLevel.barkbands.mean.4,1.2905941114004236
safe,lowLevel.barkbands.stdev.18,1.2796013250481337
safe,lowLevel.barkbands.mean.18,1.229820908527472
safe,lowLevel.mfcc.stdev.6,1.2198606671590824
safe,sfx.tristimulus.stdev.0,1.1385771773493616
safe,lowLevel.mfcc.stdev.0,1.09784614360251
safe,lowLevel.pitch_salience.mean,1.0705022139736684
safe,lowLevel.barkbands.mean.13,1.0629187081212876
safe,lowLevel.sccoeffs.mean.2,1.0309807474259287
safe,lowLevel.mfcc.stdev.12,1.0219521531107603
safe,lowLevel.scvalleys.stdev.2,1.0119518271530978
safe,lowLevel.barkbands_skewness.mean,0.9546000882692169
safe,lowLevel.spectral_rolloff.mean,0.9301041479338892
safe,lowLevel.spectral_strongpeak.stdev,0.928681164237787
safe,lowLevel.mfcc.stdev.2,0.9278622455094592
safe,lowLevel.spectral_spread.mean,0.9226059501379495
safe,lowLevel.mfcc.stdev.5,0.9184274011786329
safe,lowLevel.silence_rate_60dB.stdev,0.9011770282086218
safe,lowLevel.mfcc.stdev.11,0.8861439822358079
safe,lowLevel.barkbands.stdev.5,0.8428255979524693
safe,lowLevel.spectral_skewness.mean,0.8247998035367345
safe,lowLevel.sccoeffs.stdev.2,0.7967624477023492
safe,lowLevel.scvalleys.mean.5,0.756330635456834
safe,lowLevel.sccoeffs.mean.5,0.7520897642098134
safe,lowLevel.scvalleys.stdev.1,0.732151510019321
safe,lowLevel.scvalleys.stdev.5,0.7261107125959825
safe,lowLevel.barkbands.stdev.13,0.6516142413893249
safe,lowLevel.spectral_crest.stdev,0.6262853192019975
safe,sfx.inharmonicity.stdev,0.6233828992699273
safe,lowLevel.spectral_centroid.mean,0.6216810821206309
safe,lowLevel.barkbands.stdev.17,0.6080325463844929
safe,lowLevel.barkbands.stdev.4,0.5884884979168419
safe,lowLevel.sccoeffs.mean.1,0.5856417893373873
safe,lowLevel.barkbands.stdev.14,0.5759538748388877
safe,lowLevel.pitch.stdev,0.5670150104851928
safe,lowLevel.scvalleys.stdev.4,0.5620957914215978
safe,lowLevel.barkbands_spread.stdev,0.5484515093266964
safe,lowLevel.mfcc.mean.3,0.5464541122491937
safe,lowLevel.mfcc.stdev.3,0.5322030488750897
safe,lowLevel.barkbands.stdev.0,0.5247683501220308
safe,lowLevel.barkbands.mean.23,0.5233439710573293
safe,sfx.oddtoevenharmonicenergyratio.stdev,0.521524624171434
safe,lowLevel.mfcc.stdev.4,0.5171663984947372
safe,lowLevel.barkbands.stdev.9,0.4945577973994659
safe,lowLevel.barkbands.stdev.3,0.4616514434746932
safe,sfx.tristimulus.stdev.2,0.4574884383910103
safe,lowLevel.sccoeffs.mean.3,0.44738316984148696
safe,lowLevel.spectral_flatness_db.mean,0.440723362902645
safe,lowLevel.barkbands_kurtosis.stdev,0.4360829212673707
safe,lowLevel.barkbands.mean.21,0.431330852326937
safe,lowLevel.pitch_salience.stdev,0.4261611411056947
safe,lowLevel.barkbands.stdev.25,0.42314025516679976
safe,lowLevel.scvalleys.mean.4,0.4169677657773718
safe,lowLevel.barkbands_skewness.stdev,0.4142266341805225
safe,lowLevel.sccoeffs.stdev.4,0.4017881426407257
safe,lowLevel.spectral_energyband_low.mean,0.3894050634553423
safe,lowLevel.mfcc.mean.12,0.3715719565952895
safe,sfx.tristimulus.mean.2,0.35645849026332144
safe,lowLevel.silence_rate_30dB.stdev,0.3512758399883751
safe,lowLevel.barkbands.mean.3,0.3425713417964289
safe,lowLevel.zerocrossingrate.mean,0.3411020180938067
safe,lowLevel.barkbands.stdev.10,0.3399795399600407
safe,lowLevel.sccoeffs.stdev.5,0.3376104804192437
safe,lowLevel.spectral_spread.stdev,0.3367047672654735
safe,lowLevel.mfcc.mean.6,0.3316644354199525
safe,lowLevel.pitch_instantaneous_confidence.mean,0.32552690763259307
safe,lowLevel.barkbands.mean.1,0.32324025344860274
safe,lowLevel.sccoeffs.stdev.1,0.31015363677579444
safe,lowLevel.spectral_centroid.stdev,0.308244069252396
safe,lowLevel.sccoeffs.stdev.3,0.307151822024025
safe,lowLevel.scvalleys.stdev.0,0.29990204246132635
safe,lowLevel.sccoeffs.mean.4,0.2977876907461905
safe,lowLevel.mfcc.mean.1,0.29083271880517714
safe,lowLevel.scvalleys.mean.3,0.2784480410628021
safe,lowLevel.barkbands.stdev.23,0.27305055696342606
safe,lowLevel.mfcc.mean.10,0.2633189297048375
safe,lowLevel.barkbands.stdev.16,0.25228994545614114
safe,lowLevel.barkbands.stdev.15,0.24839910655282438
safe,lowLevel.mfcc.mean.11,0.23869067220948637
safe,lowLevel.zerocrossingrate.stdev,0.2333936877985252
safe,sfx.oddtoevenharmonicenergyratio.mean,0.23284500055888202
safe,lowLevel.barkbands.stdev.21,0.223854371739435
safe,lowLevel.mfcc.mean.7,0.2234246241132496
safe,lowLevel.spectral_decrease.stdev,0.21519758983049542
safe,lowLevel.barkbands.stdev.1,0.21133547619683668
safe,lowLevel.barkbands.mean.0,0.20762041068519466
safe,lowLevel.barkbands.mean.2,0.20707791749737225
safe,lowLevel.mfcc.mean.9,0.19922821725776885
safe,lowLevel.barkbands_kurtosis.mean,0.18730909335135948
safe,lowLevel.dissonance.stdev,0.18272493804397527
safe,lowLevel.barkbands.stdev.20,0.17846646181715187
safe,lowLevel.barkbands.stdev.19,0.15921648929361254
safe,lowLevel.mfcc.stdev.1,0.15401778316299897
safe,lowLevel.dissonance.mean,0.14803318123449571
safe,lowLevel.spectral_rolloff.stdev,0.139734111216967
safe,sfx.tristimulus.mean.1,0.13770468642178457
safe,lowLevel.barkbands.stdev.24,0.1337605462758802
safe,lowLevel.barkbands.stdev.2,0.12527291543665342
safe,lowLevel.spectral_flux.stdev,0.12355097956606187
safe,lowLevel.barkbands.stdev.22,0.12328377534868196
safe,lowLevel.mfcc.mean.2,0.12201190182531718
safe,lowLevel.mfcc.mean.5,0.11688420762948226
safe,lowLevel.scvalleys.mean.0,0.11214707922772504
safe,lowLevel.sccoeffs.mean.0,0.11207063468464185
safe,lowLevel.spectral_energyband_high.stdev,0.10255420906469226
safe,lowLevel.mfcc.mean.4,0.08729246351867914
safe,sfx.tristimulus.mean.0,0.08586729287344497
safe,sfx.inharmonicity.mean,0.08547038353572134
safe,lowLevel.spectral_crest.mean,0.08179871158790775
safe,lowLevel.barkbands_spread.mean,0.08149720581423026
safe,lowLevel.sccoeffs.stdev.0,0.08124175583361648
safe,lowLevel.spectral_energyband_low.stdev,0.057107033469947055
safe,lowLevel.silence_rate_30dB.mean,0.036740326846484095
safe,lowLevel.silence_rate_20dB.stdev,0.00038821599446237087
safe,lowLevel.silence_rate_20dB.mean,0.0
serious,lowLevel.hfc.mean,105.61830612053018
serious,lowLevel.spectral_energyband_middle_high.mean,32.35030750298756
serious,lowLevel.hfc.stdev,12.53212465400793
serious,lowLevel.spectral_energy.mean,10.934454034846567
serious,lowLevel.barkbands.mean.18,10.304514605424629
serious,lowLevel.spectral_complexity.mean,9.36883890282843
serious,lowLevel.barkbands.mean.17,8.081959451672446
serious,lowLevel.spectral_complexity.stdev,5.279057442494377
serious,lowLevel.spectral_energyband_middle_low.stdev,4.242727158165508
serious,lowLevel.spectral_energyband_middle_high.stdev,3.8442426605943183
serious,lowLevel.spectral_strongpeak.stdev,3.7548035543368314
serious,lowLevel.spectral_energy.stdev,3.0609380974565283
serious,lowLevel.spectral_energyband_middle_low.mean,2.927147289774439
serious,lowLevel.pitch_instantaneous_confidence.stdev,2.7894531954589183
serious,lowLevel.spectral_strongpeak.mean,2.6877161545126
serious,lowLevel.barkbands.mean.16,2.3518410189390124
serious,lowLevel.spectral_rms.mean,2.2913237367993133
serious,lowLevel.barkbands.mean.15,2.2308004154838272
serious,lowLevel.barkbands.stdev.26,2.214071582926408
serious,lowLevel.sccoeffs.mean.5,2.1222425622399896
serious,lowLevel.sccoeffs.mean.3,1.9718291990393482
serious,lowLevel.barkbands.mean.26,1.6958706803416135
serious,lowLevel.spectral_rms.stdev,1.6458472227168386
serious,lowLevel.barkbands.stdev.25,1.4946144613204524
serious,lowLevel.barkbands.mean.22,1.3993595981883118
serious,lowLevel.barkbands.mean.13,1.3068591055634897
serious,lowLevel.barkbands.stdev.9,1.215605381581554
serious,lowLevel.sccoeffs.mean.2,1.136040381879866
serious,lowLevel.barkbands.stdev.10,1.1356469908532745
serious,lowLevel.barkbands.stdev.11,1.1342529088542506
serious,lowLevel.scvalleys.mean.5,1.1292043937864946
serious,lowLevel.sccoeffs.mean.4,1.0105572895845398
serious,lowLevel.mfcc.stdev.8,1.0067939204309369
serious,lowLevel.mfcc.stdev.7,0.9926598997808469
serious,lowLevel.spectral_spread.mean,0.9786388112188433
serious,lowLevel.spectral_flux.mean,0.9582090803523897
serious,lowLevel.barkbands.mean.11,0.9432901507752831
serious,lowLevel.barkbands.mean.20,0.8954492697739624
serious,lowLevel.scvalleys.mean.4,0.8868439632060472
serious,lowLevel.scvalleys.mean.3,0.7994914083828917
serious,lowLevel.spectral_energyband_high.mean,0.6971854825678747
serious,lowLevel.pitch.mean,0.6619120552277309
serious,lowLevel.mfcc.stdev.2,0.6452832374816353
serious,lowLevel.barkbands.stdev.8,0.616959825878439
serious,lowLevel.mfcc.mean.0,0.5826746198144974
serious,lowLevel.sccoeffs.stdev.2,0.5816267680420424
serious,lowLevel.barkbands.mean.14,0.5655711014987901
serious,lowLevel.barkbands.stdev.12,0.5643211068418168
serious,lowLevel.barkbands.mean.8,0.5587245727874688
serious,lowLevel.barkbands.mean.10,0.5573456651618471
serious,lowLevel.barkbands.mean.12,0.5547418412534171
serious,lowLevel.barkbands.mean.7,0.5409280893072719
serious,lowLevel.mfcc.stdev.10,0.540865943657991
serious,lowLevel.sccoeffs.stdev.1,0.5400451336972765
serious,lowLevel.scvalleys.stdev.3,0.5202114559506299
serious,lowLevel.scvalleys.stdev.4,0.4962570554780541
serious,lowLevel.spectral_decrease.mean,0.495138227892312
serious,lowLevel.barkbands.stdev.15,0.4683480164712819
serious,lowLevel.pitch_salience.mean,0.44973654577188427
serious,lowLevel.sccoeffs.stdev.3,0.44592605403158814
serious,lowLevel.spectral_skewness.stdev,0.4448827358428389
serious,lowLevel.barkbands_spread.stdev,0.4413387153726944
serious,lowLevel.silence_rate_60dB.mean,0.4348680208604492
serious,lowLevel.mfcc.stdev.0,0.4256311522622127
serious,lowLevel.barkbands.mean.5,0.4176664210463059
serious,lowLevel.mfcc.stdev.9,0.4089970209861349
serious,lowLevel.barkbands.stdev.4,0.3932485725163133
serious,sfx.inharmonicity.stdev,0.39272968530531216
serious,lowLevel.barkbands.mean.25,0.39272522289684275
serious,lowLevel.spectral_kurtosis.stdev,0.3828662507403351
serious,lowLevel.scvalleys.stdev.1,0.3497830949345371
serious,lowLevel.zerocrossingrate.mean,0.3436662754502322
serious,lowLevel.silence_rate_60dB.stdev,0.3297716564629809
serious,lowLevel.spectral_kurtosis.mean,0.30947945455409354
serious,lowLevel.barkbands.mean.21,0.3086842745251488
serious,lowLevel.barkbands.stdev.7,0.3082257206115173
serious,sfx.oddtoevenharmonicenergyratio.mean,0.3043302422956913
serious,sfx.tristimulus.stdev.1,0.30429927450677496
serious,lowLevel.barkbands.mean.4,0.3007596458119224
serious,lowLevel.scvalleys.stdev.5,0.3001690450582828
serious,lowLevel.barkbands.stdev.6,0.29196491539187264
serious,lowLevel.barkbands.stdev.18,0.28606641624719487
serious,lowLevel.mfcc.stdev.3,0.2838777842189302
serious,sfx.tristimulus.stdev.0,0.2812891150788346
serious,lowLevel.sccoeffs.mean.1,0.27191495523948106
serious,lowLevel.spectral_spread.stdev,0.27000063063314883
serious,sfx.oddtoevenharmonicenergyratio.stdev,0.26889879274676787
serious,lowLevel.mfcc.mean.3,0.26640899327685474
serious,lowLevel.barkbands.stdev.3,0.26378597496659495
serious,lowLevel.mfcc.stdev.11,0.24569495942705544
serious,sfx.tristimulus.stdev.2,0.24351431646209676
serious,lowLevel.barkbands.mean.24,0.24101910289027728
serious,lowLevel.barkbands.mean.3,0.24014174449257553
serious,lowLevel.spectral_rolloff.stdev,0.2365227561458596
serious,lowLevel.barkbands.mean.19,0.2279486036277376
serious,lowLevel.mfcc.mean.2,0.2278371012871503
serious,lowLevel.mfcc.stdev.5,0.2139319583402539
serious,lowLevel.barkbands.stdev.20,0.20833748579752864
serious,lowLevel.pitch.stdev,0.20592489516639034
serious,lowLevel.mfcc.stdev.6,0.20376727133407257
serious,lowLevel.spectral_decrease.stdev,0.20128316021873616
serious,lowLevel.dissonance.stdev,0.19941280438069953
serious,lowLevel.barkbands.stdev.22,0.19599454779017833
serious,lowLevel.barkbands.mean.9,0.19584084317466477
serious,lowLevel.barkbands.stdev.13,0.19428083230741322
serious,lowLevel.scvalleys.mean.0,0.18750672548776492
serious,lowLevel.spectral_energyband_high.stdev,0.1869374043890275
serious,lowLevel.scvalleys.mean.2,0.18607824757054914
serious,lowLevel.barkbands.stdev.23,0.18513691022599232
serious,lowLevel.spectral_flatness_db.mean,0.1799157060086145
serious,lowLevel.sccoeffs.mean.0,0.17928790106088854
serious,lowLevel.barkbands.stdev.5,0.17768285317288246
serious,sfx.inharmonicity.mean,0.17524805391440168
serious,lowLevel.mfcc.stdev.4,0.17092526195483515
serious,lowLevel.mfcc.mean.1,0.16673497610463528
serious,lowLevel.spectral_rolloff.mean,0.1663805326606962
serious,lowLevel.pitch_instantaneous_confidence.mean,0.16620675361264148
serious,lowLevel.spectral_flux.stdev,0.16600627180741867
serious,lowLevel.barkbands.mean.6,0.16460180539434077
serious,lowLevel.mfcc.mean.10,0.16400611783683416
serious,lowLevel.barkbands.stdev.0,0.16203697250603
serious,lowLevel.barkbands.stdev.17,0.16060638871203992
serious,lowLevel.mfcc.mean.9,0.1590013364329934
serious,lowLevel.mfcc.mean.7,0.15169979290658375
serious,lowLevel.mfcc.mean.4,0.15140428921222338
serious,lowLevel.zerocrossingrate.stdev,0.14962443218246335
serious,lowLevel.mfcc.mean.8,0.14847408093373815
serious,lowLevel.mfcc.mean.12,0.14692213008675026
serious,lowLevel.mfcc.mean.11,0.146153252095246
serious,lowLevel.mfcc.mean.5,0.14590647530349088
serious,lowLevel.scvalleys.stdev.2,0.14362650962357293
serious,lowLevel.sccoeffs.stdev.4,0.14061528445927252
serious,lowLevel.spectral_crest.stdev,0.13978502429381479
serious,lowLevel.dissonance.mean,0.13520381474882015
serious,lowLevel.scvalleys.mean.1,0.1331765527247626
serious,lowLevel.barkbands.mean.23,0.13125844852766022
serious,sfx.tristimulus.mean.1,0.1297378077688336
serious,lowLevel.spectral_skewness.mean,0.12955621680157492
serious,lowLevel.barkbands.stdev.16,0.12918724168412155
serious,lowLevel.mfcc.stdev.12,0.12171020995447179
serious,lowLevel.barkbands.stdev.14,0.11590934921696316
serious,lowLevel.mfcc.mean.6,0.11393879959359765
serious,lowLevel.barkbands_skewness.mean,0.11141448088164907
serious,lowLevel.barkbands.stdev.21,0.10720565496012568
serious,lowLevel.scvalleys.stdev.0,0.1033400683045329
serious,lowLevel.sccoeffs.stdev.5,0.10176500892339391
serious,lowLevel.barkbands_skewness.stdev,0.09241225381538243
serious,sfx.tristimulus.mean.2,0.09195551267475821
serious,lowLevel.mfcc.stdev.1,0.09159006076515652
serious,lowLevel.spectral_flatness_db.stdev,0.08928677996664192
serious,lowLevel.barkbands.stdev.19,0.08867062556237215
serious,lowLevel.spectral_centroid.mean,0.08281269731378416
serious,lowLevel.barkbands_spread.mean,0.08188851333397906
serious,lowLevel.barkbands_kurtosis.mean,0.07915538733504945
serious,lowLevel.pitch_salience.stdev,0.07838567681028508
serious,lowLevel.spectral_crest.mean,0.07645383069757372
serious,lowLevel.barkbands.stdev.24,0.07622150406314177
serious,sfx.tristimulus.mean.0,0.0750679584180034
serious,lowLevel.spectral_energyband_low.stdev,0.060871806235809345
serious,lowLevel.barkbands.mean.1,0.060086144680099096
serious,lowLevel.barkbands.mean.0,0.05874718764425779
serious,lowLevel.barkbands_kurtosis.stdev,0.057928298261685995
serious,lowLevel.sccoeffs.stdev.0,0.05236509889073204
serious,lowLevel.spectral_centroid.stdev,0.038857880237628706
serious,lowLevel.barkbands.stdev.1,0.034583755645144265
serious,lowLevel.spectral_energyband_low.mean,0.024944754906755406
serious,lowLevel.barkbands.stdev.2,0.02052692994766403
serious,lowLevel.barkbands.mean.2,0.016833704212331213
serious,lowLevel.silence_rate_30dB.mean,0.003557923948392272
serious,lowLevel.silence_rate_20dB.stdev,0.0
serious,lowLevel.silence_rate_30dB.stdev,0.0
serious,lowLevel.silence_rate_20dB.mean,0.0
sharp,lowLevel.hfc.mean,64.85235531027871
sharp,lowLevel.spectral_energyband_middle_high.mean,48.78341069167618
sharp,lowLevel.spectral_energy.mean,13.881783216614789
sharp,lowLevel.hfc.stdev,10.983491554102471
sharp,lowLevel.barkbands.mean.18,10.50177201145209
sharp,lowLevel.spectral_complexity.stdev,10.054793821589556
sharp,lowLevel.barkbands.mean.17,9.721809622777982
sharp,lowLevel.spectral_complexity.mean,9.061570252570846
sharp,lowLevel.mfcc.stdev.10,7.725259308874229
sharp,lowLevel.spectral_strongpeak.mean,7.38398050373763
sharp,lowLevel.spectral_energyband_middle_low.mean,7.011586259676605
sharp,lowLevel.spectral_energyband_middle_high.stdev,5.221730893943459
sharp,lowLevel.sccoeffs.mean.5,4.868440792424053
sharp,lowLevel.sccoeffs.mean.4,4.762720472359433
sharp,lowLevel.mfcc.stdev.12,4.612629116816436
sharp,lowLevel.barkbands.mean.22,4.590314989168235
sharp,lowLevel.spectral_rms.mean,3.847752700584465
sharp,lowLevel.mfcc.stdev.7,3.8001660204572545
sharp,lowLevel.spectral_energyband_high.mean,3.766683121798451
sharp,lowLevel.mfcc.stdev.9,3.5706604939484237
sharp,lowLevel.spectral_decrease.stdev,3.3522986018631684
sharp,lowLevel.barkbands.mean.12,3.2554327836178345
sharp,lowLevel.mfcc.stdev.8,3.1048945196171243
sharp,lowLevel.spectral_flux.mean,2.8489132834995914
sharp,lowLevel.barkbands.mean.14,2.80383821599321
sharp,lowLevel.barkbands.mean.16,2.7706396412443155
sharp,lowLevel.spectral_decrease.mean,2.7493186553983975
sharp,lowLevel.mfcc.stdev.11,2.710995056260799
sharp,lowLevel.barkbands.stdev.15,2.6499691550106945
sharp,lowLevel.sccoeffs.mean.3,2.6196260138605454
sharp,lowLevel.mfcc.stdev.0,2.4754271397146113
sharp,lowLevel.mfcc.mean.0,2.248419396550844
sharp,lowLevel.spectral_energyband_middle_low.stdev,2.0523905997466727
sharp,lowLevel.barkbands.mean.20,1.815621820164779
sharp,lowLevel.barkbands.stdev.26,1.7626103832046738
sharp,lowLevel.silence_rate_60dB.mean,1.715563840057257
sharp,lowLevel.spectral_rms.stdev,1.6486898270704842
sharp,lowLevel.barkbands.mean.7,1.5255174296848963
sharp,lowLevel.barkbands.mean.23,1.4555828356487837
sharp,lowLevel.barkbands.mean.13,1.36583923393664
sharp,sfx.tristimulus.stdev.1,1.3383328398945196
sharp,lowLevel.pitch_instantaneous_confidence.stdev,1.318030204518891
sharp,lowLevel.mfcc.stdev.5,1.3082888804751747
sharp,lowLevel.barkbands.stdev.11,1.2811814403690462
sharp,lowLevel.barkbands.mean.24,1.2528130516766396
sharp,lowLevel.barkbands.stdev.9,1.24814710299961
sharp,lowLevel.barkbands.stdev.14,1.1999836746745132
sharp,lowLevel.barkbands.mean.10,1.1413132024860317
sharp,lowLevel.scvalleys.stdev.4,1.1172820165738813
sharp,lowLevel.barkbands.mean.8,1.116587176022847
sharp,lowLevel.barkbands.mean.5,1.0893345102583964
sharp,lowLevel.scvalleys.mean.5,1.073299448524267
sharp,lowLevel.sccoeffs.mean.2,1.02211661026789
sharp,lowLevel.barkbands.mean.26,1.0168519901972104
sharp,lowLevel.barkbands.stdev.12,1.0018957503010921
sharp,lowLevel.sccoeffs.stdev.3,0.9680134429718521
sharp,lowLevel.mfcc.stdev.4,0.9609402921608421
sharp,lowLevel.barkbands.stdev.0,0.9452410426162032
sharp,lowLevel.barkbands.mean.15,0.8993616644338545
sharp,lowLevel.mfcc.stdev.6,0.8847129304076589
sharp,sfx.oddtoevenharmonicenergyratio.stdev,0.8703831744691982
sharp,lowLevel.barkbands.mean.4,0.8589696160524909
sharp,lowLevel.barkbands_kurtosis.stdev,0.841107001509954
sharp,lowLevel.scvalleys.mean.1,0.8184653028506546
sharp,lowLevel.barkbands.mean.21,0.8022842217038573
sharp,lowLevel.barkbands.mean.19,0.7944424097369165
sharp,lowLevel.barkbands.stdev.16,0.7889763857554044
sharp,lowLevel.mfcc.mean.3,0.7877434876158986
sharp,lowLevel.spectral_crest.stdev,0.710934909080521
sharp,lowLevel.barkbands.stdev.13,0.6998055231744047
sharp,lowLevel.spectral_energyband_low.mean,0.6939370760503323
sharp,lowLevel.barkbands.stdev.3,0.6864402011742641
sharp,lowLevel.barkbands.stdev.22,0.6798077725946712
sharp,lowLevel.silence_rate_60dB.stdev,0.6774433548664547
sharp,lowLevel.spectral_energy.stdev,0.6634172924300401
sharp,lowLevel.barkbands.stdev.25,0.648616801742719
sharp,lowLevel.sccoeffs.mean.1,0.6471848200875456
sharp,lowLevel.barkbands.stdev.23,0.6378900954027245
sharp,lowLevel.pitch_instantaneous_confidence.mean,0.5946780885880614
sharp,lowLevel.barkbands.mean.1,0.5942015015370998
sharp,lowLevel.barkbands.stdev.4,0.5790480495461452
sharp,lowLevel.scvalleys.mean.4,0.5764126874494195
sharp,lowLevel.spectral_energyband_high.stdev,0.5751117247682114
sharp,lowLevel.spectral_rolloff.stdev,0.5702168911672061
sharp,lowLevel.barkbands.stdev.10,0.5668347129710583
sharp,lowLevel.spectral_kurtosis.mean,0.5651805556408362
sharp,lowLevel.barkbands.stdev.17,0.5594958955121001
sharp,lowLevel.spectral_strongpeak.stdev,0.5422826407817354
sharp,lowLevel.barkbands.stdev.2,0.5384540553809529
sharp,lowLevel.scvalleys.stdev.0,0.5299747628115483
sharp,lowLevel.barkbands.mean.25,0.5269631642167951
sharp,lowLevel.dissonance.mean,0.5165215320830612
sharp,sfx.tristimulus.stdev.0,0.5154279258065912
sharp,lowLevel.barkbands.stdev.1,0.5124667485865757
sharp,lowLevel.barkbands.mean.11,0.4945600372611807
sharp,lowLevel.scvalleys.stdev.1,0.48385190368628006
sharp,lowLevel.barkbands.mean.6,0.47754441632650924
sharp,sfx.oddtoevenharmonicenergyratio.mean,0.45993676663903216
sharp,lowLevel.spectral_energyband_low.stdev,0.456012633330829
sharp,lowLevel.barkbands_spread.stdev,0.41780076924260867
sharp,lowLevel.barkbands.stdev.18,0.4111314298934303
sharp,lowLevel.pitch.mean,0.40923820908213315
sharp,lowLevel.scvalleys.stdev.2,0.4075293319200455
sharp,lowLevel.scvalleys.stdev.3,0.3818018818128621
sharp,lowLevel.barkbands.mean.9,0.3817562357355655
sharp,lowLevel.mfcc.mean.1,0.377534260212542
sharp,lowLevel.pitch.stdev,0.3754663941564935
sharp,lowLevel.sccoeffs.mean.0,0.37051363086857236
sharp,lowLevel.mfcc.stdev.2,0.3649395545768357
sharp,lowLevel.barkbands.stdev.8,0.3546267736601294
sharp,lowLevel.barkbands_skewness.stdev,0.3517761004991371
sharp,lowLevel.barkbands.stdev.5,0.33380760122781794
sharp,lowLevel.barkbands.mean.0,0.3332249516263346
sharp,lowLevel.spectral_skewness.mean,0.3259805111646301
sharp,sfx.tristimulus.mean.1,0.32086473764218226
sharp,lowLevel.spectral_centroid.stdev,0.315436523476194
sharp,lowLevel.barkbands.stdev.20,0.3135942351295853
sharp,lowLevel.barkbands.stdev.7,0.3134234377366738
sharp,lowLevel.mfcc.mean.4,0.3105284292623054
sharp,lowLevel.barkbands.stdev.24,0.30341120717002923
sharp,lowLevel.barkbands.mean.3,0.30231277457232864
sharp,lowLevel.zerocrossingrate.stdev,0.2930237548129071
sharp,lowLevel.sccoeffs.stdev.2,0.2888106523926126
sharp,lowLevel.spectral_flux.stdev,0.28815184577172204
sharp,lowLevel.mfcc.stdev.3,0.27971020655149914
sharp,lowLevel.spectral_flatness_db.stdev,0.27736398681690844
sharp,lowLevel.spectral_centroid.mean,0.2754598552137395
sharp,sfx.tristimulus.mean.0,0.26955597320784364
sharp,lowLevel.barkbands.stdev.6,0.26508045991067775
sharp,lowLevel.dissonance.stdev,0.24508583379861193
sharp,lowLevel.mfcc.mean.8,0.24343753859452022
sharp,lowLevel.barkbands.mean.2,0.23947796333118276
sharp,lowLevel.barkbands.stdev.21,0.2361385500985307
sharp,lowLevel.spectral_spread.mean,0.2349825241972212
sharp,lowLevel.barkbands_skewness.mean,0.23105779365116064
sharp,lowLevel.spectral_crest.mean,0.23061999795390875
sharp,lowLevel.scvalleys.mean.0,0.21968682648707727
sharp,lowLevel.scvalleys.mean.3,0.21602552933472907
sharp,lowLevel.mfcc.mean.12,0.21453296587029058
sharp,lowLevel.sccoeffs.stdev.5,0.2021838391849542
sharp,sfx.inharmonicity.mean,0.19651197032817436
sharp,lowLevel.spectral_flatness_db.mean,0.1953641588408601
sharp,lowLevel.zerocrossingrate.mean,0.19328595685237815
sharp,lowLevel.mfcc.stdev.1,0.19125234609964537
sharp,lowLevel.mfcc.mean.10,0.1863533134314821
sharp,lowLevel.mfcc.mean.9,0.18517657190386672
sharp,lowLevel.mfcc.mean.6,0.18373669784602775
sharp,lowLevel.scvalleys.stdev.5,0.17938540561317495
sharp,sfx.tristimulus.stdev.2,0.17765324785165149
sharp,lowLevel.scvalleys.mean.2,0.17682631177910935
sharp,lowLevel.barkbands.stdev.19,0.17593905042758706
sharp,sfx.tristimulus.mean.2,0.1722269077108649
sharp,lowLevel.pitch_salience.stdev,0.1710027939513572
sharp,lowLevel.mfcc.mean.5,0.16950588126792354
sharp,lowLevel.spectral_spread.stdev,0.1693906860982679
sharp,lowLevel.spectral_rolloff.mean,0.15650912015189533
sharp,lowLevel.sccoeffs.stdev.0,0.14827147644064098
sharp,lowLevel.pitch_salience.mean,0.14704275921582166
sharp,lowLevel.spectral_kurtosis.stdev,0.13557108809618512
sharp,sfx.inharmonicity.stdev,0.1170536843607865
sharp,lowLevel.mfcc.mean.2,0.11471572244045092
sharp,lowLevel.sccoeffs.stdev.4,0.11088666606519837
sharp,lowLevel.barkbands_kurtosis.mean,0.10891120655574493
sharp,lowLevel.barkbands_spread.mean,0.1069406073902428
sharp,lowLevel.sccoeffs.stdev.1,0.09910105898666188
sharp,lowLevel.mfcc.mean.11,0.0887097281295155
sharp,lowLevel.spectral_skewness.stdev,0.08272918846341781
sharp,lowLevel.mfcc.mean.7,0.07116694878521912
sharp,lowLevel.silence_rate_30dB.stdev,0.0
sharp,lowLevel.silence_rate_30dB.mean,0.0
sharp,lowLevel.silence_rate_20dB.stdev,0.0
sharp,lowLevel.silence_rate_20dB.mean,0.0
slow,lowLevel.spectral_energyband_middle_high.mean,186.42826781536132
slow,lowLevel.hfc.mean,153.589320637926
slow,lowLevel.spectral_energyband_middle_high.stdev,32.01703770698077
slow,lowLevel.barkbands.mean.18,10.888841666230292
slow,lowLevel.spectral_energyband_high.mean,6.20609364163829
slow,lowLevel.mfcc.stdev.10,4.972181495395489
slow,lowLevel.spectral_strongpeak.mean,4.666796817968134
slow,lowLevel.scvalleys.mean.5,4.127028823349974
slow,lowLevel.mfcc.stdev.12,4.118330754092312
slow,lowLevel.mfcc.stdev.9,3.675965260656085
slow,lowLevel.spectral_strongpeak.stdev,3.215274486668932
slow,lowLevel.barkbands.mean.11,2.9185272031463683
slow,lowLevel.spectral_complexity.mean,2.7136520851709065
slow,lowLevel.scvalleys.mean.4,2.520640321461542
slow,lowLevel.mfcc.stdev.8,2.5034171701408923
slow,lowLevel.mfcc.stdev.11,2.435696857057337
slow,lowLevel.spectral_energy.mean,2.0794160838995595
slow,lowLevel.mfcc.stdev.7,2.0532439370363136
slow,lowLevel.barkbands.mean.5,1.9619657169678248
slow,lowLevel.silence_rate_60dB.mean,1.9602571803479805
slow,lowLevel.barkbands.mean.4,1.637144491163781
slow,lowLevel.barkbands.stdev.11,1.4822992704503122
slow,lowLevel.barkbands.mean.17,1.4594842626102036
slow,lowLevel.barkbands.stdev.4,1.4120094781828811
slow,lowLevel.spectral_energyband_middle_low.mean,1.4039415202569216
slow,lowLevel.barkbands.stdev.3,1.2881301969027845
slow,lowLevel.spectral_rms.mean,1.2828527632518671
slow,lowLevel.barkbands.mean.23,1.1256808847247157
slow,lowLevel.barkbands.stdev.9,0.9337080918776337
slow,lowLevel.pitch_instantaneous_confidence.stdev,0.924700710864272
slow,lowLevel.barkbands.stdev.7,0.9025358902581502
slow,lowLevel.spectral_complexity.stdev,0.891232480891631
slow,lowLevel.mfcc.stdev.2,0.8632112069171853
slow,lowLevel.sccoeffs.mean.5,0.8389765521787922
slow,lowLevel.hfc.stdev,0.8199341531653772
slow,lowLevel.barkbands.mean.24,0.7962728996499209
slow,lowLevel.spectral_skewness.stdev,0.7819157677367912
slow,lowLevel.mfcc.mean.8,0.7269836050982121
slow,lowLevel.scvalleys.stdev.1,0.6732914443637128
slow,lowLevel.barkbands.stdev.10,0.6700152078119572
slow,lowLevel.barkbands.mean.21,0.6637438783945981
slow,lowLevel.barkbands.mean.3,0.6313785144739086
slow,lowLevel.spectral_kurtosis.stdev,0.6258131796348607
slow,lowLevel.scvalleys.stdev.4,0.6226789815918892
slow,sfx.tristimulus.mean.2,0.6043663473246852
slow,lowLevel.sccoeffs.mean.3,0.5875327846224536
slow,lowLevel.sccoeffs.mean.4,0.5855972301651491
slow,lowLevel.spectral_skewness.mean,0.5819768229848705
slow,lowLevel.sccoeffs.mean.2,0.5540362014289713
slow,lowLevel.mfcc.stdev.5,0.5417411133239511
slow,lowLevel.mfcc.stdev.6,0.5183113288439927
slow,lowLevel.scvalleys.stdev.2,0.5022823058243375
slow,lowLevel.spectral_spread.stdev,0.45773684772575507
slow,lowLevel.mfcc.stdev.0,0.44015945951105095
slow,lowLevel.barkbands.mean.26,0.4360284319118364
slow,sfx.tristimulus.stdev.1,0.4356362389808055
slow,lowLevel.spectral_decrease.mean,0.42002537701046094
slow,lowLevel.scvalleys.stdev.0,0.412009655017755
slow,lowLevel.barkbands.stdev.5,0.40970111172646284
slow,lowLevel.spectral_rms.stdev,0.409629321344255
slow,sfx.oddtoevenharmonicenergyratio.mean,0.4065027850738261
slow,lowLevel.scvalleys.stdev.3,0.404079989035381
slow,lowLevel.spectral_spread.mean,0.38276188175586867
slow,lowLevel.pitch_instantaneous_confidence.mean,0.3507609923253767
slow,lowLevel.sccoeffs.mean.1,0.35067948780488223
slow,lowLevel.barkbands.stdev.8,0.3481085049570538
slow,lowLevel.barkbands.mean.10,0.3417486134421779
slow,lowLevel.silence_rate_60dB.stdev,0.31824837870226474
slow,lowLevel.barkbands_spread.mean,0.31168318328855094
slow,lowLevel.barkbands.mean.15,0.3080931187214446
slow,lowLevel.scvalleys.stdev.5,0.3021309463074431
slow,lowLevel.barkbands.mean.13,0.30010612891055644
slow,lowLevel.barkbands.stdev.17,0.29172453939099796
slow,lowLevel.pitch.mean,0.28772617486538365
slow,lowLevel.spectral_energyband_middle_low.stdev,0.2870922436704859
slow,lowLevel.barkbands.mean.22,0.2866774505819194
slow,lowLevel.barkbands.mean.16,0.2810442356276326
slow,lowLevel.barkbands.stdev.2,0.26996564405271783
slow,lowLevel.spectral_energyband_low.stdev,0.25775372561474796
slow,lowLevel.barkbands.mean.19,0.2561858521075919
slow,lowLevel.barkbands.stdev.15,0.2508780921343714
slow,lowLevel.spectral_energyband_high.stdev,0.24581727627082728
slow,lowLevel.barkbands.mean.14,0.24557304251356982
slow,lowLevel.barkbands.stdev.24,0.24474876992462669
slow,lowLevel.spectral_rolloff.stdev,0.23502767847821815
slow,lowLevel.barkbands.mean.8,0.2329331054497743
slow,lowLevel.spectral_flux.mean,0.22879561608715449
slow,sfx.tristimulus.stdev.2,0.22582082300505135
slow,lowLevel.scvalleys.mean.3,0.2238369036349468
slow,lowLevel.barkbands_skewness.mean,0.22110528391203843
slow,lowLevel.mfcc.mean.3,0.21911218734749127
slow,lowLevel.barkbands.mean.20,0.2184084385226015
slow,lowLevel.barkbands.stdev.16,0.21564983614371158
slow,lowLevel.barkbands.mean.2,0.21222478585332283
slow,lowLevel.spectral_flux.stdev,0.21122899747570045
slow,lowLevel.mfcc.stdev.4,0.20782778583088657
slow,lowLevel.barkbands.mean.25,0.2068785985757131
slow,lowLevel.barkbands.mean.7,0.20307266964300652
slow,sfx.tristimulus.mean.1,0.18945073582290206
slow,sfx.oddtoevenharmonicenergyratio.stdev,0.18843132894835435
slow,lowLevel.barkbands_spread.stdev,0.18767542353452882
slow,lowLevel.spectral_centroid.stdev,0.18758893226186046
slow,lowLevel.barkbands.stdev.1,0.18354254391306313
slow,lowLevel.scvalleys.mean.2,0.18192925947369076
slow,lowLevel.barkbands.stdev.26,0.1763284798944369
slow,lowLevel.sccoeffs.stdev.2,0.17440998734673485
slow,lowLevel.scvalleys.mean.1,0.1727902160564554
slow,lowLevel.spectral_energy.stdev,0.16486755514051765
slow,lowLevel.barkbands_kurtosis.stdev,0.1632325741375098
slow,lowLevel.mfcc.mean.6,0.16256787383463234
slow,lowLevel.zerocrossingrate.stdev,0.1609904982324224
slow,lowLevel.sccoeffs.stdev.3,0.1524591478955699
slow,lowLevel.barkbands.mean.6,0.15136312764661852
slow,lowLevel.spectral_kurtosis.mean,0.14903055745526217
slow,lowLevel.mfcc.mean.5,0.1483182798983762
slow,lowLevel.barkbands.stdev.6,0.1403399726114003
slow,lowLevel.barkbands.stdev.25,0.1400737467192812
slow,lowLevel.sccoeffs.stdev.1,0.13853618342545815
slow,lowLevel.mfcc.stdev.3,0.12819097004830837
slow,lowLevel.mfcc.mean.7,0.12804039003094658
slow,lowLevel.spectral_energyband_low.mean,0.12508952985081123
slow,sfx.tristimulus.mean.0,0.12364116037497297
slow,lowLevel.barkbands.stdev.22,0.12300802748359274
slow,lowLevel.mfcc.mean.4,0.12025388632901013
slow,lowLevel.spectral_crest.stdev,0.12006590627424885
slow,lowLevel.spectral_flatness_db.stdev,0.11622030784928938
slow,lowLevel.mfcc.mean.0,0.11603410584211815
slow,sfx.inharmonicity.mean,0.1118183413927909
slow,lowLevel.mfcc.mean.11,0.10844796568562742
slow,lowLevel.barkbands.stdev.0,0.1070149299048353
slow,lowLevel.dissonance.mean,0.10296972868673038
slow,lowLevel.zerocrossingrate.mean,0.10093065915862098
slow,lowLevel.pitch.stdev,0.10088462199928472
slow,lowLevel.mfcc.mean.9,0.10082885486190207
slow,lowLevel.barkbands.stdev.23,0.09890806407202035
slow,lowLevel.barkbands.mean.0,0.09708743170631351
slow,lowLevel.scvalleys.mean.0,0.09383367435657419
slow,lowLevel.mfcc.mean.10,0.09241698163532419
slow,lowLevel.barkbands.stdev.21,0.090864928701194
slow,sfx.tristimulus.stdev.0,0.09057171572931111
slow,lowLevel.barkbands_skewness.stdev,0.08780972198292147
slow,lowLevel.sccoeffs.stdev.5,0.08780649417894892
slow,lowLevel.barkbands.mean.1,0.08674632439215202
slow,lowLevel.barkbands_kurtosis.mean,0.08674614897972788
slow,sfx.inharmonicity.stdev,0.08608519053814234
slow,lowLevel.dissonance.stdev,0.08467646921053529
slow,lowLevel.spectral_flatness_db.mean,0.0842896655522054
slow,lowLevel.pitch_salience.mean,0.0769558104875614
slow,lowLevel.sccoeffs.stdev.4,0.0760476025607204
slow,lowLevel.sccoeffs.mean.0,0.07427962018118706
slow,lowLevel.barkbands.stdev.19,0.06916898860072251
slow,lowLevel.mfcc.mean.1,0.06759212519682478
slow,lowLevel.pitch_salience.stdev,0.06465907972597051
slow,lowLevel.mfcc.mean.12,0.05999668389267754
slow,lowLevel.spectral_decrease.stdev,0.05828551838931162
slow,lowLevel.spectral_centroid.mean,0.057565296767279506
slow,lowLevel.barkbands.mean.9,0.056183055392466486
slow,lowLevel.mfcc.mean.2,0.05169168708380312
slow,lowLevel.barkbands.stdev.18,0.049250081385253
slow,lowLevel.barkbands.stdev.14,0.043979495538224
slow,lowLevel.mfcc.stdev.1,0.04251156406098744
slow,lowLevel.spectral_crest.mean,0.03850801184307784
slow,lowLevel.spectral_rolloff.mean,0.033206022053491324
slow,lowLevel.barkbands.mean.12,0.0320970697212033
slow,lowLevel.sccoeffs.stdev.0,0.03208233638724778
slow,lowLevel.barkbands.stdev.20,0.031472655820834916
slow,lowLevel.barkbands.stdev.12,0.029291185659531038
slow,lowLevel.barkbands.stdev.13,0.013573955133324489
slow,lowLevel.silence_rate_30dB.mean,0.0007614499772898853
slow,lowLevel.silence_rate_20dB.mean,0.0
slow,lowLevel.silence_rate_30dB.stdev,0.0
slow,lowLevel.silence_rate_20dB.stdev,0.0
smooth,lowLevel.hfc.mean,265.89070386324966
smooth,lowLevel.hfc.stdev,87.46791121876595
smooth,lowLevel.spectral_energy.mean,43.196602804469876
smooth,lowLevel.spectral_energy.stdev,24.754949727328494
smooth,lowLevel.spectral_complexity.mean,11.12794734250383
smooth,lowLevel.spectral_energyband_middle_low.stdev,8.201223809301155
smooth,lowLevel.spectral_energyband_middle_low.mean,7.445843538560439
smooth,lowLevel.spectral_complexity.stdev,7.096360475581605
smooth,lowLevel.barkbands.stdev.25,5.432856421037286
smooth,lowLevel.spectral_energyband_middle_high.stdev,5.312577707998571
smooth,lowLevel.spectral_energyband_middle_high.mean,4.349510039901361
smooth,lowLevel.barkbands.mean.18,4.301837554106896
smooth,lowLevel.spectral_strongpeak.stdev,4.000545427843463
smooth,lowLevel.barkbands.stdev.26,3.7814646163606085
smooth,lowLevel.spectral_energyband_high.mean,2.8431569626409328
smooth,lowLevel.barkbands.mean.26,2.6651985154894646
smooth,lowLevel.spectral_rms.stdev,2.4811895547172753
smooth,lowLevel.scvalleys.stdev.4,2.4722964305401547
smooth,lowLevel.sccoeffs.stdev.2,2.423415847326396
smooth,lowLevel.mfcc.stdev.0,2.399079458671622
smooth,lowLevel.pitch_instantaneous_confidence.stdev,2.378867142411764
smooth,lowLevel.spectral_skewness.stdev,1.9204386972123757
smooth,lowLevel.sccoeffs.mean.2,1.8094266381376656
smooth,lowLevel.barkbands.mean.11,1.7829516870551743
smooth,lowLevel.spectral_kurtosis.stdev,1.7510600081877783
smooth,lowLevel.mfcc.stdev.2,1.7061371083909762
smooth,lowLevel.barkbands.stdev.12,1.639242568606278
smooth,lowLevel.spectral_spread.mean,1.6129128712491365
smooth,lowLevel.spectral_strongpeak.mean,1.5790063039021334
smooth,lowLevel.barkbands.mean.17,1.5538816327316454
smooth,lowLevel.mfcc.stdev.9,1.5523271933670912
smooth,lowLevel.zerocrossingrate.stdev,1.460485482122749
smooth,lowLevel.scvalleys.stdev.2,1.4450641763978638
smooth,lowLevel.mfcc.stdev.8,1.4432578464620747
smooth,lowLevel.sccoeffs.mean.4,1.2767161876690807
smooth,lowLevel.silence_rate_60dB.mean,1.1958023048355244
smooth,lowLevel.sccoeffs.mean.3,1.0696778563906264
smooth,lowLevel.barkbands.mean.20,1.0682791850704234
smooth,lowLevel.scvalleys.stdev.3,1.053941206075251
smooth,lowLevel.barkbands.stdev.9,1.0349635594320716
smooth,lowLevel.spectral_kurtosis.mean,1.0243208284518914
smooth,lowLevel.barkbands.stdev.11,1.0164634807151742
smooth,lowLevel.barkbands.stdev.10,0.9111587591469288
smooth,lowLevel.barkbands.mean.5,0.8356975816132035
smooth,lowLevel.sccoeffs.mean.5,0.8200236973498249
smooth,lowLevel.mfcc.stdev.10,0.8045363092387561
smooth,lowLevel.barkbands.stdev.5,0.715235929004848
smooth,lowLevel.spectral_centroid.mean,0.7150990508380346
smooth,lowLevel.barkbands.mean.4,0.7099220828677062
smooth,lowLevel.barkbands.mean.25,0.6987670089292806
smooth,lowLevel.mfcc.stdev.11,0.6979120897121902
smooth,lowLevel.barkbands.stdev.7,0.6540464966674335
smooth,lowLevel.scvalleys.stdev.5,0.6110375431671855
smooth,lowLevel.barkbands_spread.stdev,0.5495992865762673
smooth,lowLevel.mfcc.mean.3,0.5478796509778476
smooth,lowLevel.mfcc.stdev.7,0.5359654313397186
smooth,lowLevel.spectral_skewness.mean,0.5064574902644381
smooth,lowLevel.barkbands.stdev.4,0.4864873122132849
smooth,lowLevel.spectral_decrease.mean,0.4785394800856011
smooth,lowLevel.spectral_flux.mean,0.47415614168858156
smooth,lowLevel.spectral_energyband_high.stdev,0.4732284583587898
smooth,lowLevel.scvalleys.mean.4,0.4702983068127651
smooth,lowLevel.pitch_instantaneous_confidence.mean,0.4589679786149645
smooth,lowLevel.spectral_rolloff.stdev,0.4448305312253069
smooth,lowLevel.scvalleys.stdev.1,0.4417458846228328
smooth,sfx.tristimulus.stdev.0,0.4231687953288201
smooth,lowLevel.pitch.mean,0.40932856197468936
smooth,lowLevel.spectral_rms.mean,0.4023884628768428
smooth,lowLevel.barkbands.mean.9,0.38561309253782383
smooth,lowLevel.barkbands.stdev.24,0.3751482683583163
smooth,lowLevel.mfcc.stdev.12,0.36768156481412007
smooth,lowLevel.mfcc.mean.11,0.34953778322960716
smooth,lowLevel.scvalleys.mean.5,0.342269856519124
smooth,lowLevel.barkbands.stdev.21,0.3401662710821256
smooth,lowLevel.mfcc.mean.7,0.3327773432029062
smooth,lowLevel.pitch_salience.stdev,0.3289100335750845
smooth,lowLevel.sccoeffs.stdev.3,0.32193395658396184
smooth,lowLevel.barkbands.mean.19,0.3160483845276758
smooth,sfx.tristimulus.stdev.1,0.3064742063143058
smooth,lowLevel.scvalleys.stdev.0,0.2956170269026188
smooth,lowLevel.dissonance.mean,0.2847530223953072
smooth,lowLevel.barkbands.mean.10,0.27573563577607274
smooth,lowLevel.silence_rate_60dB.stdev,0.2672266037989175
smooth,lowLevel.barkbands.mean.8,0.2517793846927816
smooth,sfx.oddtoevenharmonicenergyratio.stdev,0.24996308803383727
smooth,lowLevel.barkbands.mean.12,0.24334751445348957
smooth,lowLevel.mfcc.mean.8,0.23975024336687056
smooth,lowLevel.barkbands.stdev.3,0.23911488725570962
smooth,lowLevel.barkbands.mean.6,0.23631780974392314
smooth,lowLevel.barkbands_skewness.mean,0.23229655744580668
smooth,lowLevel.mfcc.mean.0,0.22783678366977256
smooth,lowLevel.barkbands.stdev.13,0.21965705486945808
smooth,lowLevel.spectral_crest.stdev,0.21285931117017753
smooth,lowLevel.mfcc.mean.9,0.20128920633578673
smooth,lowLevel.mfcc.mean.12,0.1951210700062802
smooth,lowLevel.barkbands.mean.3,0.1846675944107119
smooth,lowLevel.barkbands.mean.24,0.1820907284709392
smooth,sfx.tristimulus.mean.1,0.175772962415067
smooth,lowLevel.barkbands.mean.0,0.1755568457483605
smooth,lowLevel.mfcc.mean.10,0.17488488844537642
smooth,lowLevel.mfcc.stdev.6,0.17265074481838383
smooth,lowLevel.scvalleys.mean.2,0.16345592244761065
smooth,lowLevel.barkbands_skewness.stdev,0.14848964556585997
smooth,lowLevel.sccoeffs.stdev.5,0.14635225204983726
smooth,lowLevel.barkbands.stdev.8,0.14305198064539582
smooth,lowLevel.barkbands.mean.16,0.1425542966235298
smooth,lowLevel.barkbands.stdev.6,0.1359701298060827
smooth,lowLevel.scvalleys.mean.0,0.13129621508414857
smooth,lowLevel.barkbands.stdev.0,0.131017443312885
smooth,lowLevel.spectral_decrease.stdev,0.1299568896938581
smooth,lowLevel.barkbands.mean.7,0.1191899684490636
smooth,lowLevel.mfcc.stdev.5,0.11787887557875365
smooth,lowLevel.barkbands.stdev.23,0.11707631133322138
smooth,lowLevel.scvalleys.mean.1,0.11346841996419244
smooth,lowLevel.mfcc.mean.4,0.10737007130228449
smooth,lowLevel.spectral_flux.stdev,0.10682348610134795
smooth,lowLevel.barkbands.stdev.16,0.1050290327402763
smooth,lowLevel.barkbands.stdev.15,0.10268060097587295
smooth,lowLevel.barkbands.mean.1,0.10237487527774647
smooth,lowLevel.spectral_centroid.stdev,0.099413332703989
smooth,lowLevel.barkbands.mean.15,0.0946296369979791
smooth,sfx.tristimulus.mean.0,0.09274253284092993
smooth,lowLevel.mfcc.stdev.1,0.090554497543053
smooth,lowLevel.barkbands.mean.13,0.08822243553004228
smooth,lowLevel.mfcc.stdev.3,0.08541140013403492
smooth,lowLevel.sccoeffs.stdev.1,0.08528387152182404
smooth,lowLevel.scvalleys.mean.3,0.0840242859267164
smooth,lowLevel.barkbands.mean.22,0.07402595496387221
smooth,lowLevel.pitch_salience.mean,0.07279957787613967
smooth,lowLevel.pitch.stdev,0.07239207916427404
smooth,lowLevel.mfcc.mean.2,0.07043794391938718
smooth,lowLevel.mfcc.mean.1,0.06724399054655805
smooth,lowLevel.sccoeffs.mean.1,0.06588245031889528
smooth,lowLevel.barkbands.stdev.22,0.06536883381340886
smooth,lowLevel.barkbands.stdev.1,0.06345670158043504
smooth,lowLevel.spectral_spread.stdev,0.06299124562065117
smooth,sfx.tristimulus.stdev.2,0.06177675267099403
smooth,lowLevel.barkbands_kurtosis.stdev,0.059075050172396004
smooth,lowLevel.barkbands.stdev.14,0.05622819985728711
smooth,lowLevel.zerocrossingrate.mean,0.05589607339061331
smooth,sfx.oddtoevenharmonicenergyratio.mean,0.0555438863375457
smooth,lowLevel.barkbands_kurtosis.mean,0.053716265538241714
smooth,lowLevel.mfcc.mean.5,0.051352573017538816
smooth,lowLevel.mfcc.mean.6,0.05014438935177168
smooth,lowLevel.spectral_flatness_db.stdev,0.04891498188953847
smooth,lowLevel.sccoeffs.stdev.4,0.047957699236576445
smooth,sfx.inharmonicity.stdev,0.047495452759903856
smooth,sfx.inharmonicity.mean,0.044986224340391345
smooth,lowLevel.sccoeffs.mean.0,0.04484694421989843
smooth,lowLevel.barkbands.stdev.17,0.04361424357193755
smooth,lowLevel.mfcc.stdev.4,0.042274221232219134
smooth,lowLevel.barkbands.mean.2,0.036459181108511984
smooth,lowLevel.spectral_energyband_low.mean,0.03621292368916329
smooth,lowLevel.barkbands.stdev.18,0.03603396608377807
smooth,lowLevel.spectral_flatness_db.mean,0.03358162989025004
smooth,lowLevel.barkbands.mean.21,0.032291527328197844
smooth,lowLevel.barkbands.mean.23,0.028279974241741
smooth,lowLevel.barkbands.stdev.2,0.028039372577040922
smooth,lowLevel.dissonance.stdev,0.027958591759670526
smooth,lowLevel.spectral_rolloff.mean,0.02757318166550249
smooth,lowLevel.barkbands.mean.14,0.027373104479920585
smooth,lowLevel.barkbands_spread.mean,0.02339502691756934
smooth,lowLevel.spectral_crest.mean,0.023294197424547747
smooth,lowLevel.spectral_energyband_low.stdev,0.018867450824473053
smooth,sfx.tristimulus.mean.2,0.01657120896197739
smooth,lowLevel.barkbands.stdev.20,0.015068107983097434
smooth,lowLevel.sccoeffs.stdev.0,0.014739886479219422
smooth,lowLevel.barkbands.stdev.19,0.010644848924130201
smooth,lowLevel.silence_rate_30dB.mean,0.000637007993645966
smooth,lowLevel.silence_rate_20dB.stdev,0.0
smooth,lowLevel.silence_rate_30dB.stdev,0.0
smooth,lowLevel.silence_rate_20dB.mean,0.0
soft,lowLevel.hfc.mean,1158.3525779595366
soft,lowLevel.spectral_energyband_middle_high.mean,133.89418428670615
soft,lowLevel.spectral_complexity.stdev,33.265603492734954
soft,lowLevel.spectral_energy.mean,31.09335936885327
soft,lowLevel.hfc.stdev,20.4733168061357
soft,lowLevel.barkbands.stdev.8,10.467917212983593
soft,lowLevel.spectral_complexity.mean,8.538545786519535
soft,lowLevel.spectral_energyband_middle_low.mean,6.106607164954767
soft,lowLevel.spectral_energyband_middle_low.stdev,5.876533002592623
soft,lowLevel.barkbands.stdev.11,5.0648541687987745
soft,lowLevel.spectral_strongpeak.mean,4.825749276438728
soft,lowLevel.barkbands.stdev.6,3.635668817907572
soft,lowLevel.silence_rate_60dB.mean,3.537530646659434
soft,lowLevel.barkbands.stdev.12,3.2512713773176074
soft,lowLevel.barkbands.mean.12,2.692260809475556
soft,lowLevel.barkbands.mean.17,2.5327944927848876
soft,lowLevel.spectral_rms.mean,2.236877605319023
soft,lowLevel.barkbands.stdev.7,2.139962167479098
soft,lowLevel.mfcc.mean.0,1.9555927005130798
soft,lowLevel.mfcc.stdev.8,1.9191805897280574
soft,lowLevel.barkbands.mean.24,1.9071298358030617
soft,lowLevel.barkbands.mean.11,1.8561957320198417
soft,lowLevel.mfcc.stdev.10,1.7735081049613655
soft,lowLevel.spectral_energyband_middle_high.stdev,1.5881606373004615
soft,lowLevel.barkbands.stdev.26,1.4685078612528741
soft,lowLevel.spectral_skewness.stdev,1.2955703597981483
soft,lowLevel.mfcc.stdev.9,1.2461216249503195
soft,lowLevel.barkbands.stdev.9,1.224149291869253
soft,lowLevel.pitch_instantaneous_confidence.stdev,0.9879952853079885
soft,lowLevel.barkbands.mean.4,0.946269930107519
soft,lowLevel.sccoeffs.mean.2,0.9458890329115093
soft,lowLevel.pitch.mean,0.9357162949163467
soft,lowLevel.barkbands.mean.8,0.9055808847770095
soft,lowLevel.scvalleys.stdev.3,0.8803317840211093
soft,lowLevel.barkbands.mean.25,0.8790608553681523
soft,sfx.tristimulus.stdev.2,0.8758988776244223
soft,lowLevel.mfcc.stdev.11,0.8216255174484104
soft,lowLevel.sccoeffs.stdev.2,0.7977496960666031
soft,sfx.tristimulus.stdev.0,0.7588817363139242
soft,lowLevel.barkbands.mean.26,0.7268322315067053
soft,sfx.tristimulus.stdev.1,0.7023937606718391
soft,lowLevel.barkbands.mean.6,0.6973207155242562
soft,lowLevel.sccoeffs.mean.3,0.696733684046194
soft,lowLevel.barkbands.stdev.10,0.675005734199658
soft,lowLevel.barkbands.mean.7,0.648214514600113
soft,lowLevel.barkbands.stdev.16,0.642222571419552
soft,lowLevel.barkbands.mean.20,0.6316572208888829
soft,lowLevel.pitch.stdev,0.6253927473444492
soft,lowLevel.sccoeffs.mean.1,0.609966742573306
soft,lowLevel.sccoeffs.mean.4,0.6067166859284043
soft,lowLevel.spectral_spread.mean,0.6060309938620776
soft,lowLevel.barkbands.stdev.25,0.6035606167279184
soft,lowLevel.mfcc.stdev.2,0.5904069237876683
soft,lowLevel.barkbands.mean.15,0.5750414908397943
soft,lowLevel.spectral_kurtosis.mean,0.5674887970089912
soft,lowLevel.barkbands.mean.9,0.545881581492722
soft,lowLevel.scvalleys.mean.5,0.534647956257686
soft,sfx.tristimulus.mean.2,0.5316617921926081
soft,lowLevel.mfcc.mean.8,0.4964152192696929
soft,lowLevel.spectral_strongpeak.stdev,0.43950610992033035
soft,lowLevel.barkbands.stdev.3,0.4365606944775209
soft,lowLevel.barkbands.mean.16,0.4353024822194129
soft,lowLevel.mfcc.stdev.6,0.43472240190021694
soft,lowLevel.scvalleys.stdev.1,0.4333890217822045
soft,lowLevel.spectral_kurtosis.stdev,0.40134357509668916
soft,lowLevel.barkbands.stdev.21,0.3750675180926919
soft,lowLevel.spectral_energyband_high.mean,0.36974339559674263
soft,lowLevel.barkbands.stdev.5,0.36551625933498144
soft,lowLevel.barkbands.mean.5,0.3374114711768925
soft,lowLevel.barkbands.mean.13,0.33618060080334544
soft,lowLevel.barkbands_spread.mean,0.32650676905177534
soft,lowLevel.mfcc.stdev.12,0.3194163106381893
soft,lowLevel.scvalleys.mean.3,0.3172313724644482
soft,lowLevel.mfcc.stdev.7,0.31588079454377294
soft,lowLevel.barkbands.stdev.14,0.312312577618286
soft,lowLevel.silence_rate_60dB.stdev,0.30782869504764676
soft,lowLevel.scvalleys.stdev.2,0.3071438476908952
soft,lowLevel.mfcc.stdev.0,0.30650091101415455
soft,lowLevel.spectral_skewness.mean,0.3023631679825485
soft,lowLevel.scvalleys.stdev.4,0.29934180807322264
soft,lowLevel.spectral_rms.stdev,0.2769955029943958
soft,lowLevel.spectral_crest.stdev,0.274282363941893
soft,lowLevel.barkbands_skewness.mean,0.27423033909872174
soft,lowLevel.scvalleys.stdev.5,0.27102108439430594
soft,lowLevel.spectral_decrease.stdev,0.2709372825920582
soft,lowLevel.barkbands.stdev.18,0.2610052137169987
soft,lowLevel.barkbands.stdev.4,0.25388095946982503
soft,lowLevel.spectral_centroid.stdev,0.2538566002622247
soft,lowLevel.spectral_flatness_db.stdev,0.2494322913698852
soft,lowLevel.barkbands.stdev.17,0.2490666505182162
soft,lowLevel.zerocrossingrate.mean,0.24849733943119645
soft,lowLevel.barkbands.mean.18,0.23057424882426858
soft,lowLevel.barkbands.mean.19,0.2297413784544915
soft,lowLevel.mfcc.mean.10,0.22755283303558826
soft,lowLevel.mfcc.mean.12,0.22249711165204644
soft,sfx.inharmonicity.mean,0.2166020506992936
soft,lowLevel.barkbands_skewness.stdev,0.2087519394699484
soft,lowLevel.sccoeffs.stdev.1,0.20559144904837012
soft,sfx.oddtoevenharmonicenergyratio.stdev,0.19175588246434927
soft,lowLevel.mfcc.mean.3,0.18903420655988157
soft,lowLevel.barkbands.mean.14,0.18895004549995065
soft,lowLevel.barkbands.mean.10,0.18802337814122438
soft,lowLevel.sccoeffs.stdev.3,0.18640988017432392
soft,lowLevel.barkbands.mean.21,0.1850878968834877
soft,lowLevel.spectral_flux.mean,0.1848732684738934
soft,lowLevel.spectral_centroid.mean,0.1829183876980096
soft,lowLevel.scvalleys.mean.1,0.16458159149624407
soft,lowLevel.scvalleys.mean.4,0.1632214393466711
soft,lowLevel.sccoeffs.mean.0,0.1560810583177954
soft,lowLevel.barkbands.stdev.24,0.15372193953953683
soft,lowLevel.barkbands_spread.stdev,0.14851684938184917
soft,lowLevel.barkbands.stdev.2,0.14448949205689132
soft,lowLevel.spectral_energy.stdev,0.14161702804267406
soft,lowLevel.mfcc.mean.11,0.1377986592706293
soft,lowLevel.scvalleys.mean.2,0.1360294404439628
soft,lowLevel.pitch_instantaneous_confidence.mean,0.13403566950000823
soft,lowLevel.sccoeffs.mean.5,0.13351102056913078
soft,lowLevel.mfcc.stdev.4,0.13110511237755418
soft,lowLevel.barkbands_kurtosis.stdev,0.12720999866724014
soft,lowLevel.barkbands.stdev.23,0.12615264835767448
soft,lowLevel.spectral_rolloff.stdev,0.12381483125500381
soft,lowLevel.barkbands.stdev.13,0.12302153278142214
soft,lowLevel.mfcc.mean.6,0.11737000057473779
soft,lowLevel.mfcc.stdev.5,0.11275836080312729
soft,lowLevel.scvalleys.mean.0,0.11207017838023603
soft,lowLevel.barkbands.stdev.0,0.11020978912711143
soft,sfx.tristimulus.mean.1,0.10786754195578396
soft,lowLevel.barkbands.mean.1,0.1077432211022824
soft,lowLevel.pitch_salience.mean,0.10511535219848156
soft,lowLevel.barkbands.mean.22,0.1049528403673321
soft,lowLevel.spectral_spread.stdev,0.1049075888004154
soft,lowLevel.barkbands.stdev.20,0.10311818961054087
soft,lowLevel.sccoeffs.stdev.5,0.10210794932208955
soft,lowLevel.scvalleys.stdev.0,0.09567351150326431
soft,lowLevel.spectral_flux.stdev,0.09277241979725659
soft,lowLevel.mfcc.mean.4,0.09117433009669185
soft,lowLevel.barkbands.mean.23,0.08768433099612594
soft,lowLevel.mfcc.stdev.3,0.08608273905701935
soft,lowLevel.mfcc.mean.7,0.08551257010549307
soft,lowLevel.spectral_energyband_high.stdev,0.07766265096142888
soft,lowLevel.mfcc.mean.5,0.07714329089503735
soft,lowLevel.mfcc.mean.9,0.07686817087233067
soft,lowLevel.barkbands.mean.3,0.07401558104902506
soft,sfx.tristimulus.mean.0,0.07181367836892605
soft,lowLevel.mfcc.mean.1,0.07052617112640291
soft,lowLevel.spectral_energyband_low.mean,0.06502966117113829
soft,sfx.oddtoevenharmonicenergyratio.mean,0.06479474995285273
soft,lowLevel.dissonance.mean,0.06383274029940367
soft,lowLevel.sccoeffs.stdev.0,0.06105767213739455
soft,lowLevel.barkbands.stdev.1,0.06040159915573895
soft,lowLevel.spectral_crest.mean,0.051909700501710176
soft,lowLevel.zerocrossingrate.stdev,0.05151905072852969
soft,lowLevel.pitch_salience.stdev,0.05074561131186783
soft,lowLevel.sccoeffs.stdev.4,0.04965365049429238
soft,sfx.inharmonicity.stdev,0.04901954927481711
soft,lowLevel.barkbands.mean.0,0.04635362979024649
soft,lowLevel.barkbands.stdev.19,0.04306123033165932
soft,lowLevel.barkbands.mean.2,0.04280634084716439
soft,lowLevel.spectral_decrease.mean,0.0426577206235379
soft,lowLevel.spectral_rolloff.mean,0.03369550034403801
soft,lowLevel.spectral_flatness_db.mean,0.03288444969803095
soft,lowLevel.dissonance.stdev,0.0318456906825304
soft,lowLevel.barkbands.stdev.22,0.031013460364192724
soft,lowLevel.barkbands.stdev.15,0.030571320094168186
soft,lowLevel.mfcc.stdev.1,0.026511809788644314
soft,lowLevel.mfcc.mean.2,0.024184949696063995
soft,lowLevel.spectral_energyband_low.stdev,0.020617459900677204
soft,lowLevel.barkbands_kurtosis.mean,0.020393380196765065
soft,lowLevel.silence_rate_30dB.mean,0.003145779948681593
soft,lowLevel.silence_rate_30dB.stdev,0.0
soft,lowLevel.silence_rate_20dB.stdev,0.0
soft,lowLevel.silence_rate_20dB.mean,0.0
soothing,lowLevel.hfc.mean,413.8880550754965
soothing,lowLevel.spectral_energyband_middle_high.stdev,56.12612760694708
soothing,lowLevel.spectral_energyband_middle_high.mean,43.35516209230366
soothing,lowLevel.spectral_complexity.mean,40.584446918327075
soothing,lowLevel.spectral_energy.mean,13.29718324301038
soothing,lowLevel.spectral_complexity.stdev,11.150355788553497
soothing,lowLevel.spectral_rms.mean,10.177787804828824
soothing,lowLevel.hfc.stdev,6.62179784037869
soothing,lowLevel.mfcc.mean.0,3.675804895959402
soothing,lowLevel.spectral_strongpeak.mean,3.4263023189467106
soothing,lowLevel.barkbands.stdev.11,3.424001926221308
soothing,lowLevel.barkbands.mean.12,2.020764387195868
soothing,lowLevel.barkbands.mean.21,1.9393359055491146
soothing,lowLevel.barkbands.mean.17,1.075327654190687
soothing,lowLevel.barkbands.mean.23,0.9808478637380631
soothing,lowLevel.barkbands.mean.11,0.956365386979229
soothing,lowLevel.barkbands.mean.22,0.6648093416824281
soothing,lowLevel.barkbands.mean.8,0.6176214015804362
soothing,lowLevel.mfcc.stdev.9,0.5849339094789343
soothing,lowLevel.barkbands.mean.26,0.5678726238508602
soothing,lowLevel.sccoeffs.mean.2,0.5602048249574949
soothing,lowLevel.spectral_energyband_middle_low.mean,0.5142673783657301
soothing,lowLevel.mfcc.stdev.7,0.4431256186403516
soothing,lowLevel.barkbands.mean.24,0.43853812697091143
soothing,lowLevel.barkbands.stdev.5,0.40777727636327654
soothing,lowLevel.spectral_energyband_middle_low.stdev,0.3928743095691516
soothing,lowLevel.barkbands.stdev.7,0.39182400622348723
soothing,lowLevel.spectral_decrease.mean,0.3662349830730136
soothing,lowLevel.barkbands.mean.7,0.344803851600318
soothing,sfx.tristimulus.stdev.1,0.3266411096199704
soothing,lowLevel.scvalleys.mean.5,0.3086677909116773
soothing,lowLevel.barkbands.mean.13,0.2946013342181004
soothing,sfx.tristimulus.stdev.0,0.29226156926370095
soothing,lowLevel.barkbands.stdev.8,0.289100609165132
soothing,lowLevel.spectral_skewness.stdev,0.27846165903787323
soothing,lowLevel.barkbands.mean.15,0.2564483814558116
soothing,lowLevel.sccoeffs.mean.1,0.2551612464089601
soothing,lowLevel.spectral_kurtosis.mean,0.25048899009038905
soothing,lowLevel.barkbands.stdev.17,0.2423059238322196
soothing,lowLevel.mfcc.stdev.8,0.24139677892014788
soothing,lowLevel.barkbands.mean.18,0.23548007505257829
soothing,lowLevel.sccoeffs.mean.3,0.22560673836841438
soothing,lowLevel.barkbands.stdev.18,0.2232579626199822
soothing,lowLevel.spectral_skewness.mean,0.21836826837477474
soothing,lowLevel.barkbands.stdev.12,0.2175556358216113
soothing,lowLevel.spectral_kurtosis.stdev,0.20667148141816938
soothing,lowLevel.scvalleys.mean.4,0.20571600010475777
soothing,lowLevel.barkbands.mean.9,0.19044418967615684
soothing,lowLevel.sccoeffs.stdev.2,0.1783241644779423
soothing,lowLevel.barkbands_skewness.mean,0.1745139918691052
soothing,sfx.tristimulus.mean.2,0.16992682315657248
soothing,lowLevel.spectral_flux.mean,0.1643504320263105
soothing,lowLevel.barkbands.stdev.9,0.15989209412816763
soothing,lowLevel.spectral_energy.stdev,0.15267251291775352
soothing,lowLevel.pitch_instantaneous_confidence.mean,0.14963682579497117
soothing,lowLevel.pitch_instantaneous_confidence.stdev,0.14537991313912357
soothing,lowLevel.barkbands.stdev.10,0.1431626973921425
soothing,lowLevel.barkbands.mean.16,0.1410677531633837
soothing,lowLevel.mfcc.stdev.2,0.13840962297354054
soothing,lowLevel.mfcc.mean.8,0.1308811312339344
soothing,sfx.tristimulus.stdev.2,0.12261247837669487
soothing,lowLevel.spectral_strongpeak.stdev,0.1220743680950136
soothing,lowLevel.spectral_rms.stdev,0.12174031336647317
soothing,lowLevel.pitch_salience.stdev,0.12114048567360669
soothing,lowLevel.silence_rate_60dB.mean,0.1196111345469717
soothing,lowLevel.barkbands.stdev.6,0.1188336362621385
soothing,lowLevel.mfcc.mean.12,0.11863621987725992
soothing,lowLevel.sccoeffs.mean.5,0.11672943033971706
soothing,lowLevel.spectral_spread.stdev,0.11454911603217965
soothing,lowLevel.spectral_crest.stdev,0.10715235806208057
soothing,sfx.oddtoevenharmonicenergyratio.mean,0.1059200459226588
soothing,lowLevel.spectral_energyband_high.mean,0.10418689725111108
soothing,lowLevel.barkbands_skewness.stdev,0.09952773350553912
soothing,lowLevel.mfcc.stdev.10,0.09387747403616231
soothing,lowLevel.spectral_spread.mean,0.09152457387483537
soothing,lowLevel.mfcc.mean.1,0.08937803723330262
soothing,lowLevel.barkbands.mean.10,0.07617066451535948
soothing,lowLevel.dissonance.stdev,0.07611805613640854
soothing,lowLevel.barkbands.stdev.22,0.07480092303285346
soothing,lowLevel.mfcc.stdev.6,0.07432511622556603
soothing,lowLevel.mfcc.stdev.4,0.07217973739577133
soothing,lowLevel.sccoeffs.stdev.3,0.06759605550809056
soothing,lowLevel.barkbands.mean.5,0.06705033950566985
soothing,lowLevel.barkbands.mean.20,0.0668945321305614
soothing,lowLevel.barkbands.stdev.4,0.06570852002198535
soothing,sfx.oddtoevenharmonicenergyratio.stdev,0.06533589026338404
soothing,lowLevel.scvalleys.stdev.4,0.06415575437142707
soothing,lowLevel.sccoeffs.stdev.4,0.06341151535806944
soothing,lowLevel.barkbands.stdev.13,0.061690310321750985
soothing,sfx.inharmonicity.mean,0.06139579810246687
soothing,lowLevel.mfcc.mean.5,0.06054955123111938
soothing,lowLevel.barkbands.stdev.15,0.05989100461243879
soothing,lowLevel.mfcc.stdev.11,0.059764129519550124
soothing,lowLevel.silence_rate_60dB.stdev,0.05631846649083627
soothing,lowLevel.barkbands.mean.6,0.05616724028340059
soothing,lowLevel.mfcc.stdev.3,0.05560473488428386
soothing,lowLevel.spectral_decrease.stdev,0.05441281913977036
soothing,lowLevel.barkbands.mean.4,0.053337276308241144
soothing,lowLevel.barkbands.stdev.20,0.05320918285354992
soothing,lowLevel.scvalleys.stdev.1,0.05225469468882693
soothing,lowLevel.mfcc.mean.11,0.05200212885466726
soothing,lowLevel.scvalleys.mean.2,0.05036180677052471
soothing,lowLevel.scvalleys.mean.3,0.050272004219436894
soothing,lowLevel.spectral_crest.mean,0.04997145215011756
soothing,lowLevel.sccoeffs.stdev.5,0.04914041592257945
soothing,lowLevel.pitch_salience.mean,0.048341651542969544
soothing,lowLevel.mfcc.stdev.0,0.04364832729818602
soothing,lowLevel.pitch.mean,0.042927193258265106
soothing,lowLevel.mfcc.mean.10,0.042167901133950636
soothing,lowLevel.barkbands.stdev.25,0.04165061222715849
soothing,lowLevel.dissonance.mean,0.03936971654334798
soothing,sfx.inharmonicity.stdev,0.03931244960008229
soothing,lowLevel.spectral_rolloff.stdev,0.03924591527629673
soothing,lowLevel.mfcc.mean.7,0.03872163106552762
soothing,lowLevel.barkbands.mean.19,0.03793262726239277
soothing,lowLevel.spectral_flatness_db.stdev,0.037739914879125536
soothing,lowLevel.spectral_centroid.stdev,0.036439950178362324
soothing,lowLevel.sccoeffs.mean.4,0.035787718904316534
soothing,lowLevel.mfcc.stdev.12,0.03567401776678025
soothing,lowLevel.barkbands_kurtosis.stdev,0.0354321504797781
soothing,lowLevel.mfcc.stdev.5,0.03451354965761766
soothing,lowLevel.barkbands.stdev.0,0.03318096202264087
soothing,lowLevel.mfcc.mean.3,0.0314896321907554
soothing,lowLevel.sccoeffs.stdev.1,0.03050954369072656
soothing,lowLevel.barkbands.stdev.14,0.029429705493555502
soothing,sfx.tristimulus.mean.0,0.028561431976925178
soothing,lowLevel.barkbands.mean.25,0.028369093411384938
soothing,lowLevel.mfcc.mean.6,0.028268350896837546
soothing,lowLevel.mfcc.mean.4,0.02736529529715881
soothing,lowLevel.scvalleys.mean.1,0.027283061787386487
soothing,lowLevel.barkbands.mean.0,0.026868705942305837
soothing,lowLevel.scvalleys.stdev.0,0.026362106306692112
soothing,lowLevel.mfcc.mean.9,0.026162145387274904
soothing,lowLevel.scvalleys.stdev.5,0.02599417549942018
soothing,lowLevel.zerocrossingrate.mean,0.02590681410504203
soothing,lowLevel.barkbands.mean.1,0.024528526203084766
soothing,sfx.tristimulus.mean.1,0.024088313613262358
soothing,lowLevel.mfcc.mean.2,0.023989340366412648
soothing,lowLevel.pitch.stdev,0.02346554134757639
soothing,lowLevel.barkbands.stdev.26,0.023254568273273435
soothing,lowLevel.barkbands.stdev.23,0.023074550536705374
soothing,lowLevel.scvalleys.stdev.3,0.021367668782261262
soothing,lowLevel.barkbands.stdev.24,0.021102851685384394
soothing,lowLevel.mfcc.stdev.1,0.020853020782084286
soothing,lowLevel.sccoeffs.stdev.0,0.020052101666152566
soothing,lowLevel.barkbands.stdev.2,0.01974569421497563
soothing,lowLevel.spectral_energyband_high.stdev,0.018731387168202218
soothing,lowLevel.barkbands_spread.stdev,0.018503456943051333
soothing,lowLevel.sccoeffs.mean.0,0.017382067666318335
soothing,lowLevel.barkbands.stdev.1,0.017198113353060762
soothing,lowLevel.barkbands.mean.2,0.016652470553879084
soothing,lowLevel.barkbands_kurtosis.mean,0.015801389648032682
soothing,lowLevel.barkbands.stdev.16,0.01447977627216801
soothing,lowLevel.zerocrossingrate.stdev,0.014083894757021653
soothing,lowLevel.barkbands_spread.mean,0.013979179947341436
soothing,lowLevel.scvalleys.mean.0,0.01339894194583735
soothing,lowLevel.barkbands.mean.14,0.01271692005082059
soothing,lowLevel.spectral_flatness_db.mean,0.01132624613291
soothing,lowLevel.silence_rate_30dB.mean,0.01109201907638635
soothing,lowLevel.barkbands.stdev.19,0.010154178090516552
soothing,lowLevel.spectral_rolloff.mean,0.009448067975142749
soothing,lowLevel.scvalleys.stdev.2,0.008933964294897123
soothing,lowLevel.silence_rate_30dB.stdev,0.008344698151176999
soothing,lowLevel.spectral_flux.stdev,0.006889363747433208
soothing,lowLevel.spectral_centroid.mean,0.005763954815108718
soothing,lowLevel.barkbands.stdev.3,0.005431489928469091
soothing,lowLevel.barkbands.stdev.21,0.005399776811373158
soothing,lowLevel.spectral_energyband_low.stdev,0.004790894818540892
soothing,lowLevel.spectral_energyband_low.mean,0.0044525866864546515
soothing,lowLevel.barkbands.mean.3,0.004449009882719679
soothing,lowLevel.silence_rate_20dB.mean,1.6415600839536637e-05
soothing,lowLevel.silence_rate_20dB.stdev,0.0
static,lowLevel.barkbands.mean.18,109.40680471481755
static,lowLevel.spectral_energyband_middle_high.mean,99.99283068953082
static,lowLevel.barkbands.mean.17,81.49796037748456
static,lowLevel.spectral_energyband_middle_high.stdev,72.03059122897685
static,lowLevel.hfc.mean,45.38721189647913
static,lowLevel.spectral_strongpeak.stdev,15.40064090047963
static,lowLevel.mfcc.stdev.10,15.225286919856444
static,lowLevel.spectral_strongpeak.mean,14.820871067466214
static,lowLevel.mfcc.stdev.8,12.584391630953178
static,lowLevel.mfcc.stdev.9,10.135305498261005
static,lowLevel.spectral_energyband_high.mean,9.212823566514999
static,lowLevel.hfc.stdev,8.989604172063991
static,lowLevel.mfcc.stdev.11,8.750189859420061
static,lowLevel.scvalleys.mean.5,8.510841539362445
static,lowLevel.mfcc.stdev.12,7.933957677334547
static,lowLevel.sccoeffs.mean.5,7.834946645656601
static,lowLevel.barkbands.stdev.3,6.28807567525655
static,lowLevel.sccoeffs.mean.4,6.177336669526994
static,lowLevel.barkbands.mean.3,6.057183271273971
static,lowLevel.barkbands.stdev.15,5.8941316024865955
static,lowLevel.spectral_kurtosis.mean,5.891786598134786
static,lowLevel.sccoeffs.mean.3,5.793806986068375
static,lowLevel.scvalleys.stdev.3,5.687521060695872
static,lowLevel.barkbands.mean.20,5.584278246155009
static,lowLevel.barkbands.mean.16,5.229505219496787
static,lowLevel.barkbands.mean.4,4.939919665455818
static,lowLevel.spectral_complexity.mean,4.79875226598233
static,lowLevel.mfcc.stdev.7,4.554819147568196
static,lowLevel.silence_rate_60dB.mean,4.240212617907673
static,lowLevel.barkbands.stdev.4,4.037295803660527
static,lowLevel.barkbands.mean.23,3.8576152743771672
static,lowLevel.silence_rate_60dB.stdev,3.602472832193598
static,lowLevel.barkbands.mean.19,3.2306334041059017
static,lowLevel.spectral_spread.mean,3.197150898631662
static,lowLevel.barkbands.mean.10,3.161375730764121
static,lowLevel.scvalleys.stdev.2,2.917929079849273
static,lowLevel.spectral_kurtosis.stdev,2.831290904665366
static,lowLevel.barkbands.mean.11,2.6890801035333425
static,lowLevel.scvalleys.stdev.1,2.617498150561005
static,lowLevel.mfcc.mean.0,2.5816622879356146
static,lowLevel.barkbands.mean.26,2.3472798974253237
static,lowLevel.pitch_instantaneous_confidence.stdev,2.304182707797736
static,lowLevel.scvalleys.stdev.4,2.2685541631653905
static,lowLevel.barkbands.mean.21,2.1356623615138233
static,lowLevel.zerocrossingrate.mean,2.094517763471231
static,lowLevel.mfcc.mean.8,2.0007765168556944
static,lowLevel.mfcc.stdev.0,1.9875929440604523
static,lowLevel.spectral_energyband_middle_low.mean,1.9597457069903612
static,lowLevel.barkbands.mean.24,1.8972800681367517
static,lowLevel.sccoeffs.mean.2,1.8820612359559163
static,lowLevel.spectral_complexity.stdev,1.878250994719565
static,lowLevel.barkbands.stdev.11,1.7840832138899714
static,lowLevel.barkbands.mean.22,1.7582950233481824
static,lowLevel.spectral_energy.mean,1.6760760555043817
static,lowLevel.barkbands.stdev.9,1.6362093857023865
static,lowLevel.spectral_centroid.stdev,1.5610410198569298
static,lowLevel.scvalleys.stdev.0,1.5019939247285947
static,lowLevel.scvalleys.mean.4,1.4285190347582102
static,lowLevel.barkbands.mean.5,1.34169776563067
static,lowLevel.barkbands.stdev.1,1.2863208735361695
static,lowLevel.mfcc.stdev.2,1.27277354686521
static,lowLevel.zerocrossingrate.stdev,1.1976915947161615
static,lowLevel.mfcc.stdev.5,1.1877844682894647
static,lowLevel.mfcc.stdev.6,1.1807165992213413
static,sfx.tristimulus.stdev.1,1.1613335230504163
static,lowLevel.spectral_flux.mean,1.1482052819337696
static,lowLevel.spectral_decrease.mean,1.1480068966047838
static,lowLevel.pitch_instantaneous_confidence.mean,1.142307777889073
static,lowLevel.spectral_rms.mean,1.124904882744886
static,lowLevel.barkbands.stdev.10,1.0878804582171142
static,lowLevel.spectral_rolloff.stdev,1.0634444262832403
static,lowLevel.barkbands.stdev.5,1.0203085049288347
static,lowLevel.spectral_skewness.mean,1.0073008835315704
static,lowLevel.spectral_skewness.stdev,0.996373108937405
static,lowLevel.barkbands.mean.9,0.9849631150718778
static,lowLevel.pitch.mean,0.9217021116055548
static,lowLevel.sccoeffs.stdev.2,0.9075684666167945
static,lowLevel.scvalleys.mean.2,0.8508529488462955
static,lowLevel.barkbands.stdev.26,0.8364709704183042
static,lowLevel.spectral_energyband_middle_low.stdev,0.8183868883643299
static,lowLevel.barkbands.stdev.22,0.8103695763275027
static,lowLevel.barkbands.mean.15,0.7815993106923997
static,sfx.oddtoevenharmonicenergyratio.mean,0.7034340263344347
static,lowLevel.scvalleys.mean.3,0.6603005509823561
static,lowLevel.spectral_rms.stdev,0.6536031127907336
static,lowLevel.mfcc.stdev.4,0.6458146458026022
static,lowLevel.spectral_energyband_low.stdev,0.6161883589811623
static,lowLevel.barkbands.stdev.2,0.6077843210659921
static,lowLevel.spectral_flux.stdev,0.5860315675381571
static,sfx.oddtoevenharmonicenergyratio.stdev,0.5626203147694468
static,lowLevel.barkbands.mean.8,0.5470153565984219
static,lowLevel.sccoeffs.stdev.4,0.533986683934927
static,lowLevel.mfcc.mean.3,0.5205872890073806
static,lowLevel.spectral_decrease.stdev,0.5194848547689617
static,lowLevel.spectral_flatness_db.mean,0.5174326808191836
static,lowLevel.barkbands.mean.2,0.5136929183499888
static,lowLevel.spectral_energy.stdev,0.5116899707354605
static,lowLevel.barkbands.stdev.18,0.49859447311609983
static,lowLevel.barkbands.stdev.12,0.4981861317064613
static,lowLevel.barkbands.mean.25,0.4949265378527343
static,lowLevel.spectral_spread.stdev,0.43576149200089276
static,lowLevel.mfcc.mean.6,0.4343560665147379
static,lowLevel.barkbands.mean.7,0.4176147188991308
static,lowLevel.mfcc.mean.7,0.41639566933736205
static,lowLevel.barkbands.stdev.0,0.399334762012586
static,lowLevel.barkbands.stdev.8,0.3944287995691411
static,lowLevel.barkbands.stdev.20,0.3831391967833042
static,lowLevel.sccoeffs.stdev.1,0.37981617846526206
static,lowLevel.scvalleys.mean.1,0.3726952781435102
static,lowLevel.barkbands.stdev.7,0.3650238969712518
static,lowLevel.mfcc.mean.1,0.3583516078069806
static,lowLevel.mfcc.stdev.1,0.3522689777892083
static,lowLevel.barkbands.stdev.14,0.3452552006347105
static,sfx.tristimulus.stdev.2,0.34130636299960315
static,lowLevel.spectral_centroid.mean,0.33590480126440525
static,lowLevel.barkbands.stdev.21,0.30901693319901824
static,lowLevel.spectral_energyband_low.mean,0.300248836632818
static,lowLevel.spectral_energyband_high.stdev,0.28785369638353586
static,lowLevel.barkbands.mean.0,0.2839728398248553
static,lowLevel.barkbands.mean.6,0.28389034839347005
static,lowLevel.barkbands.stdev.6,0.2822975816670805
static,lowLevel.mfcc.mean.9,0.2783897111658007
static,lowLevel.barkbands.stdev.23,0.2777517148060724
static,sfx.tristimulus.mean.1,0.2674850528128445
static,lowLevel.mfcc.stdev.3,0.2674680494237691
static,lowLevel.sccoeffs.mean.1,0.2656062780879438
static,lowLevel.mfcc.mean.10,0.2575114998035133
static,lowLevel.mfcc.mean.4,0.24557168898172677
static,lowLevel.mfcc.mean.2,0.24198755831457675
static,lowLevel.barkbands.mean.1,0.2395270203705877
static,lowLevel.scvalleys.stdev.5,0.23622211953625083
static,lowLevel.barkbands_skewness.mean,0.2357595320791006
static,sfx.tristimulus.mean.2,0.23568527994211763
static,lowLevel.barkbands.mean.14,0.21998201473616064
static,sfx.inharmonicity.mean,0.21934569149743766
static,lowLevel.barkbands.stdev.25,0.21804469043854624
static,lowLevel.barkbands_kurtosis.mean,0.2077536133583635
static,lowLevel.pitch_salience.mean,0.20230078080203384
static,lowLevel.barkbands.mean.12,0.20225859875790775
static,lowLevel.mfcc.mean.12,0.1927963210036978
static,lowLevel.sccoeffs.stdev.5,0.1916923774406314
static,lowLevel.spectral_crest.stdev,0.18767170002683997
static,lowLevel.barkbands_kurtosis.stdev,0.18753461446613073
static,sfx.inharmonicity.stdev,0.17726355022750795
static,lowLevel.spectral_crest.mean,0.1748200193978846
static,lowLevel.sccoeffs.stdev.3,0.17246770742349327
static,lowLevel.barkbands.stdev.17,0.17034102347679436
static,sfx.tristimulus.mean.0,0.16394831973593682
static,lowLevel.barkbands.stdev.16,0.1617388881277293
static,lowLevel.mfcc.mean.5,0.13894746219739318
static,lowLevel.spectral_flatness_db.stdev,0.13687536027282476
static,sfx.tristimulus.stdev.0,0.1320992298424244
static,lowLevel.barkbands.mean.13,0.12770764983724803
static,lowLevel.barkbands.stdev.24,0.11876997957006097
static,lowLevel.dissonance.mean,0.11589250923134387
static,lowLevel.scvalleys.mean.0,0.11534654954448342
static,lowLevel.barkbands.stdev.13,0.11427823174744844
static,lowLevel.barkbands_spread.stdev,0.10886908893007785
static,lowLevel.pitch_salience.stdev,0.10074000130407512
static,lowLevel.mfcc.mean.11,0.1003597512608394
static,lowLevel.barkbands_spread.mean,0.09922140929847956
static,lowLevel.barkbands_skewness.stdev,0.09408819070085883
static,lowLevel.barkbands.stdev.19,0.09122585831210017
static,lowLevel.pitch.stdev,0.08430694043636322
static,lowLevel.sccoeffs.mean.0,0.05597319104708731
static,lowLevel.sccoeffs.stdev.0,0.046785210724920034
static,lowLevel.dissonance.stdev,0.038619719445705414
static,lowLevel.spectral_rolloff.mean,0.03566831047646701
static,lowLevel.silence_rate_30dB.mean,0.018641839735209942
static,lowLevel.silence_rate_30dB.stdev,0.0
static,lowLevel.silence_rate_20dB.stdev,0.0
static,lowLevel.silence_rate_20dB.mean,0.0
unbalanced,lowLevel.hfc.mean,412.4494809166463
unbalanced,lowLevel.spectral_energy.mean,123.29918805212219
unbalanced,lowLevel.spectral_complexity.stdev,47.39846365331323
unbalanced,lowLevel.hfc.stdev,34.47666754825332
unbalanced,lowLevel.spectral_energyband_middle_high.mean,17.76554589263833
unbalanced,lowLevel.spectral_complexity.mean,15.445177069152123
unbalanced,lowLevel.barkbands.stdev.12,9.677393054014829
unbalanced,lowLevel.spectral_energyband_middle_low.mean,8.105076747509884
unbalanced,lowLevel.spectral_energyband_middle_high.stdev,7.114221190742683
unbalanced,lowLevel.silence_rate_60dB.mean,6.751185840679682
unbalanced,lowLevel.spectral_strongpeak.mean,5.509972409035981
unbalanced,lowLevel.barkbands.stdev.7,4.663718672567484
unbalanced,lowLevel.spectral_energyband_middle_low.stdev,3.8176299000733707
unbalanced,lowLevel.pitch_instantaneous_confidence.stdev,2.990586809202796
unbalanced,lowLevel.spectral_energyband_high.mean,2.706067643041024
unbalanced,lowLevel.barkbands.stdev.11,2.655733624851564
unbalanced,lowLevel.barkbands.stdev.25,2.6419898825406563
unbalanced,lowLevel.barkbands.stdev.26,2.1664054687826138
unbalanced,lowLevel.barkbands.mean.13,2.132043889374472
unbalanced,lowLevel.sccoeffs.mean.4,2.0882862687285524
unbalanced,lowLevel.spectral_strongpeak.stdev,2.078450179378706
unbalanced,lowLevel.barkbands.mean.8,2.071004441499099
unbalanced,lowLevel.spectral_energy.stdev,2.054478251848195
unbalanced,lowLevel.mfcc.stdev.8,1.7991615461651236
unbalanced,lowLevel.barkbands.stdev.6,1.7322650060996239
unbalanced,lowLevel.barkbands.stdev.8,1.7227702921372838
unbalanced,lowLevel.spectral_rms.stdev,1.6810056248723413
unbalanced,lowLevel.barkbands.mean.25,1.6287247888067213
unbalanced,lowLevel.barkbands.mean.18,1.6021159328374779
unbalanced,lowLevel.barkbands.mean.17,1.5919252157618757
unbalanced,lowLevel.mfcc.mean.0,1.5535757232501055
unbalanced,lowLevel.mfcc.stdev.10,1.517059643229004
unbalanced,lowLevel.barkbands.mean.16,1.3489663105792715
unbalanced,lowLevel.barkbands.mean.4,1.2964574679353973
unbalanced,lowLevel.sccoeffs.mean.2,1.2687437852291623
unbalanced,lowLevel.spectral_decrease.mean,1.2621264910849277
unbalanced,lowLevel.scvalleys.stdev.3,1.238639434450306
unbalanced,lowLevel.sccoeffs.mean.3,1.2209518222589395
unbalanced,lowLevel.barkbands.mean.15,1.1949989074782934
unbalanced,lowLevel.barkbands.stdev.5,1.1351479357108474
unbalanced,lowLevel.spectral_skewness.stdev,1.134558890498738
unbalanced,lowLevel.mfcc.stdev.9,1.1292981572478311
unbalanced,lowLevel.pitch.mean,1.10505421293783
unbalanced,lowLevel.barkbands.mean.10,1.0938735212766915
unbalanced,lowLevel.barkbands.mean.12,1.0788056938326918
unbalanced,lowLevel.barkbands.mean.26,1.0759059611445991
unbalanced,lowLevel.barkbands.mean.11,1.0363711887366662
unbalanced,lowLevel.barkbands.stdev.17,0.9690954906691331
unbalanced,lowLevel.mfcc.stdev.11,0.9650222136951925
unbalanced,lowLevel.barkbands.stdev.13,0.9012007812088996
unbalanced,lowLevel.spectral_energyband_high.stdev,0.8934942096457235
unbalanced,lowLevel.barkbands.stdev.21,0.869179551351408
unbalanced,lowLevel.sccoeffs.mean.5,0.8511888364701008
unbalanced,lowLevel.barkbands.mean.7,0.7676784738832794
unbalanced,lowLevel.barkbands.stdev.4,0.7486495217162883
unbalanced,lowLevel.spectral_kurtosis.mean,0.7386032202339265
unbalanced,lowLevel.spectral_spread.mean,0.7003241353413614
unbalanced,lowLevel.barkbands.mean.6,0.6827844242252468
unbalanced,lowLevel.spectral_kurtosis.stdev,0.6735830652905861
unbalanced,lowLevel.mfcc.stdev.7,0.6584003173120436
unbalanced,lowLevel.barkbands.mean.23,0.6347533063308219
unbalanced,lowLevel.sccoeffs.stdev.2,0.6135915898630628
unbalanced,lowLevel.scvalleys.stdev.2,0.6126330225451966
unbalanced,lowLevel.barkbands.mean.9,0.6004807983408682
unbalanced,lowLevel.barkbands.stdev.14,0.5725946749043942
unbalanced,lowLevel.mfcc.stdev.0,0.5588434352175682
unbalanced,lowLevel.silence_rate_60dB.stdev,0.5244746455209679
unbalanced,sfx.tristimulus.stdev.0,0.5165071457086015
unbalanced,lowLevel.spectral_rms.mean,0.5046337903477252
unbalanced,lowLevel.barkbands.stdev.9,0.5027569694138947
unbalanced,lowLevel.barkbands.mean.5,0.5027538706635823
unbalanced,lowLevel.mfcc.mean.8,0.4762876442509878
unbalanced,lowLevel.scvalleys.stdev.1,0.4700323487268179
unbalanced,lowLevel.scvalleys.mean.5,0.44331181526649743
unbalanced,lowLevel.mfcc.stdev.5,0.4384429310230189
unbalanced,lowLevel.mfcc.stdev.2,0.4100996475899592
unbalanced,lowLevel.sccoeffs.stdev.3,0.4045284184576303
unbalanced,lowLevel.barkbands_skewness.stdev,0.3866018740882282
unbalanced,lowLevel.pitch.stdev,0.38618771554683917
unbalanced,lowLevel.barkbands.mean.3,0.38457406617089873
unbalanced,lowLevel.barkbands.mean.2,0.3829267915680248
unbalanced,lowLevel.barkbands.mean.14,0.38283358127227984
unbalanced,lowLevel.spectral_flatness_db.stdev,0.38254480843170313
unbalanced,lowLevel.scvalleys.stdev.4,0.3797699897804705
unbalanced,lowLevel.mfcc.stdev.12,0.37118079211359145
unbalanced,sfx.tristimulus.stdev.2,0.3599108389535104
unbalanced,lowLevel.spectral_skewness.mean,0.35744660242198734
unbalanced,lowLevel.spectral_centroid.mean,0.35502862989960704
unbalanced,lowLevel.barkbands.stdev.10,0.3475043457438005
unbalanced,lowLevel.sccoeffs.stdev.1,0.3462899675068911
unbalanced,sfx.tristimulus.mean.2,0.34544343020388624
unbalanced,lowLevel.spectral_crest.stdev,0.33269455395202385
unbalanced,lowLevel.barkbands.mean.1,0.3303900726896245
unbalanced,lowLevel.pitch_salience.stdev,0.32548788104759296
unbalanced,sfx.oddtoevenharmonicenergyratio.stdev,0.31986333277018275
unbalanced,lowLevel.scvalleys.mean.3,0.314954913679685
unbalanced,lowLevel.scvalleys.mean.4,0.30977239477215335
unbalanced,lowLevel.barkbands_kurtosis.stdev,0.3070073470589705
unbalanced,lowLevel.mfcc.stdev.4,0.30478462567043607
unbalanced,lowLevel.mfcc.stdev.6,0.30364993735565804
unbalanced,lowLevel.barkbands.mean.24,0.2932750539184781
unbalanced,lowLevel.mfcc.mean.9,0.2856547491719539
unbalanced,lowLevel.scvalleys.stdev.5,0.27949023761902936
unbalanced,lowLevel.sccoeffs.mean.1,0.2663088915505796
unbalanced,lowLevel.barkbands.stdev.20,0.26294319662702037
unbalanced,lowLevel.barkbands_skewness.mean,0.26097420445876196
unbalanced,lowLevel.barkbands.mean.21,0.25965151775380946
unbalanced,lowLevel.barkbands.stdev.3,0.24666744511705474
unbalanced,lowLevel.barkbands.stdev.2,0.2437027313062572
unbalanced,lowLevel.scvalleys.mean.1,0.24030136389046675
unbalanced,lowLevel.barkbands.mean.20,0.23810176472761668
unbalanced,sfx.tristimulus.stdev.1,0.23767478250374552
unbalanced,lowLevel.scvalleys.stdev.0,0.23722579031891655
unbalanced,lowLevel.mfcc.mean.3,0.23718264708440984
unbalanced,lowLevel.sccoeffs.stdev.5,0.2365436421969207
unbalanced,sfx.oddtoevenharmonicenergyratio.mean,0.23552030156861292
unbalanced,lowLevel.sccoeffs.stdev.4,0.2349793391476851
unbalanced,lowLevel.mfcc.mean.12,0.2185205883179151
unbalanced,lowLevel.sccoeffs.mean.0,0.21709869780170266
unbalanced,lowLevel.pitch_salience.mean,0.2133496482465489
unbalanced,lowLevel.barkbands.stdev.1,0.21302842917430098
unbalanced,lowLevel.mfcc.mean.11,0.2095158282936609
unbalanced,lowLevel.spectral_flux.mean,0.20412813291841303
unbalanced,sfx.inharmonicity.mean,0.20092093307539471
unbalanced,lowLevel.spectral_centroid.stdev,0.1877007961484196
unbalanced,lowLevel.barkbands_spread.stdev,0.18503645986129413
unbalanced,lowLevel.spectral_spread.stdev,0.17569852144879405
unbalanced,lowLevel.barkbands.stdev.24,0.1693568489026802
unbalanced,lowLevel.mfcc.mean.6,0.1646734587739047
unbalanced,lowLevel.spectral_decrease.stdev,0.16130018661351642
unbalanced,lowLevel.mfcc.mean.2,0.15054663983755745
unbalanced,lowLevel.mfcc.mean.1,0.14691280821352848
unbalanced,sfx.tristimulus.mean.1,0.1466803625698958
unbalanced,lowLevel.pitch_instantaneous_confidence.mean,0.14154980541934492
unbalanced,lowLevel.spectral_flux.stdev,0.1375664390361635
unbalanced,lowLevel.barkbands.stdev.18,0.13260428640933242
unbalanced,lowLevel.mfcc.stdev.1,0.13215332852996653
unbalanced,lowLevel.barkbands.stdev.19,0.12248502662987448
unbalanced,lowLevel.zerocrossingrate.stdev,0.12014256467227824
unbalanced,lowLevel.mfcc.mean.10,0.11866642265158589
unbalanced,lowLevel.barkbands_kurtosis.mean,0.11360397625685437
unbalanced,lowLevel.barkbands.mean.19,0.11335473688086495
unbalanced,lowLevel.barkbands.mean.22,0.1117656695714686
unbalanced,lowLevel.spectral_rolloff.stdev,0.11086058467117255
unbalanced,lowLevel.mfcc.stdev.3,0.09463312858861173
unbalanced,lowLevel.barkbands.stdev.23,0.0943127090431517
unbalanced,lowLevel.scvalleys.mean.0,0.09389836672926322
unbalanced,lowLevel.barkbands.mean.0,0.09158202734397491
unbalanced,lowLevel.spectral_rolloff.mean,0.08749457500380231
unbalanced,lowLevel.mfcc.mean.4,0.08683613721223082
unbalanced,lowLevel.scvalleys.mean.2,0.08542128176850383
unbalanced,lowLevel.dissonance.stdev,0.08378417729545617
unbalanced,lowLevel.mfcc.mean.5,0.0835121340896876
unbalanced,lowLevel.barkbands.stdev.0,0.07934665900756954
unbalanced,lowLevel.zerocrossingrate.mean,0.07224946831775014
unbalanced,lowLevel.mfcc.mean.7,0.07205158855140326
unbalanced,sfx.tristimulus.mean.0,0.07032226834417088
unbalanced,lowLevel.barkbands.stdev.16,0.06750520050263731
unbalanced,sfx.inharmonicity.stdev,0.06511476576997666
unbalanced,lowLevel.barkbands.stdev.15,0.06224530244799098
unbalanced,lowLevel.barkbands.stdev.22,0.0610137346884585
unbalanced,lowLevel.spectral_energyband_low.mean,0.05715928444988094
unbalanced,lowLevel.spectral_crest.mean,0.035742045532970224
unbalanced,lowLevel.sccoeffs.stdev.0,0.03570143726392416
unbalanced,lowLevel.spectral_flatness_db.mean,0.032510738899873104
unbalanced,lowLevel.barkbands_spread.mean,0.030024401006812695
unbalanced,lowLevel.spectral_energyband_low.stdev,0.02966390550864162
unbalanced,lowLevel.dissonance.mean,0.028046746680047363
unbalanced,lowLevel.silence_rate_30dB.mean,0.02263007769943215
unbalanced,lowLevel.silence_rate_30dB.stdev,0.01542558382061543
unbalanced,lowLevel.silence_rate_20dB.stdev,0.0012795700458809733
unbalanced,lowLevel.silence_rate_20dB.mean,0.0
uncomfortable,lowLevel.hfc.mean,575.953042877637
uncomfortable,lowLevel.spectral_energy.mean,161.70062107918784
uncomfortable,lowLevel.spectral_complexity.stdev,31.35449556234562
uncomfortable,lowLevel.spectral_complexity.mean,12.731528271455318
uncomfortable,lowLevel.hfc.stdev,12.234015538590029
uncomfortable,lowLevel.spectral_energyband_middle_high.stdev,11.851356081198901
uncomfortable,lowLevel.spectral_energyband_middle_high.mean,9.80524179758504
uncomfortable,lowLevel.silence_rate_60dB.mean,8.547309212764958
uncomfortable,lowLevel.spectral_energyband_middle_low.mean,3.239035605743993
uncomfortable,lowLevel.barkbands.stdev.6,3.1982143267523497
uncomfortable,lowLevel.barkbands.stdev.8,2.9298030138015747
uncomfortable,lowLevel.barkbands.stdev.9,2.589055384276435
uncomfortable,lowLevel.barkbands.stdev.12,2.311305419570999
uncomfortable,lowLevel.barkbands.stdev.26,2.1103990832343698
uncomfortable,lowLevel.barkbands.mean.26,2.067873283755034
uncomfortable,lowLevel.barkbands.stdev.11,1.9168813492287882
uncomfortable,lowLevel.mfcc.stdev.0,1.5155220446176827
uncomfortable,lowLevel.barkbands.mean.9,1.4970303801819682
uncomfortable,lowLevel.barkbands.stdev.25,1.2500267028808594
uncomfortable,lowLevel.mfcc.stdev.8,1.0463048558449373
uncomfortable,lowLevel.mfcc.stdev.9,0.9753700249275425
uncomfortable,lowLevel.barkbands.mean.12,0.9142811232086387
uncomfortable,lowLevel.mfcc.stdev.10,0.8739669274073094
uncomfortable,lowLevel.spectral_energyband_middle_low.stdev,0.8369541855136049
uncomfortable,lowLevel.spectral_strongpeak.mean,0.7687525907531381
uncomfortable,lowLevel.barkbands.mean.11,0.7245017285458744
uncomfortable,lowLevel.barkbands.mean.7,0.656153145711869
uncomfortable,lowLevel.spectral_strongpeak.stdev,0.6170917467679828
uncomfortable,lowLevel.mfcc.mean.0,0.5397436646744609
uncomfortable,lowLevel.scvalleys.stdev.4,0.4983809086322708
uncomfortable,lowLevel.pitch_instantaneous_confidence.stdev,0.4446733486784069
uncomfortable,lowLevel.barkbands.stdev.5,0.43527261447161436
uncomfortable,sfx.tristimulus.stdev.1,0.41168603766709566
uncomfortable,lowLevel.barkbands.stdev.10,0.4101007721037604
uncomfortable,lowLevel.barkbands.mean.25,0.3890825118869543
uncomfortable,lowLevel.sccoeffs.mean.2,0.3735449423547834
uncomfortable,lowLevel.sccoeffs.mean.1,0.34631460532546043
uncomfortable,lowLevel.barkbands.mean.2,0.3236089013516903
uncomfortable,lowLevel.spectral_spread.mean,0.29269909719005227
uncomfortable,lowLevel.barkbands.mean.5,0.2878376456355909
uncomfortable,lowLevel.mfcc.stdev.7,0.24958036985481158
uncomfortable,lowLevel.mfcc.mean.8,0.23756104812491685
uncomfortable,lowLevel.spectral_decrease.stdev,0.23073399811983109
uncomfortable,lowLevel.barkbands.stdev.13,0.19021105533465743
uncomfortable,lowLevel.barkbands.stdev.7,0.1813143182080239
uncomfortable,lowLevel.spectral_kurtosis.mean,0.17464250326156616
uncomfortable,lowLevel.barkbands.mean.3,0.16752303787507117
uncomfortable,lowLevel.spectral_crest.stdev,0.16365611006040126
uncomfortable,lowLevel.barkbands.stdev.3,0.16122139990329742
uncomfortable,lowLevel.spectral_rms.stdev,0.15968020306900144
uncomfortable,lowLevel.sccoeffs.stdev.2,0.15723750858160201
uncomfortable,lowLevel.barkbands.stdev.4,0.15668025583727285
uncomfortable,lowLevel.mfcc.stdev.1,0.1557387989014387
uncomfortable,lowLevel.barkbands.mean.8,0.15538250131066889
uncomfortable,lowLevel.scvalleys.stdev.3,0.14448465954046696
uncomfortable,lowLevel.scvalleys.stdev.2,0.13751431989658158
uncomfortable,lowLevel.mfcc.mean.2,0.1361234998330474
uncomfortable,lowLevel.sccoeffs.stdev.5,0.12108159810304642
uncomfortable,lowLevel.spectral_rolloff.mean,0.11445869877934456
uncomfortable,lowLevel.mfcc.stdev.6,0.09845520183444023
uncomfortable,lowLevel.scvalleys.mean.2,0.09613330289721489
uncomfortable,lowLevel.sccoeffs.mean.3,0.0934036010876298
uncomfortable,sfx.oddtoevenharmonicenergyratio.stdev,0.09273604862391949
uncomfortable,lowLevel.mfcc.stdev.12,0.09177708276547492
uncomfortable,lowLevel.barkbands.stdev.14,0.08493158419150859
uncomfortable,lowLevel.scvalleys.stdev.1,0.08152530586812645
uncomfortable,lowLevel.mfcc.stdev.11,0.07646549679338932
uncomfortable,sfx.oddtoevenharmonicenergyratio.mean,0.0763102793134749
uncomfortable,lowLevel.spectral_energyband_high.mean,0.07227810099720955
uncomfortable,lowLevel.mfcc.mean.11,0.07009996753185987
uncomfortable,lowLevel.barkbands.mean.15,0.06744272780451865
uncomfortable,lowLevel.spectral_skewness.mean,0.06545999646186829
uncomfortable,lowLevel.mfcc.mean.5,0.056849739979952574
uncomfortable,lowLevel.barkbands.mean.14,0.052034630556590855
uncomfortable,lowLevel.dissonance.mean,0.051999300718307495
uncomfortable,lowLevel.barkbands.mean.13,0.05186207139195176
uncomfortable,lowLevel.mfcc.mean.6,0.0516589789185673
uncomfortable,lowLevel.sccoeffs.stdev.4,0.05030580051243305
uncomfortable,lowLevel.silence_rate_60dB.stdev,0.04914860054850578
uncomfortable,lowLevel.mfcc.stdev.4,0.04102509841322899
uncomfortable,lowLevel.barkbands.stdev.0,0.03959290124475956
uncomfortable,lowLevel.mfcc.mean.7,0.03422387037426233
uncomfortable,lowLevel.spectral_flux.stdev,0.029725687578320503
uncomfortable,lowLevel.mfcc.mean.10,0.028948400169610977
uncomfortable,lowLevel.pitch_salience.mean,0.028395390254445374
uncomfortable,sfx.tristimulus.stdev.0,0.024429450277239084
uncomfortable,lowLevel.barkbands.mean.10,0.02017785474890843
uncomfortable,lowLevel.spectral_crest.mean,0.019713599234819412
uncomfortable,lowLevel.mfcc.mean.12,0.019637899473309517
uncomfortable,lowLevel.spectral_energy.stdev,0.018876399844884872
uncomfortable,lowLevel.mfcc.mean.1,0.018603499978780746
uncomfortable,lowLevel.barkbands.stdev.16,0.016165899112820625
uncomfortable,lowLevel.barkbands.mean.6,0.015301969717256725
uncomfortable,lowLevel.scvalleys.mean.3,0.01409232965670526
uncomfortable,lowLevel.spectral_rms.mean,0.012623874165001325
uncomfortable,lowLevel.barkbands.mean.18,0.012279200367629528
uncomfortable,lowLevel.barkbands.mean.16,0.009886569809168577
uncomfortable,lowLevel.spectral_energyband_low.mean,0.009686239995062351
uncomfortable,lowLevel.barkbands.mean.17,0.00897914997767657
uncomfortable,lowLevel.barkbands.stdev.2,0.008347499882802367
uncomfortable,lowLevel.sccoeffs.stdev.3,0.004924539942294359
uncomfortable,lowLevel.scvalleys.stdev.0,0.003393509890884161
uncomfortable,lowLevel.barkbands.mean.19,0.003033980028703809
uncomfortable,lowLevel.barkbands.mean.24,0.001461439998820424
uncomfortable,lowLevel.barkbands.mean.4,0.0005748880212195218
uncomfortable,lowLevel.spectral_skewness.stdev,0.0
uncomfortable,lowLevel.spectral_rolloff.stdev,0.0
uncomfortable,lowLevel.spectral_centroid.stdev,0.0
uncomfortable,lowLevel.spectral_centroid.mean,0.0
uncomfortable,sfx.inharmonicity.stdev,0.0
uncomfortable,lowLevel.spectral_decrease.mean,0.0
uncomfortable,lowLevel.spectral_spread.stdev,0.0
uncomfortable,sfx.tristimulus.mean.2,0.0
uncomfortable,sfx.inharmonicity.mean,0.0
uncomfortable,lowLevel.spectral_energyband_high.stdev,0.0
uncomfortable,lowLevel.zerocrossingrate.mean,0.0
uncomfortable,sfx.tristimulus.mean.1,0.0
uncomfortable,lowLevel.spectral_energyband_low.stdev,0.0
uncomfortable,sfx.tristimulus.mean.0,0.0
uncomfortable,lowLevel.zerocrossingrate.stdev,0.0
uncomfortable,lowLevel.spectral_flatness_db.mean,0.0
uncomfortable,lowLevel.spectral_flatness_db.stdev,0.0
uncomfortable,lowLevel.spectral_flux.mean,0.0
uncomfortable,lowLevel.spectral_kurtosis.stdev,0.0
uncomfortable,lowLevel.barkbands.mean.0,0.0
uncomfortable,lowLevel.silence_rate_30dB.stdev,0.0
uncomfortable,lowLevel.barkbands.stdev.21,0.0
uncomfortable,lowLevel.barkbands_spread.stdev,0.0
uncomfortable,lowLevel.barkbands_spread.mean,0.0
uncomfortable,lowLevel.barkbands_skewness.stdev,0.0
uncomfortable,lowLevel.barkbands_skewness.mean,0.0
uncomfortable,lowLevel.barkbands_kurtosis.stdev,0.0
uncomfortable,lowLevel.barkbands_kurtosis.mean,0.0
uncomfortable,lowLevel.barkbands.stdev.24,0.0
uncomfortable,lowLevel.barkbands.stdev.23,0.0
uncomfortable,lowLevel.barkbands.stdev.22,0.0
uncomfortable,lowLevel.barkbands.stdev.20,0.0
uncomfortable,lowLevel.mfcc.mean.3,0.0
uncomfortable,lowLevel.barkbands.stdev.19,0.0
uncomfortable,lowLevel.barkbands.stdev.18,0.0
uncomfortable,lowLevel.barkbands.stdev.17,0.0
uncomfortable,lowLevel.barkbands.stdev.15,0.0
uncomfortable,lowLevel.barkbands.stdev.1,0.0
uncomfortable,lowLevel.barkbands.mean.23,0.0
uncomfortable,lowLevel.barkbands.mean.22,0.0
uncomfortable,lowLevel.barkbands.mean.21,0.0
uncomfortable,lowLevel.barkbands.mean.20,0.0
uncomfortable,lowLevel.dissonance.stdev,0.0
uncomfortable,lowLevel.mfcc.mean.4,0.0
uncomfortable,lowLevel.silence_rate_30dB.mean,0.0
uncomfortable,lowLevel.sccoeffs.mean.5,0.0
uncomfortable,lowLevel.silence_rate_20dB.stdev,0.0
uncomfortable,lowLevel.silence_rate_20dB.mean,0.0
uncomfortable,lowLevel.scvalleys.stdev.5,0.0
uncomfortable,lowLevel.scvalleys.mean.5,0.0
uncomfortable,lowLevel.scvalleys.mean.4,0.0
uncomfortable,lowLevel.scvalleys.mean.1,0.0
uncomfortable,lowLevel.scvalleys.mean.0,0.0
uncomfortable,lowLevel.sccoeffs.stdev.1,0.0
uncomfortable,lowLevel.sccoeffs.stdev.0,0.0
uncomfortable,lowLevel.sccoeffs.mean.4,0.0
uncomfortable,lowLevel.mfcc.mean.9,0.0
uncomfortable,lowLevel.sccoeffs.mean.0,0.0
uncomfortable,lowLevel.pitch_salience.stdev,0.0
uncomfortable,lowLevel.pitch_instantaneous_confidence.mean,0.0
uncomfortable,lowLevel.pitch.stdev,0.0
uncomfortable,lowLevel.pitch.mean,0.0
uncomfortable,lowLevel.barkbands.mean.1,0.0
uncomfortable,lowLevel.mfcc.stdev.5,0.0
uncomfortable,lowLevel.mfcc.stdev.3,0.0
uncomfortable,lowLevel.mfcc.stdev.2,0.0
uncomfortable,sfx.tristimulus.stdev.2,0.0
wet,lowLevel.hfc.mean,154.09340193631942
wet,lowLevel.hfc.stdev,25.904728959241766
wet,lowLevel.spectral_energyband_middle_high.mean,19.23934156386531
wet,lowLevel.spectral_energy.mean,15.914231284637935
wet,lowLevel.spectral_complexity.stdev,10.823821452533593
wet,lowLevel.spectral_complexity.mean,9.495366322655173
wet,lowLevel.spectral_strongpeak.mean,6.648412598100549
wet,lowLevel.spectral_energyband_middle_high.stdev,4.787042894706246
wet,lowLevel.barkbands.mean.11,3.486966901091364
wet,lowLevel.spectral_strongpeak.stdev,2.2842934945656452
wet,lowLevel.spectral_energyband_high.mean,2.07425550246262
wet,lowLevel.barkbands.mean.5,1.943749529978959
wet,lowLevel.barkbands.stdev.7,1.9392915439093485
wet,lowLevel.barkbands.mean.17,1.9142237199121155
wet,lowLevel.barkbands.mean.18,1.8045849259688111
wet,lowLevel.barkbands.stdev.8,1.6377919046208262
wet,lowLevel.barkbands.mean.9,1.4935777396021876
wet,lowLevel.barkbands.mean.19,1.4775504015706247
wet,lowLevel.barkbands.mean.6,1.326312008081004
wet,lowLevel.barkbands.stdev.11,1.3061682275510975
wet,lowLevel.barkbands.mean.12,1.0448284404992592
wet,lowLevel.mfcc.stdev.9,1.0207825061588665
wet,lowLevel.spectral_rms.stdev,1.0041313508263556
wet,lowLevel.barkbands.mean.25,0.9907721914350986
wet,lowLevel.barkbands.stdev.9,0.9882485749112675
wet,lowLevel.spectral_energy.stdev,0.9501105044037104
wet,lowLevel.barkbands.stdev.6,0.9372657151398016
wet,lowLevel.barkbands.mean.16,0.9312735479325056
wet,lowLevel.barkbands.mean.7,0.9287728300841991
wet,lowLevel.mfcc.mean.0,0.9186248155019712
wet,lowLevel.spectral_rms.mean,0.901329501386499
wet,lowLevel.barkbands.mean.15,0.7680506247706944
wet,lowLevel.barkbands.mean.10,0.6875978292373475
wet,lowLevel.mfcc.stdev.8,0.6869764572038548
wet,lowLevel.barkbands.mean.26,0.6513587830413599
wet,lowLevel.sccoeffs.mean.5,0.635436732256494
wet,lowLevel.spectral_energyband_middle_low.mean,0.6203912718192441
wet,lowLevel.zerocrossingrate.mean,0.6201654100586893
wet,lowLevel.zerocrossingrate.stdev,0.6001674783765338
wet,lowLevel.sccoeffs.mean.4,0.571942164824577
wet,lowLevel.pitch_instantaneous_confidence.stdev,0.5698671253630891
wet,lowLevel.mfcc.stdev.10,0.5691745579715644
wet,lowLevel.sccoeffs.mean.3,0.565735590265831
wet,lowLevel.spectral_centroid.mean,0.5620610865298659
wet,lowLevel.scvalleys.mean.4,0.5525229130726075
wet,lowLevel.barkbands.mean.8,0.5123931050184183
wet,lowLevel.spectral_skewness.stdev,0.5011456976062618
wet,lowLevel.spectral_energyband_middle_low.stdev,0.4886733737657778
wet,lowLevel.spectral_centroid.stdev,0.4841633350297343
wet,lowLevel.barkbands.stdev.4,0.4800503525984823
wet,lowLevel.barkbands.mean.20,0.4734843692567665
wet,sfx.tristimulus.stdev.0,0.4728885332297068
wet,lowLevel.sccoeffs.mean.2,0.47107251967827324
wet,sfx.tristimulus.stdev.2,0.4704245678076404
wet,lowLevel.barkbands.stdev.13,0.4666775998484809
wet,lowLevel.sccoeffs.mean.1,0.44673025120573584
wet,lowLevel.barkbands.mean.14,0.4194102814217331
wet,lowLevel.barkbands.stdev.10,0.4162733393313829
wet,lowLevel.barkbands.stdev.12,0.41532978815666866
wet,lowLevel.scvalleys.mean.5,0.4152738570992369
wet,sfx.tristimulus.mean.2,0.39808902231015963
wet,lowLevel.mfcc.stdev.7,0.3800471784634283
wet,lowLevel.barkbands.mean.13,0.3355391070799669
wet,lowLevel.pitch_instantaneous_confidence.mean,0.3269285278292955
wet,lowLevel.pitch.mean,0.3148285066417884
wet,lowLevel.sccoeffs.stdev.1,0.31116052287688944
wet,lowLevel.spectral_flatness_db.stdev,0.3034033742005704
wet,lowLevel.mfcc.stdev.6,0.2919519192655571
wet,lowLevel.sccoeffs.stdev.2,0.2795303322491236
wet,lowLevel.spectral_decrease.mean,0.27410909021273255
wet,lowLevel.mfcc.stdev.12,0.27407486973970663
wet,lowLevel.pitch_salience.stdev,0.27076187467901036
wet,lowLevel.mfcc.mean.5,0.2674635932635283
wet,lowLevel.spectral_spread.mean,0.25645745458314195
wet,sfx.tristimulus.stdev.1,0.25645598431583494
wet,lowLevel.mfcc.stdev.5,0.25514941498840926
wet,lowLevel.spectral_flux.mean,0.25321211814298294
wet,lowLevel.barkbands_spread.stdev,0.2499678047715861
wet,lowLevel.spectral_crest.stdev,0.2490011504432914
wet,lowLevel.scvalleys.stdev.3,0.24411733075976372
wet,lowLevel.mfcc.stdev.2,0.24255880462442292
wet,lowLevel.mfcc.mean.1,0.24176250064920168
wet,lowLevel.mfcc.stdev.0,0.23667713384202216
wet,lowLevel.spectral_kurtosis.stdev,0.2304612856823951
wet,lowLevel.barkbands.stdev.26,0.22545413457555696
wet,lowLevel.pitch_salience.mean,0.22392417970695533
wet,lowLevel.barkbands.mean.23,0.22250748857914004
wet,sfx.tristimulus.mean.1,0.21810704458039254
wet,lowLevel.mfcc.stdev.4,0.21376126039103838
wet,sfx.oddtoevenharmonicenergyratio.mean,0.2123493477993179
wet,lowLevel.scvalleys.stdev.2,0.20926645447616465
wet,lowLevel.barkbands.stdev.1,0.20403208714560606
wet,lowLevel.barkbands.stdev.17,0.1980079690401908
wet,lowLevel.sccoeffs.stdev.3,0.1960755252657691
wet,lowLevel.mfcc.stdev.11,0.19079303913167678
wet,sfx.oddtoevenharmonicenergyratio.stdev,0.1877169177023461
wet,lowLevel.barkbands.stdev.16,0.17449803900672123
wet,lowLevel.sccoeffs.mean.0,0.16821780466125347
wet,lowLevel.mfcc.mean.12,0.16821085500123445
wet,sfx.inharmonicity.stdev,0.16621213626785902
wet,lowLevel.mfcc.mean.6,0.16181191090436187
wet,lowLevel.barkbands.mean.4,0.15220482216682285
wet,lowLevel.dissonance.mean,0.15058568870881572
wet,lowLevel.barkbands.stdev.25,0.1503349181584781
wet,lowLevel.barkbands.stdev.0,0.14815133786396473
wet,lowLevel.mfcc.mean.11,0.14627958775963634
wet,lowLevel.scvalleys.stdev.4,0.14296881393238436
wet,lowLevel.scvalleys.stdev.1,0.1426968285231851
wet,lowLevel.barkbands.mean.1,0.14013354323105887
wet,lowLevel.mfcc.mean.8,0.13524000441248063
wet,lowLevel.spectral_flux.stdev,0.13464245057548396
wet,lowLevel.silence_rate_60dB.stdev,0.13330083612527233
wet,lowLevel.silence_rate_60dB.mean,0.1308530811802484
wet,lowLevel.barkbands.mean.22,0.13048220274504274
wet,lowLevel.barkbands_skewness.stdev,0.12979091711167712
wet,lowLevel.barkbands.mean.0,0.12547344411723316
wet,lowLevel.sccoeffs.stdev.0,0.11700464048044523
wet,lowLevel.spectral_decrease.stdev,0.11415050114010228
wet,lowLevel.spectral_rolloff.mean,0.11322330680559389
wet,lowLevel.barkbands.stdev.3,0.10633870442688931
wet,lowLevel.spectral_spread.stdev,0.10488470410200534
wet,lowLevel.barkbands_kurtosis.stdev,0.10404204380029114
wet,lowLevel.barkbands_skewness.mean,0.10017563379369676
wet,lowLevel.mfcc.mean.10,0.09982251511246432
wet,sfx.inharmonicity.mean,0.09923700531362556
wet,lowLevel.scvalleys.mean.2,0.09852020698599517
wet,lowLevel.barkbands.stdev.18,0.09843860732507892
wet,lowLevel.scvalleys.stdev.5,0.09751282427168917
wet,sfx.tristimulus.mean.0,0.09311253036139533
wet,lowLevel.spectral_rolloff.stdev,0.0908554661218659
wet,lowLevel.mfcc.stdev.3,0.08926276942293043
wet,lowLevel.mfcc.mean.4,0.08865587486798177
wet,lowLevel.barkbands.stdev.2,0.08569478639401495
wet,lowLevel.sccoeffs.stdev.4,0.0855923515628092
wet,lowLevel.barkbands.stdev.20,0.08410190846188925
wet,lowLevel.spectral_crest.mean,0.08018766799068544
wet,lowLevel.scvalleys.stdev.0,0.08005467445764225
wet,lowLevel.barkbands.stdev.21,0.07967145851580426
wet,lowLevel.spectral_skewness.mean,0.07578483040560968
wet,lowLevel.barkbands.mean.21,0.07399017275020014
wet,lowLevel.barkbands.mean.24,0.07148715801304206
wet,lowLevel.mfcc.stdev.1,0.06904264073818922
wet,lowLevel.mfcc.mean.3,0.06740252245799638
wet,lowLevel.pitch.stdev,0.06608520062582102
wet,lowLevel.scvalleys.mean.1,0.06540829072764609
wet,lowLevel.barkbands.stdev.24,0.06265204648661893
wet,lowLevel.sccoeffs.stdev.5,0.05672107120335568
wet,lowLevel.mfcc.mean.9,0.05273982745711692
wet,lowLevel.barkbands.stdev.23,0.05262138950638473
wet,lowLevel.barkbands.stdev.15,0.052562374679837376
wet,lowLevel.barkbands.stdev.5,0.05191870662383735
wet,lowLevel.barkbands_spread.mean,0.051336296630324796
wet,lowLevel.spectral_kurtosis.mean,0.05120618247019593
wet,lowLevel.barkbands_kurtosis.mean,0.050784171267878264
wet,lowLevel.spectral_flatness_db.mean,0.04580572375198244
wet,lowLevel.barkbands.stdev.19,0.045307151551241986
wet,lowLevel.dissonance.stdev,0.04483840228203917
wet,lowLevel.barkbands.stdev.22,0.043607296771369874
wet,lowLevel.mfcc.mean.7,0.03922240303654689
wet,lowLevel.scvalleys.mean.0,0.03847111998766195
wet,lowLevel.barkbands.mean.2,0.037473707663593814
wet,lowLevel.scvalleys.mean.3,0.036938505654688925
wet,lowLevel.barkbands.stdev.14,0.03153779912099708
wet,lowLevel.mfcc.mean.2,0.031284102849895135
wet,lowLevel.barkbands.mean.3,0.030167283919581678
wet,lowLevel.spectral_energyband_high.stdev,0.02940132205549162
wet,lowLevel.spectral_energyband_low.stdev,0.026727063501311932
wet,lowLevel.spectral_energyband_low.mean,0.018629080906976014
wet,lowLevel.silence_rate_30dB.stdev,0.00014812299923505634
wet,lowLevel.silence_rate_30dB.mean,0.0
wet,lowLevel.silence_rate_20dB.stdev,0.0
wet,lowLevel.silence_rate_20dB.mean,0.0
