,lowLevel.barkbands.mean.0,lowLevel.barkbands.mean.1,lowLevel.barkbands.mean.10,lowLevel.barkbands.mean.11,lowLevel.barkbands.mean.12,lowLevel.barkbands.mean.13,lowLevel.barkbands.mean.14,lowLevel.barkbands.mean.15,lowLevel.barkbands.mean.16,lowLevel.barkbands.mean.17,lowLevel.barkbands.mean.18,lowLevel.barkbands.mean.19,lowLevel.barkbands.mean.2,lowLevel.barkbands.mean.20,lowLevel.barkbands.mean.21,lowLevel.barkbands.mean.22,lowLevel.barkbands.mean.23,lowLevel.barkbands.mean.24,lowLevel.barkbands.mean.25,lowLevel.barkbands.mean.26,lowLevel.barkbands.mean.3,lowLevel.barkbands.mean.4,lowLevel.barkbands.mean.5,lowLevel.barkbands.mean.6,lowLevel.barkbands.mean.7,lowLevel.barkbands.mean.8,lowLevel.barkbands.mean.9,lowLevel.barkbands.stdev.0,lowLevel.barkbands.stdev.1,lowLevel.barkbands.stdev.10,lowLevel.barkbands.stdev.11,lowLevel.barkbands.stdev.12,lowLevel.barkbands.stdev.13,lowLevel.barkbands.stdev.14,lowLevel.barkbands.stdev.15,lowLevel.barkbands.stdev.16,lowLevel.barkbands.stdev.17,lowLevel.barkbands.stdev.18,lowLevel.barkbands.stdev.19,lowLevel.barkbands.stdev.2,lowLevel.barkbands.stdev.20,lowLevel.barkbands.stdev.21,lowLevel.barkbands.stdev.22,lowLevel.barkbands.stdev.23,lowLevel.barkbands.stdev.24,lowLevel.barkbands.stdev.25,lowLevel.barkbands.stdev.26,lowLevel.barkbands.stdev.3,lowLevel.barkbands.stdev.4,lowLevel.barkbands.stdev.5,lowLevel.barkbands.stdev.6,lowLevel.barkbands.stdev.7,lowLevel.barkbands.stdev.8,lowLevel.barkbands.stdev.9,lowLevel.barkbands_kurtosis.mean,lowLevel.barkbands_kurtosis.stdev,lowLevel.barkbands_skewness.mean,lowLevel.barkbands_skewness.stdev,lowLevel.barkbands_spread.mean,lowLevel.barkbands_spread.stdev,lowLevel.dissonance.mean,lowLevel.dissonance.stdev,lowLevel.hfc.mean,lowLevel.hfc.stdev,lowLevel.mfcc.mean.0,lowLevel.mfcc.mean.1,lowLevel.mfcc.mean.10,lowLevel.mfcc.mean.11,lowLevel.mfcc.mean.12,lowLevel.mfcc.mean.2,lowLevel.mfcc.mean.3,lowLevel.mfcc.mean.4,lowLevel.mfcc.mean.5,lowLevel.mfcc.mean.6,lowLevel.mfcc.mean.7,lowLevel.mfcc.mean.8,lowLevel.mfcc.mean.9,lowLevel.mfcc.stdev.0,lowLevel.mfcc.stdev.1,lowLevel.mfcc.stdev.10,lowLevel.mfcc.stdev.11,lowLevel.mfcc.stdev.12,lowLevel.mfcc.stdev.2,lowLevel.mfcc.stdev.3,lowLevel.mfcc.stdev.4,lowLevel.mfcc.stdev.5,lowLevel.mfcc.stdev.6,lowLevel.mfcc.stdev.7,lowLevel.mfcc.stdev.8,lowLevel.mfcc.stdev.9,lowLevel.pitch.mean,lowLevel.pitch.stdev,lowLevel.pitch_instantaneous_confidence.mean,lowLevel.pitch_instantaneous_confidence.stdev,lowLevel.pitch_salience.mean,lowLevel.pitch_salience.stdev,lowLevel.sccoeffs.mean.0,lowLevel.sccoeffs.mean.1,lowLevel.sccoeffs.mean.2,lowLevel.sccoeffs.mean.3,lowLevel.sccoeffs.mean.4,lowLevel.sccoeffs.mean.5,lowLevel.sccoeffs.stdev.0,lowLevel.sccoeffs.stdev.1,lowLevel.sccoeffs.stdev.2,lowLevel.sccoeffs.stdev.3,lowLevel.sccoeffs.stdev.4,lowLevel.sccoeffs.stdev.5,lowLevel.scvalleys.mean.0,lowLevel.scvalleys.mean.1,lowLevel.scvalleys.mean.2,lowLevel.scvalleys.mean.3,lowLevel.scvalleys.mean.4,lowLevel.scvalleys.mean.5,lowLevel.scvalleys.stdev.0,lowLevel.scvalleys.stdev.1,lowLevel.scvalleys.stdev.2,lowLevel.scvalleys.stdev.3,lowLevel.scvalleys.stdev.4,lowLevel.scvalleys.stdev.5,lowLevel.silence_rate_20dB.mean,lowLevel.silence_rate_20dB.stdev,lowLevel.silence_rate_30dB.mean,lowLevel.silence_rate_30dB.stdev,lowLevel.silence_rate_60dB.mean,lowLevel.silence_rate_60dB.stdev,lowLevel.spectral_centroid.mean,lowLevel.spectral_centroid.stdev,lowLevel.spectral_complexity.mean,lowLevel.spectral_complexity.stdev,lowLevel.spectral_crest.mean,lowLevel.spectral_crest.stdev,lowLevel.spectral_decrease.mean,lowLevel.spectral_decrease.stdev,lowLevel.spectral_energy.mean,lowLevel.spectral_energy.stdev,lowLevel.spectral_energyband_high.mean,lowLevel.spectral_energyband_high.stdev,lowLevel.spectral_energyband_low.mean,lowLevel.spectral_energyband_low.stdev,lowLevel.spectral_energyband_middle_high.mean,lowLevel.spectral_energyband_middle_high.stdev,lowLevel.spectral_energyband_middle_low.mean,lowLevel.spectral_energyband_middle_low.stdev,lowLevel.spectral_flatness_db.mean,lowLevel.spectral_flatness_db.stdev,lowLevel.spectral_flux.mean,lowLevel.spectral_flux.stdev,lowLevel.spectral_kurtosis.mean,lowLevel.spectral_kurtosis.stdev,lowLevel.spectral_rms.mean,lowLevel.spectral_rms.stdev,lowLevel.spectral_rolloff.mean,lowLevel.spectral_rolloff.stdev,lowLevel.spectral_skewness.mean,lowLevel.spectral_skewness.stdev,lowLevel.spectral_spread.mean,lowLevel.spectral_spread.stdev,lowLevel.spectral_strongpeak.mean,lowLevel.spectral_strongpeak.stdev,lowLevel.zerocrossingrate.mean,lowLevel.zerocrossingrate.stdev,sfx.inharmonicity.mean,sfx.inharmonicity.stdev,sfx.oddtoevenharmonicenergyratio.mean,sfx.oddtoevenharmonicenergyratio.stdev,sfx.tristimulus.mean.0,sfx.tristimulus.mean.1,sfx.tristimulus.mean.2,sfx.tristimulus.stdev.0,sfx.tristimulus.stdev.1,sfx.tristimulus.stdev.2
acoustic,0.2018991902095877,0.04146959201898426,0.271391904225311,0.2097611273129587,0.22205276252134354,0.11441167885868708,0.4527465600549476,0.5398539659727248,2.230477115524991,0.9047899665674777,1.213816586896428,0.17688981781248003,0.06943950018830947,0.2852044557512272,0.5990077710212063,0.4422398075257661,0.14423236325819744,0.14586138121921977,0.2784866568763391,0.7471442692990422,0.24341567715600831,0.36600216123952123,0.30911163689324894,0.07019054636111832,0.1446713837540301,0.3030563967186026,0.04007610271582962,0.1078337460385228,0.018216016645965283,0.12966517301174463,0.17336335480376874,0.14908011108491337,0.1089637245954691,0.07416289678849353,0.1473376444191672,0.21973779215841205,0.12694894200467388,0.10986170533760742,0.16979753342457116,0.08209315862040967,0.0956655767877237,0.16821187315508723,0.06139149896171148,0.2629256072323187,0.08327627887047129,0.2538489318831125,0.39149519632428564,0.4333966074627824,0.27438196538423654,0.2795446806876498,0.17180328326503513,0.18394050177448662,0.07885510491541936,0.34618193375717965,0.14076952022514888,0.031167229302809574,0.06835281396342907,0.013629703127662651,0.04529236819507787,0.2958033102004265,0.3432974632596597,0.10865089961953345,11.051522871755878,0.47854560079576913,0.24315684625616996,0.15285892693282221,0.04877272796147736,0.012293575317016803,0.044373718320457556,0.12064452867343789,0.12171320925699547,0.09578866730407753,0.07615482679761953,0.13128002488883794,0.30810500946608954,0.12159562612214359,0.060295259521808475,0.4093648393509284,0.1924628595879767,0.4566351151033814,0.38360773389285896,0.19591923947177747,0.19138471509904775,0.1130815522847115,0.06853253790541203,0.24284519921639003,0.37414765910216374,0.6899748349023866,1.0707853764361062,0.5076938040324421,0.16196257121748658,0.13901568344954285,0.21241436042328132,0.7597742103753262,0.28056776385346893,0.028719697473206907,0.1741760610275378,0.17392196114815306,0.2250291996042506,0.12375043688734877,0.12870839349125163,0.7085106760860072,0.0379919133047224,0.11323768496367848,0.07929422657980467,0.05591027993068565,0.12531126604153542,0.08902155798932654,0.06546020992027479,0.16828489757608622,0.07943871944735292,0.4808253793089534,0.8647701978588884,0.3985855452774558,0.09406752361428516,0.19186338848976447,0.06761467496835394,0.03872727768612094,0.04129538360211882,0.06397187105176272,0.0,0.0,0.0,0.0,0.4727456628534128,0.04156077112929779,0.12092010480046156,0.05229845813119027,0.644628749731055,0.7852555113495328,0.052211173926480114,0.13308743187371874,0.307311471333378,0.22118519543801085,2.2450793497446284,0.5036551181292452,0.8612199194212735,0.0949691589376016,0.07075747822818812,0.06917021199478768,4.386181523807409,0.2973607116200583,0.34248745814329595,0.8019168218452251,0.21893337805158808,0.035459964336041594,0.8462040884624003,0.09742139809532091,0.3501689164677373,0.15609487088340757,0.5488918018745608,2.13099111696647,0.08490220455132658,0.081660103489412,0.08203049211442703,0.09760495003138203,0.11521669638750609,0.08804940168920439,1.3883426958800555,1.0167185192931356,0.14167599481152138,0.09988311455344956,0.16613536059958278,0.23430772832216462,0.1133026264142245,0.13253334543696837,0.0955544200114673,0.08582255362307478,0.04981041737119085,0.22423922876441793,0.20048601617327222,0.12064377884235
aggressive,0.03623746533412486,0.034309520704482566,0.5373149060915239,4.733993477304466,5.327456020400859,0.7593959655496292,0.3745925568291568,0.17568099668278592,0.18999465845990926,1.1665460465592332,0.26131883563266456,0.011176030930073466,0.009096655063331127,0.012034457926347386,0.03242766859898438,1.2328908703448178,0.013625214982312173,0.6520565169048496,0.261099689087132,0.739192358290893,0.032532756886212155,0.03720330217720402,0.1670679314993322,0.23166529648005962,0.30680814325023675,1.0795441397785908,0.12076134982635267,0.00386717572928319,0.010944143170490861,0.2502274004800711,0.7506939025188331,0.7418142879614606,0.011032867547328351,0.004371726041426882,0.007258157658725395,0.06582856204477139,0.34370089159347117,0.06734217964549316,0.025764116435311735,0.024634793466248084,0.005662683692207793,0.0019421123569713927,0.0012432759685907513,0.09300432500458555,0.0036767800338566303,0.057052395364735276,0.3149100687878672,0.05850756837753579,0.0072076764481607825,0.16061486484341003,0.08577711309771985,0.3106274868478067,1.793724687449867,0.9077316168841207,0.015730166063804063,0.05539376148954034,0.10937094170367345,0.03843846739619039,0.010775023081805557,0.024256078599137254,0.14724825394296204,0.014354142069350928,707.6207615783533,27.682786088436842,9.813041609675565,0.03696668436168693,0.05259046075116203,0.03320515304221772,0.11416799250582699,0.043765083835751284,0.044276797510974575,0.03133170549699571,0.02893174806376919,0.008752933179493994,0.01520186911734811,0.42093999024655204,0.012989312032004818,0.307530001118721,0.0082473155016487,0.3417151037929642,0.0037143229601497296,0.10266215240244492,0.35453974502161145,0.03778764721516836,0.026835453891180805,0.09520587595761754,0.07067550119109,0.5549045007210225,0.5391135771787958,0.7156083441514056,0.2473080316776759,0.10236810135552332,0.06431861546298023,0.6749475346878171,0.019073304429184645,0.04115855290001491,0.035611626983154565,0.3161336051634862,0.32944338474044343,0.18442293931002496,0.005366848023044213,0.08338523664860986,0.007791989257384557,0.036372803326230496,0.5146715971524003,0.0780093123394181,0.015557402250124142,0.01189115439865418,0.040813917465129634,0.02301932021509856,0.030795958992712258,1.1183221419341862,0.020621806907001883,0.014874540429445915,0.05354744812939316,0.19415083406784106,0.13338300616305787,0.13215865257097903,0.11083270615199581,0.022735218197340146,0.0,0.0,0.06356529984623194,0.01826305064605549,1.37897508952301,0.0023873049940448254,0.05998269241536036,0.00044365641224430874,75.53233797859866,107.5926621821418,0.005486396806190896,0.12906339268374722,0.01397578784963116,0.009780969936400652,81.75979319994804,0.009723807743284851,1.0193160851486027,0.008235697110649198,0.006276861560763791,0.0013144849799573421,24.77228671488683,19.10055444034515,3.3600613356393296,1.9833309523446587,0.0034591450094012544,0.05523544523748569,0.21625586460140767,0.010347314062528312,0.18627744778041233,0.4258356823283975,2.6304982361689326,0.2797906086780131,0.07826151263725478,0.01477148404228501,0.2196553427602339,0.6982348991150502,0.23210531240692944,0.009312272231909446,7.984324520301016,0.04731713904766366,0.07883001177106053,0.009030026936670765,0.028820028324844316,0.02240576987969689,0.11221261415630579,0.16288704577891622,0.007957549765706062,0.03885368414921686,0.07566483315167716,0.3359976432475378,0.5163635469913288,0.20055383459657605
airy,0.3027643066307064,0.1409009035269264,0.5117884431383573,0.2648668170440942,0.2875382044003345,0.07587151345796883,0.28078717819880694,0.11743920875596814,0.36760962405242026,4.638146412646165,9.623539164604153,0.7858070701477118,0.15861127332027536,1.9964379757002462,0.48746832567849196,0.38633942819433287,0.05404216570605058,0.30541471886681393,0.6769036766199861,0.5175883691408671,0.07562020886689425,0.13978458155179396,1.270658392837504,0.13247812096960843,0.06428409897489473,0.2433296278177295,0.19265929132234305,0.05553607706679031,0.05414238417870365,0.4689744641073048,0.5250308770919219,0.627185632387409,0.16002898884471506,0.06791993364458904,0.04368422398692928,0.43208627292187884,0.2636223589943256,0.3444901679176837,0.049768377910368145,0.043969064427074045,0.8368353868136182,0.06828982409206219,0.455410201306222,0.020378413231810555,0.01175070708268322,0.3028957571950741,2.876300437928876,4.365698707057163,12.592716807615943,0.2906530793989077,0.10320115390641149,0.15478663437534124,0.08029797684866935,0.216075359727256,0.07393203495303169,0.23781745220185257,0.06944660175940953,0.10599038086365908,0.0881679770827759,0.5674353296926711,0.051504336355719715,0.06304926483426243,29.936008302145638,5.356463623174932,0.21901868635904975,1.68509333813563,0.18867468836833723,0.09118808369385079,0.24164683787967078,0.1033808424253948,0.1732996979408199,0.19344592120614834,0.14589955325936899,0.204726926778676,0.14681619170005433,0.5834099854691885,0.10361662576906383,5.590389825927559,0.1728923345799558,3.363653172214981,0.8605845172423869,0.9120326750125969,0.374815498420503,0.1696631638915278,0.12337465416931082,0.24982077053573448,0.17469078616704792,1.2308852575661149,5.026655765977921,2.5473997798690107,0.36577531963121146,0.2787693052669056,0.3631504491204396,1.8907549013383687,0.11518684765906073,0.3808849254855886,0.1375237681204453,0.1442303856019862,0.8609673006285448,1.1647402035305277,3.2963663385016844,2.640754322783323,0.08664518216392025,0.46431879702140577,0.8428946339117829,0.24078546365490183,0.2225058074691333,0.32993993925629184,0.2032251300988719,0.08110221798415296,0.41542845591902733,0.3709070564364083,0.7641258229268715,1.2656034591927892,0.32598121860064566,0.6499570257728919,0.9376992279430851,1.4790047757851426,2.6826741113036405,0.13214537280146033,0.0,0.0,0.0,0.0,1.271886584290769,0.5993323218426667,0.009072846063645557,0.09254132173373364,7.485399473865982,4.066342786187306,0.06687281193444505,0.5143428481533192,0.5573300709365867,0.14911846816539764,1.8316631700727157,3.9602465645002667,2.977963975223247,0.7218699437798932,0.19471211891504936,0.06283483147853985,32.9216100997146,3.0065462505153846,18.099585055897478,5.9748111587250605,0.0686344400892267,0.020149578631389886,0.6192017354769632,0.4567864511627704,1.410405365866609,0.08539325938909315,1.1884135522996075,3.0275177964067552,0.04557089711306617,0.32025210894062184,0.3575163298373809,0.24350350146414712,2.323352664883714,0.14922427263809368,1.5677305990830064,1.5379439910466317,0.19487942568957806,0.9429185228073038,0.24000640904705506,0.33746265814988874,0.2571648462326266,0.7044378564169165,0.07470890032709576,0.062359519535675645,0.09104446816490963,0.0776918577903416,0.5636990068596788,0.1468565634568222
alarming,0.045090921374139725,0.04435796126927016,0.5784753214793454,3.83076178196643,1.8106343023719091,0.3089501678823581,7.3721349718416604,72.70519702730235,0.18991402726896922,3.6602624454499164,1.1132288488151971,0.7826555712308618,0.033935158053282066,1.5845252697836258,0.040778867678454844,1.7261062621091696,1.0625553977261006,1.2085816998660448,0.11100698395239306,0.5634362708569824,0.08134930939195328,0.060812336751041585,0.4434452625519043,0.5687022075198911,0.2493939455052896,0.5521371942668338,1.5221552105504088,0.013171451781090582,0.08943004553657374,0.07726778836513404,0.7951081324827101,0.4114031589924707,0.09598883627404575,0.18743963314409484,0.1448473846012348,0.04111226355053077,0.16542203363133012,0.28728182263148483,0.03955621570457879,0.11721731247234857,0.22871861916792113,0.343914443426911,0.05382040254517051,0.09236866034552804,0.1205534494620224,0.12446535509661771,0.04121692285843892,0.034512548616476124,0.15031021665708977,0.5524918912597059,0.21155759580506128,0.3977862014926359,1.1005996459207381,4.726858024067042,0.024689569381735055,0.19986986956064356,0.11711031386585091,0.2480354224680923,0.031685209538409254,0.09726073541605729,0.13714996825365233,0.09836818491385202,349.8826604316964,122.01067841322583,4.094741791333945,0.11452686271150014,0.037844502527150325,0.12832958957187657,0.03801219683373347,0.12732744139793795,0.09105222202197183,0.05273015764396405,0.05082800778109231,0.11353222593425016,0.04740488078459748,0.25314591586175084,0.10426207143245847,0.05460433315238333,0.10239615245518507,0.33128537956872606,0.0861454774512822,0.06473961044139287,0.1809173380715947,0.12468738143797964,0.09691775436567696,0.13619846296751348,0.056282807930983836,0.5623915641990607,0.22079822561863693,0.5842600728865364,0.10597300904555595,0.0174369740216207,0.08789524529129267,0.17428517277767241,0.05212124081663205,0.05082590027814149,0.18764389517673408,0.14699136878516583,0.16357020822579216,0.3875686471037625,0.14484591283689952,0.30567691824035137,0.01501959905908734,0.08497787415763014,0.24479279798924836,0.11131926749658305,0.048123599466634914,0.043202728965297865,0.06280864339350956,0.07961820549098775,0.1016020588176616,0.11323020621057367,0.21091180769144557,0.5443356271425728,0.0241900662331318,0.06404996463970747,0.06904985816800036,0.015163773414315074,0.061770913685904816,0.03296991185743536,0.0032472899183630943,0.0011104452023573685,0.00018016700050793588,0.011543859509401955,2.081011897751523,0.041679981812194455,0.09875864303830895,0.04724260240618605,82.80580971905692,5.846135348001553,0.018459298607922392,0.15387044716408127,0.42751467898415285,0.02999454114251421,34.61401371966349,0.13679071910155471,1.1024715115127037,0.0352932582172798,0.19368980854414986,0.009583486180417822,15.677586406000046,64.97956093850371,0.979786564817914,0.24079779920430155,0.03562156569751096,0.0617359206025867,2.6321318639966194,0.0700755928965009,0.3877847860348993,0.8077062631564331,0.9137175142241176,0.24215911689316272,0.18940234786714427,0.03211381027904281,0.07106853268123814,0.22428330157708842,0.12205655246179958,0.06939168169083132,18.72856600806699,1.3909662357236812,0.059401241625892,0.029111943527823314,0.05329802334745182,0.021233071234746603,0.09940915095376113,0.13059252594212012,0.08864214699315198,0.06385906392642937,0.19085609681496862,0.3383372540210985,0.27812241373794677,0.09170826235640561
analogue,0.25360104735284494,0.061250532462509,3.1757279884276386,0.45969455385795754,0.539910440743995,0.15561767164313667,1.1246881432137457,0.35940259093632676,0.45780098294414984,22.30447588767356,9.666098736194709,5.381453403069372,0.2502683119558924,2.1729675666392723,0.5337826586919618,0.4783942939435235,0.6694831804888963,0.6690195804732184,0.7316099026931226,1.7931172200003402,0.36239684501285296,0.4834609579586413,0.35593487611728314,0.6501680843012636,0.7143648449273314,0.8052872483740998,1.4579638135713395,0.08423268231433667,0.14151191261589702,0.8427468042768851,1.3086057624041132,0.9240565609050861,0.2025634565034693,0.15354017123627273,0.3521148659917799,0.14993999853516016,0.22294940277765818,0.2221849801856024,0.17770956589214393,0.11116164702207243,0.07792501073936364,0.06576741840126488,0.1635852284862267,0.17317123505927157,0.16711548959278844,2.8827942391514796,8.198166460922781,2.067571195960454,1.234583978007592,0.25126072829300483,0.5794321792808006,0.49514161168463033,0.6719854085916097,1.1652755491886637,0.14482556308473704,0.06269082662970504,0.24933047613559722,0.0917610937272002,0.15575462560606468,0.2198791584645221,0.31544566487161774,0.20455089945000182,46.14989711708064,11.361560732945378,2.034718433677881,0.6693624205672677,0.031562388772535144,0.17114765789062858,0.14579917240967433,0.07867740097344722,0.0791384446778629,0.2611319058571553,0.06694184616890198,0.1517822864755516,0.12960910681601945,0.18299795110274886,0.07235319506470511,1.3736476126875914,0.4714226017362506,2.481577779796325,1.6261800487638993,1.7450827303656524,1.5038037546929814,0.3295102102311489,0.12182390985935854,0.5584542695554084,0.5141797640765162,1.5393623203940479,1.5998850148500097,2.4098942328623423,0.8760419243925526,0.5126048552178553,0.625066211026251,1.5612640831814948,0.22299527305806066,0.10141234997399806,0.22944873313917924,0.35246392555788475,1.5833384688704264,1.0970913051584148,2.9857025814152323,4.784572038863594,0.10092837332445015,1.0449318796792113,1.17176828971661,0.4873939753438208,0.40943753731221477,0.2116619744576269,0.342609297468897,0.24000885527129867,0.2160587158002727,0.5350052553844762,0.7978244648198256,0.7784047959394229,0.8247310527705096,1.210292093821863,1.7859785315440604,1.6437013807509935,1.245003569201799,0.4553743355354811,0.0,0.0,0.0,0.0,0.6607670989444614,0.16878942108015593,0.04868364297209382,0.23962229300911986,1.9045760917804557,3.356274276565273,0.17075679474260141,0.14871900713854735,0.37193411580358315,0.3632153429958329,2.929886794381673,13.311279714815402,2.0141385373626353,0.3176571726245925,0.3345625343383176,0.07206385030372076,27.58939405821286,1.3228977972202216,3.6498402598190296,6.376459795109302,0.4397446211778515,0.22959294004496655,1.2360578120683794,1.2960233161653605,1.2697799458709795,1.416483235409828,1.0128474264396345,5.9718863234024155,0.2131817439999395,0.08319951618591404,0.7027271972567632,1.5544584387380382,1.7255474221510667,0.3917681988992605,7.898937434899967,13.121666740531936,0.15030629251396022,0.09659790956220604,0.37744700644082485,0.5390641264582428,0.07073920930952227,0.09103895482076041,0.02766729719304095,0.16219189448202087,0.2304691769420799,0.2545550687063951,0.23741007138266923,0.16566734860953147
artificial,0.19033428077818826,0.05871930320063257,0.3138451343183988,1.418991017366352,0.7822469042812372,0.02385489966854948,0.04845398230099818,0.08626371173522784,1.1775956323363062,0.1557869737753208,0.951701952770236,0.16815922198657063,0.10414032182416122,0.22349014857354632,0.009929777535944595,0.09417335414764239,0.3223588928249228,0.061036284736474045,0.4811297870037379,1.1253788826543314,0.3867176792864484,0.11820385637656727,2.4424377165214537,0.1414172371787572,0.0333841806395867,0.03221973663312383,0.03882736798914266,0.043126848697284004,0.020658921808717423,0.20497353966129594,0.13274479192477884,1.4952433742018911,0.12163701755162037,0.2014941260094929,0.04343994850569288,0.04121405201476591,0.05650759074342204,3.3549916229458177,0.04333649863292521,0.048324532089282,0.08551439336406474,0.10068089556625637,0.012028603005092009,0.0038879591193108354,0.1648008138363366,0.7343161090902868,1.2136975683224591,0.05658913728984771,0.4941583688123501,0.05294697457247821,0.32163270497039775,0.39183296249393607,0.05908719010403729,0.5115675859651674,0.09271086051649036,0.07269059722602833,0.041408283101191046,0.0846949203796612,0.010472559246409219,0.117956754831539,0.05503470311850833,0.10015715947156423,96.86782037146804,59.93978265107762,0.24597761371660454,0.05210537170569296,0.028725703966301808,0.1103919287552344,0.07066255050631298,0.03356841066488414,0.41223683464704663,0.0451741736214899,0.033222180216398556,0.01744301663529768,0.046377736809517955,0.19792646051064366,0.13373483209579717,0.08641675206854416,0.07374381863155577,0.7563398316669918,0.18282184856798267,0.13191223224021087,1.2813396515703062,0.054129128893691814,0.2502438666342641,0.3080073305845872,0.06381624001005548,0.3716989484219084,0.9056043852906441,0.48626865796813945,0.20261938931798795,0.16919035735554644,0.08173112907024915,0.9773379583984934,0.05607263159345166,0.11709761478778091,0.04202334776346106,0.2230174063006416,0.9932413812857703,0.23513778514461592,0.5893562949149782,0.10343310463758826,0.0985092241789971,0.06717649272832205,1.304551348388486,0.15868904841408948,0.07454608899206505,0.0893352286911977,0.0835301944953244,0.07980743250664091,0.11871273707038199,0.10006458984753408,0.09348103762931714,0.2657578149355686,0.2200706847370384,1.1535928315825004,0.8938143483701424,0.7957158161234474,0.07444598150686943,0.15702213709664647,0.0,0.0001543240068713203,0.0,0.0011469444070826285,0.6017082918533561,0.13375376038675313,0.20990111353785323,0.044444511830079136,3.4385243398974126,1.5391551806369534,0.0031726387296657776,0.24815469611166918,0.3093229295354831,0.02869916378040216,26.585989171129768,10.974311357455008,0.8294608052765398,0.042830192716792226,0.005541236399949412,0.006007534952004789,2.489681416334861,1.048828025956027,6.119357032697735,1.3877571801785962,0.019448279141215608,0.09296775357779552,0.11251715334947221,0.02722170945708058,0.5489099265141704,1.4744605433224933,0.062120286227582255,0.8432223971985877,0.0060581239449675195,0.21381325262518658,0.17773546223543235,0.6281670157259214,0.6061414071227773,0.07902778814423073,0.7358257502492052,2.396541745691138,0.045177847088780254,0.3961739737442258,0.014167797118716408,0.053320096150855534,0.03439927226827422,0.14615608883832465,0.033695648217872076,0.01259217046208505,0.1041543770716089,0.26813825576937234,0.15784323228581343,0.06200073819491081
ascending,0.20343303897652731,0.2234589324641547,0.3624254449615787,0.29204389405105147,0.1457745895359892,0.10905530851778167,0.16157757668099748,1.3909729120112928,0.34338797130260446,1.157801855341276,0.5665249137025512,0.34064836923181474,0.18419047623109464,0.5400814760304229,0.2341055630297717,0.2521510528352451,0.03617268114885519,0.2746796636116642,0.37562257188726456,1.0493551062390338,1.3274173422854503,0.3869759137026696,5.1071161274193315,0.1987462570486116,0.33456111906323827,0.27292793595933773,0.21025703796537698,0.06789287236574637,0.16712031792076232,0.5209007088291742,0.12234809417071801,0.5458603593731937,0.21654271478722364,0.43826720854690393,0.6109122122752524,0.16273696329703569,0.3373329529044895,1.320878033630322,0.06555075887628448,0.06843363496162169,0.09415782073756418,0.1573169525901701,0.1488182895543133,0.13888315772805981,0.047896567473003415,0.35114200816241237,2.276813473003955,0.4280667486600578,0.9971117292566305,1.3578357004962527,1.113401617868099,0.3237191738074161,0.40146691786924293,0.20188238431286853,0.04832760521933466,0.12318366833818573,0.19826128667081377,0.2114971521807547,0.06800471462598523,0.21645442421112193,0.18586125572856815,0.12826471429065123,5.082940341016823,1.6617948603617947,0.9432655601949591,0.13179064564440068,0.16398498305500198,0.08321461239749794,0.12039493744768492,0.07493744766799182,0.11909292843901653,0.139827258194142,0.06210705404737382,0.21518706645422725,0.48505135307680547,0.873999984241749,0.23094235218935583,0.8934454041143738,0.10527110723437261,4.637129901157614,2.1287025841022142,2.733845808144096,0.34222625214310787,0.10577059789579835,0.18632992672350746,0.5777106525352167,0.2096166225558136,2.164601954776657,2.616969229754975,4.211919777325306,0.14190445063343304,0.13113950819599296,0.14488203926543974,1.5593887106402933,0.20692927445850273,0.10606303075968526,0.05911660537140051,0.2732346706463318,1.0591913419439436,1.8875711224670226,0.9551957367228852,0.8038168086710051,0.04211352498778709,0.09721174480847594,0.4747675074677886,0.275783867840687,0.3798120615614735,0.215601171443339,0.06724894644102619,0.11746828143208177,0.2237894109222367,0.2840375131569033,0.9173016071756024,0.3495884503432194,0.5967164687319126,0.8104655987663136,0.6055263996376254,1.3034007257583795,1.9309398066570225,0.32131709404313824,0.0,0.00011997000183328055,0.0057917480456710635,0.00966869509954904,31.627523260164708,0.43302571103930276,0.06490924096547701,0.15089843167748995,20.17713523801494,4.186677731123719,0.02682111989057913,0.45676594289407824,0.13722766826079713,0.1045216499092021,29.75784362496597,3.134389124500217,1.846714031216834,0.09183224770555398,0.11703034246588828,0.05493076737839431,4.106002038904762,0.6164251578863968,3.9443355613005835,1.5774633780837348,0.05021772366971078,0.19269770901371638,0.28329918512929453,0.09458117077521422,0.7533904634235569,0.5775829410529241,0.255630073335567,1.4640872897669368,0.04930762508411135,0.3674256349272582,0.8597058310598271,0.46850026796586697,0.7936858447973236,0.1753908483172184,0.6936184718399119,1.3096399492769422,0.04260445396494106,0.8655650818145375,0.11141722478436122,0.08563950290251299,0.2049341675526417,0.30622967746544383,0.03931001324730232,0.1575654202432304,0.12312083697508902,0.28341069085126946,0.4482590944458167,0.08138445589281318
assertive,0.07594697905005887,0.06759742671420099,0.34354743703079293,0.7579241390521929,0.20983830385375768,0.20685627436614595,0.09681693641323363,0.895604989171261,0.044299112443695776,0.1594743211826426,1.4549460604321212,0.31450214351934846,0.027630935277557,0.09292806391385966,0.07562839778984198,0.09444604639429599,0.1472670268994989,0.21560693468927639,0.8278050367662217,1.6312308197375387,0.07111191934382077,0.08206553100899328,0.12061209691455588,0.04529701638966799,0.06019100986304693,0.1613916140049696,0.07121422741329297,0.09946441600914113,0.15320365500519983,0.08118205446953652,0.25782392073597293,0.41076630712086626,0.27413425681879744,0.05126375088002533,0.07037948958895868,0.07859062253555749,0.12456558219855651,0.11634238402621122,0.13525921682594344,0.04101643123431131,0.02960368141066283,0.10280866063112626,0.10602331094560213,0.04237107012886554,0.06043139492976479,1.6361687470052857,1.1072269070136826,0.01795733015751466,0.23886892769951373,0.09481004998087883,0.06941883231047541,0.10655759695509914,0.07162526674801484,0.3546143009152729,0.03965097080799751,0.10111302455334226,0.1335632675800298,0.18365842608909588,0.10221529079717584,0.2831252413452603,0.21447682411235292,0.45272559745353647,57.37242353662077,29.57629725120205,0.35691023684921674,0.0734808022971265,0.10051547597686294,0.16458657218026929,0.0379689750225225,0.06273850266006775,0.3010471015586518,0.12992391983425478,0.08798584452597424,0.04171000116184587,0.08801378148200456,0.24215857046510791,0.11784110587905161,0.11013919294782681,0.03984903122182004,0.9327092254825402,0.7017815770741436,0.12663171582607902,0.7846680391885457,0.38673798882518895,0.06203953205840662,0.1053262601053575,0.19696086474868935,0.6024421190486464,0.9348205027199583,0.33895451333228266,0.4815312370774336,0.47235948299930897,0.30323367936944123,2.0212671739864163,0.13157989585306495,0.07428077286022017,0.03512430909904651,0.17100479090004228,0.5366334999998799,0.6080920189706376,0.2413253988197539,0.4911286853021011,0.09081580876954831,0.09548274057306116,1.2466570325341308,0.26353828705032356,0.3735568714037072,0.5356380516859645,0.16695292152871843,0.552626698219683,0.07051959593081847,0.6061497960108682,1.3469537225028034,0.2708502566383686,0.4295683925593039,0.26928073714952916,0.32229233501129784,0.522172631273861,0.30170172594080213,0.20479370453540469,0.0,0.0,0.0,0.0,3.0517861835760414,0.011262468018685468,0.07394791470142081,0.20702693995554,2.918559845616983,2.8358962081256323,0.010430847076349892,0.1772760410021874,1.1453757674680674,0.08645072891522432,12.335420786301256,2.7610857672189013,0.767945983359823,0.2036266395880375,0.1613687030840083,0.023283947783056647,5.969657018518774,1.6045106511810445,2.937960741459392,2.5661041274943273,0.16146290133474395,0.05625151435378939,1.1750607489375398,1.1494160268339328,0.2587695470720064,0.31256575147563126,0.7482346866163425,0.6206538185506361,0.09157788404263556,0.06881748192972736,0.08869592312839814,0.4621843507338781,0.3282696015521651,0.1949529732373776,1.1538929184098379,1.3416309021267807,0.027162923710420728,0.11617350729648024,0.039077091714716516,0.2357459761424252,0.07233375147916377,0.04700997398322215,0.05759530948125757,0.16500819390057586,0.16169634147081524,0.11250386942265322,0.07600165937219572,0.08008281423826702
awful,0.10879010171629488,0.050390776130370796,0.02557238016743213,0.43551080336328596,0.74220099626109,0.39441555098164827,0.010101259918883443,0.08878702111542225,0.1370710110059008,1.0560953217791393,0.11732379323802888,0.014233600348234177,0.018631060025654733,0.004582848981954157,0.1050190704409033,0.13232326647266746,0.013706280034966767,0.012231431028340012,0.23082209180574864,1.9435288690729067,0.023049260140396655,1.375526655698195,0.8766125976108015,0.3820883750449866,0.3260805489262566,0.5512927091913298,0.018443574896082282,0.014532539993524551,0.023601570283062756,0.007821650011464953,0.5097194519476034,1.5904934797436,0.024393039639107883,0.028924298763740808,0.023349171911831945,0.004361619940027595,0.03866198915056884,0.07597280014306307,0.06796030083205551,0.0027475100941956043,0.04061854991596192,0.036474639928201213,0.005103979958221316,0.012896970147266984,0.018591149942949414,0.027616879669949412,1.0981677656527609,0.16101745463674888,0.027159889577887952,0.5984455866273493,0.6912940297333989,0.29389900533715263,0.08301216847030446,0.04426368104759604,0.03409632231341675,0.03570901809143834,0.4193581124418415,0.012029285950120538,0.02793467993615195,0.05622758902609348,0.03132585424464196,0.12507035213639028,254.65243007964455,1.6132872221642174,0.17667386692482978,0.013364694954361767,0.09475782857043669,0.0273082384665031,0.13660688223899342,0.07096619822550565,0.06145862297853455,0.04923653192236088,0.03673931889352389,0.04196144614252262,0.03228129557101056,0.9405922401929274,0.02851949376054108,0.384235592209734,0.02676504966802895,0.7188135349424556,0.6298598952125758,0.9307053572265431,0.16079924799851142,0.04167965828673914,0.1241915745777078,0.28706220688764006,0.06886839575599879,1.800678849045653,1.432105798390694,3.6548767997301184,0.29733717325143516,0.06263624934945256,0.034826161339879036,1.1166347696562298,0.015254184312652797,0.011043772014090791,0.01621329999761656,0.03920604716404341,0.15889227099251002,0.04719266080064699,0.0494025400839746,0.18733567875460722,0.010343067871872336,0.0336565746110864,0.28998344056890346,0.05557643773499876,0.06260253657819703,0.0619100802578032,0.04764514940325171,0.12367471866309643,0.030985408433480188,0.05827472941018641,0.034851380391046405,0.1208294698735699,0.15063920407555997,0.1542816295986995,0.15671738237142563,1.0065438079182059,0.49633973464369774,0.16158540442120284,0.0,0.0,0.0007523500244133174,0.019288774870801717,16.303546987473965,0.020633039996027946,0.04475508659379557,0.04024598211981356,41.14049971656641,23.338239248842,0.021081319893710315,0.07757884461898357,0.018800669931806624,0.10225372749846429,8.787370396661572,0.14908248034771532,0.3463572517503053,0.01683846046216786,0.003599260002374649,0.0069846599362790585,41.47157131833956,0.041385771008208394,3.1543227302026935,2.591457136790268,0.05005865980638191,0.48249509412562475,0.0386567396344617,0.015680819982662797,0.4727389645995572,1.0108268331969157,0.27609099308028817,1.3627624965738505,0.14275591960176826,0.0037646598648279905,1.059160795470234,0.22938075952697545,0.35236505820648745,0.02757458615815267,0.18305301590589806,0.05415819020709023,0.27164259960409254,0.010611535864882171,0.09257740268367343,0.15333043521968648,0.05553295474965125,0.20311864372342825,0.031122977088671178,0.0228220010176301,0.04834449605550617,0.11492429475765675,0.8673370282049291,0.16780878277495503
balanced,0.28512135110941017,0.4499649979188689,1.5604641218524193,2.6761785382404923,3.106465157252387,1.8995834595989436,1.1426249713258585,1.7226994365337305,1.756000734254485,3.563209069048753,5.863541452148638,0.7566653272806434,0.3590935022220947,0.8732625579068554,0.514284062817751,0.8311275624655536,0.2535896956542274,1.0015999251918402,5.122663369082147,6.059776528090879,0.8325381523754913,0.4843835100327851,1.602290236056433,1.5207773835281841,3.0183353343163617,3.606043813924771,1.2234830318411696,0.16092103817209136,0.3315464924671687,1.805129307525931,6.041305950930109,19.668854720846866,1.87159845296992,1.971847024615272,0.541944758297177,0.500385476880183,0.6731324331849464,0.38830332974612247,0.308431937432033,0.48397391993785277,0.4297384389064973,0.19707348650263157,0.7718876812868984,0.3339030216593528,0.4325210545939626,1.5320470458391355,7.823583178535046,1.1203220727911685,0.176141771604307,4.933251031899999,4.8138790109951515,5.9149670176557265,4.017861576445284,3.4144861423010298,0.2479639477096498,1.306069974820275,0.2181672879078178,1.2782164452510187,0.22364285845833365,0.46941499714012025,0.14591631162329577,0.31987405583640793,1382.8120768021763,86.41608492213345,3.439646531965991,0.25301049526024144,0.6948573288391344,0.432259504472313,1.004496486246353,0.21805769752972992,1.220978387776995,0.26370828880317276,0.2626168384194898,0.3644817158783553,0.5879350426257588,2.002977534855745,0.6240255220145627,1.4910157024205546,0.3172598342207493,3.108354941345169,4.817683652669075,1.6557575888364227,1.258935525889683,0.30885233625303954,0.45743334222061094,0.6644606299378211,0.6335670547996415,1.7814211027907731,4.086860031733522,6.032640648656525,2.455924516529194,0.9808836713054916,0.5814362361270469,8.033589020160434,0.6224326703231782,0.49154683378583286,0.5405594205367379,1.011859830148751,2.625516665459145,3.7577406079071807,4.787224103005428,2.2055353081959765,0.2909420651340042,0.570998464954755,1.8609307707301923,1.077815133612603,0.301488068245817,0.5735974511662789,0.501322484065895,0.505771511416242,0.4171873164741555,0.4665923359061708,1.2274659847607836,1.6703874873855966,0.3892173680505948,1.3019502656752593,1.4957188282751304,4.13829038523545,0.789244614825293,0.6824740315423696,0.000274001999059692,0.00031794499955140054,0.06643843141500838,0.027671234362060204,13.441253114142455,0.9604626864165766,0.2406144236010732,0.3400425301952055,35.747483772465785,118.93608049239992,0.4956704420110327,0.5835490870813373,3.085379955766257,0.5780926246297895,355.00464337434096,0.7620378832143615,4.635489088614122,3.2726736566837644,0.19547961153148208,0.12050752549839672,35.73960067306325,13.495954951773456,18.082416409823054,26.092431561090052,0.2382626635953784,1.367188591255399,0.3902105328888865,0.4039156122453278,1.4433180781561532,2.2201150927576236,5.714302844833583,8.357465571098146,0.4470878485153662,0.6042265237483662,0.6126113839418394,2.800318746623816,1.7755188880619244,0.4777317079642671,12.889714419885422,4.426682212135347,0.3798884317075135,0.19798812986846315,0.3677686818919028,0.5598920410120627,1.1284847881252063,0.8382169340547989,0.2989024291109672,0.5543904499063501,0.27872361108165933,2.209424647866399,1.0857998265491915,1.2697777474968461
blunt,0.08308080674055418,0.40778322864010796,0.5200644314260217,0.4570072991837151,2.2209023532446963,0.3841741695570704,1.3435327367916443,0.2787794310991103,1.5304957776497758,5.240964092458455,7.869659082822864,0.6036533842889185,0.0972715169955336,0.898972757777301,0.4417573973710205,2.289232683202613,0.7856926293447941,0.7694560989566526,0.1300066270798652,0.5398029460828297,0.3219135231565815,0.5700820608496997,0.45117193789697296,0.16381689303597113,0.8657314669035259,0.6958846747456846,0.31837451004685136,0.3659708876593868,0.6017849059135187,0.16007948702934982,0.6188590513316967,0.9824400679499377,0.15622038684136896,0.7788207601445265,1.7872891881124815,0.4904673235141672,0.3118834605952543,0.2624723741123489,0.16500509357251758,0.1443069126798946,0.13833951373999298,0.13367654914145533,0.35617378473489225,0.12129843273851293,0.328779969313473,0.20722418798322906,0.5759506595302355,0.30343022897068295,0.40590246422638643,0.13857600778999313,0.09335547972477798,0.19952501605803263,0.6044618198684475,0.5762212826239193,0.033659386390354484,0.25779760723617073,0.20837986369951977,0.15909903798274172,0.03748563620393952,0.179412744464571,0.0911245777814429,0.14872984435282888,34.4835432406862,7.983296403143726,1.2352034840187116,0.07563442928949371,0.08064985098576472,0.03030828581933065,0.11136691628104955,0.10255154858782589,0.5659853150422975,0.24059477006812813,0.08417395251495918,0.036127780917468044,0.036720812194289465,0.13498724647904475,0.07831618095769954,0.9383745921677473,0.08355502620861444,4.427419121077037,1.2750408339466048,1.916067056441534,0.1694921083409895,0.13378232263016798,0.1609488996118671,0.5795931739451134,0.4470503189972783,2.2101034633897143,1.4066979319522943,2.113125651963813,0.16922625303413952,0.18937681552756658,0.13954388078379765,0.5345915807024539,0.16753305692895992,0.030981960875578807,0.13629599276328008,0.20875987196647472,0.7014226130052066,1.282095176708026,3.444032788566801,3.3801788226091958,0.07622331741950461,0.046337861356647636,0.07412418474672222,0.4776990117807145,0.11613794135871558,0.10257329609937749,0.07757922484415758,0.11654574013300589,0.2899824906048707,0.18641207494874834,0.4419434575403045,0.7167341309477706,0.31920936762071506,0.690619728275351,0.09154400221814285,0.266247066768301,0.5781322133141202,0.08567806962673785,0.0,0.0,0.0007081719813868403,0.0,1.0687199982712627,0.7432888304338121,0.07359482244737592,0.11019113594920782,5.624824713373471,5.79636562900339,0.0922902703150612,0.3347296410565832,1.5068966049056378,0.890291961413368,6.854523015449104,0.2533900130730773,2.3407649443034515,0.21559225606358723,0.33242862435872667,0.27056747041933704,24.550951730381996,2.2910861722336904,3.4160375530846068,1.2643005193403951,0.10385774610015375,0.09746615988251506,1.9425161698823459,0.10657424633211576,0.43879037580518343,0.05476094275582,1.5296931230693964,0.7617251239180405,0.09789964957053598,0.09893202635140597,0.07194679832355177,0.1014753220217699,0.1011263709879131,0.06579664579658129,4.093766544875166,0.2772549671958586,0.28020791119229216,0.08330808867071582,0.14369163231908288,0.09353870294535227,0.1476948137560612,0.38136984368981075,0.1391269902642307,0.09872979291412776,0.14893206594933872,0.05915142670028217,1.0255033704797825,0.13309315111502862
boring,0.040352309035370126,0.025774319015908986,0.0641708486364223,0.1190369206451578,0.0793930558647844,0.013816417951602489,0.021770384075352922,0.11331934481859207,0.03401844500331208,1.849006124350126,9.826021954868338,2.652441527636256,0.03254458899755264,2.0522576319635846,0.04065855639055371,0.04957598906185012,0.034155834262492135,0.08946645533433184,0.08022909470309969,0.1742451366590103,2.2200897205475485,0.961500573073863,0.1585615313379094,0.029532335203839466,0.044133596355095506,0.029336290928767994,0.08374207228189334,0.07754675841715652,0.009397317160619423,0.049508339157910086,0.052754905133042485,0.04315448715351522,0.01874162702006288,0.09863070560095366,0.0021918250276939943,0.011924787977477536,0.020570982189383358,0.035433184551948216,0.012629608027054928,0.007787808834109455,0.008078427927102894,0.040276927888044156,0.008812124826363288,0.028137447392509785,0.0184476552385604,0.0160707630275283,0.12727186718257144,0.9692120169784175,1.0127179981427616,0.15857860937830992,0.016339574358426034,0.04827527637826279,0.007607817060488742,0.13553716195747256,0.01131790793442633,0.03203992103226483,0.019369357418327127,0.01987190541694872,0.022674455132801086,0.012610216799657792,0.10501106954325223,0.031380197644466534,2.172001689526951,0.5672165203286568,0.0347842686023796,0.048744686515419744,0.016192446302738972,0.005986119867884554,0.04171603421855252,0.022231667084270157,0.03749945215531625,0.0270633769541746,0.03824795677064685,0.1007927594037028,0.1057787760219071,0.21938436535856454,0.021065985190944048,0.27080426273460034,0.15508322526875418,2.4207323172304314,0.7597704283834901,0.5384592228656402,0.37658665426715743,0.053220992122078314,0.05702189363364596,0.1172881670499919,0.0452274126582779,1.1942370252654655,1.2535445386456558,0.7999465410030098,0.3020917608810123,0.12854202411836013,0.019315315112180542,0.4569759324367624,0.046641360328067094,0.005215123921516351,0.061725913066766225,0.04037945765594486,0.4798602662922349,0.53676461231953,1.8581040509889135,1.8855883601354435,0.015388077852549031,0.04494819641695358,0.24429275865259115,0.021631829571560957,0.07527957746788161,0.042728597749373876,0.024074239656329155,0.006791316904127598,0.30070955475093797,0.02396216822671704,0.19689827438560314,0.38367355811351445,0.16357587871607393,0.43932225632306654,0.3579347707564011,0.9778817315091146,0.3709753022703808,0.011241103085922077,0.0,0.0001470199931645766,0.008999719750136137,0.005588729865849018,0.5195684505088138,0.38375735946465284,0.002545750030549243,0.22229856604826637,0.7319787991800695,0.33525233177351765,0.024347842059796676,0.05342046931036748,0.08623341283237096,0.039712409721687436,0.09340182322193868,0.13179531105561182,1.213867183381808,0.0397213792311959,0.031896097178105265,0.06788464938290417,0.2693755498621613,2.3223540800390765,0.10317016801855061,0.03635236369154882,0.02196471326169558,0.036254740014555864,0.07796858020446962,0.05885649810079485,0.48666525426961016,0.17689087774488144,0.032579210033873096,0.10787884634919465,0.004695851952419616,0.1851271331324824,0.15391726934467442,0.044160351375467144,0.772008957399521,0.07861315322224982,0.09095122883445583,1.063118849589955,0.09700318120303564,0.04394432813569438,0.04568267599097453,0.06958547868998721,0.10207145562890219,0.028220307605806738,0.01655619899975136,0.05081900631194003,0.01358318112033885,0.03912443861190695,0.11316413464373909,0.03496942523634061
brave,0.15259144629817456,0.12497134137083776,0.05952577444259077,0.055356786702759564,0.1880296652088873,0.03348359512165189,0.0888922109734267,0.7938604003575165,0.020973825769033283,0.44552034794469364,0.3306144100788515,0.12761369784129784,0.13424678449518979,0.4629236375913024,0.3615295022900682,0.17311966832494363,0.19976699570543133,0.12919714947929606,0.5558583909296431,0.879912321921438,0.20157271140487865,3.795445416762959,15.47144424112048,0.12118820528849028,0.23945090937195346,0.03993703075684607,0.04147571389330551,0.17977855479693972,0.11260785278864205,0.3378782680956647,0.05323258647695184,0.18651358596980572,0.06028637260897085,0.1439238666498568,0.20030366367427632,0.07726466667372733,0.5147216154146008,0.45790496258996427,0.03084787612897344,0.026735640363767743,0.6131471043045167,0.29784304910572246,0.03752560412976891,0.0671460919547826,0.09742370003368706,0.08267324772896245,1.2535583545395639,1.3181601059768582,17.164402378024533,0.7286930265836418,0.12546710242168047,0.11156807938823476,0.029312943166587502,0.08662288705818355,0.06657814397476614,0.2011480270884931,0.596068205893971,0.07742470080847852,0.6472286281059496,0.37127041423809715,0.04726577317342162,0.05269094090908766,2.1064902130456176,0.9666462073219009,0.646326576534193,0.0764948271389585,0.058075075154192746,0.05243452615104616,0.1605080202789395,0.14747243354213424,0.06445145173347555,0.11017793865175918,0.06175592492218129,0.3035631205129903,0.5799753073952161,1.493700072664069,0.05491554623586126,0.8179400583612733,0.18794798888848163,7.212742642121157,2.3199670173344202,3.0499494292307645,0.39710816013393924,0.11930216281325556,0.30836036658729427,0.64489671078627,0.2315685638168361,1.8832391791220289,5.706793198973173,9.595779719034908,0.21685076973517425,0.1608445132151246,0.20449469244340435,1.700638936337782,0.3689591035072226,0.05813691989169456,0.0917891661520116,0.16073686987510882,0.5627196991699748,1.1382977106259204,0.830595844076015,1.2937673727574293,0.01948472883668728,0.150880668341415,0.44809753019944765,0.20409348682733253,0.3541894175868947,0.41748553921934217,0.1719221358653158,0.17512171587441117,0.3760231738560833,0.5555087929242291,2.0174397014197893,1.0426023080653977,0.8297663761186413,0.9022626203368418,1.0963300044240896,2.553921583137708,0.9235699381970335,0.06746287451824173,0.0,0.0,0.028354740352369845,0.015845073299715295,12.513744730415056,0.7611753412638791,0.15132014697883278,0.4664271743677091,18.33505485916976,2.77624918485526,0.0631395346717909,0.21751209313515574,0.3007027280982584,0.0994435733591672,2.048068455711473,3.412253655551467,0.3330298790533561,1.3039756069192663,0.12184432877984364,0.07513029084657319,0.9202722434711177,0.7795900877099484,10.042706781212473,1.1889814397145528,0.1129222635354381,0.2794385517190676,0.12118439763435163,0.08455831400351599,1.2664231213566381,0.5310028014064301,0.17165132131776772,3.8629611259675585,0.06308309626183473,0.21802399802254513,1.4461540771881118,0.3513457566732541,1.127870501630241,0.23109280695643974,0.4582633660174906,0.6974597292428371,0.5868360196182039,0.7834770489134826,0.12885125934553798,0.09496043311082758,0.23332696600118652,0.4390390713524539,0.04431828239466995,0.2013414037937764,0.0625196727050934,0.16405470808967948,0.8160985074937344,0.22381326474715024
bright,0.06004776377812959,0.11629522024304606,0.12884891210705973,0.14792692613991676,0.04640470854064915,0.020650229198508896,0.036223895236616954,0.03497977317601908,0.12366330889926758,0.3478250924672466,0.20185931398373214,0.11813770352455322,0.03354391817993019,0.16603588993893936,0.23989952532429015,0.04880018763651606,0.06632953568623634,0.09751099041022826,0.12837591187417274,0.25069790482666576,0.027098303893581033,0.8727708683290984,0.21838824456062866,0.09273547743214294,0.06677388434036402,0.037060756571008824,0.04490640044969041,0.03563766543084057,0.03231428253639024,0.07091236920678057,0.1289448395364161,0.11139611405087635,0.04157328008659533,0.01168254810909275,0.10941833970719017,0.0232485169544816,0.19839204163872637,2.2556171996402554,0.0388258163802675,0.011036984898964874,0.06526790688803885,0.11102244477660861,0.08898826238146285,0.020604190925951116,0.009041866869665682,0.15452040106174536,0.7852459317728062,7.441985793513595,4.023165048725787,0.2921391307099839,0.04911256516788853,0.10934886104951147,0.01575518691970501,0.10916920378804207,0.061685118824243546,0.042380653001600876,0.1022954789295909,0.017308891241555102,0.1690402311141952,0.02940892231708858,0.09724996145814657,0.1635127184126759,0.9145258447606466,0.3120897281442012,0.3051660838864336,0.02560709384852089,0.031213479742291383,0.05171865766169503,0.0631099436286604,0.020830065062909853,0.04233449894672958,0.08690197914256714,0.06527553703199374,0.13679879188566701,0.12396247928700177,0.39763948043764685,0.038956037496973295,0.3468215843204234,0.7214926852902863,2.0075205686007394,0.8958001692953985,0.7072810874924471,0.561775368230883,0.13353814918082207,0.10183067466277862,0.2955981511695427,0.1097260033202474,1.2144174183194991,2.2426680092539755,1.7684680110687623,0.7195489088189788,0.3469246860113344,0.025322788627818227,2.1562214337318437,0.04314165182586294,0.009513904980849475,0.06633651966694742,0.05513995583896758,0.1815311950231262,0.29311459670134354,0.21266175333585124,1.9530432977262535,0.01792671816656366,0.32265311185619794,0.2845979533813079,0.07573901009163819,0.09731541062137694,0.166073035892623,0.035690291224454995,0.24852936672687065,0.31855920478119515,0.05912093466758961,1.3264343457703944,0.870968781200645,0.48167170475790044,0.5051610832815641,0.968068288952054,1.5195978353876853,0.1941184981551487,0.10061751341709169,0.00027375901117920876,0.000186115998076275,0.01484370045363903,0.010458187229232863,2.660691394848982,0.09261593086557696,0.017791118152672425,0.2292114222800592,2.6546399407234276,1.3013905081388657,0.015438370988704264,0.04901092419459019,0.09042048256378621,0.1620836113434052,0.5229609389280085,0.07023889022821095,2.63611703121569,0.14750021964573534,0.017728484206600115,0.021432069639558904,0.8975011229122174,1.2217011272005038,0.20028568334237207,0.5133979369493318,0.03509453555307118,0.050339659268502146,0.13568107280298136,0.09061228094287799,0.5568106000864645,0.8120437597608543,0.5255094114181702,0.39291768818657147,0.021145421611436177,0.3750625602551736,0.3385816323279869,0.6127458734554239,1.04164323596342,0.2151416687629535,0.1546594772298704,0.4162667377095204,0.04817227181047201,0.36569589802093105,0.059548392629949376,0.051860799016139936,0.1006045984395314,0.058833544426306617,0.03322140707314247,0.07532912315946305,0.04465667963086162,0.06307768179976847,0.1955366789115942,0.09361184314911952
chaotic,0.1830159607044095,0.1183917601883877,22.68960127301034,16.439185743482085,9.237075407065277,0.3198072399900411,14.505521874059923,4.736300793592818,8.41369306586472,14.260140429702005,0.9465702951088133,10.338260053724298,0.46117954658257077,1.9258396734294365,3.0194891429127892,4.75969905249076,2.427803117563599,3.9771275841339957,10.51211334130494,4.115842820146781,1.397472897755506,2.5999376015970483,4.169642765940807,4.44827210429068,1.9534124148212868,2.0560821473918622,3.8138112169108354,0.24166246794629842,0.0868057430832323,0.4903225797934283,6.50817429509334,12.293861084122,0.8026344180289016,0.06772189729963429,0.21487883635563776,0.8048270168364979,1.1195504295028513,0.1896687948028557,0.0808923447439156,0.06275109156558756,0.15909500140696764,0.003978376000304706,0.020284459926187992,0.029174549388699234,0.048230471431452315,1.4609221516511752,7.312149554716598,0.1794805027284383,0.18449603681801818,0.9704931182959626,4.074432935507502,7.853333290650426,2.679679114415194,3.262217149778735,0.03937736991792917,0.3358831197110703,0.27278634361573495,0.6405648620420834,0.029584450065158308,0.01689131618331885,0.04991395148681477,0.15238006765866885,2701.6463367087927,73.43653562586405,7.502237175558548,0.07186721931793727,0.14779562450712547,0.18087481694055896,0.31772270155488513,0.18326891931064893,0.1161816422099946,0.014348469696415123,0.17024876415962353,0.36799204310284495,0.16607478530931985,1.6897603220309065,0.04714576161495643,0.7271685214036552,0.1638774990242382,2.4824049040726095,1.6533805222279625,1.7219732306548394,0.6285408428448136,0.15737799846101552,0.46076780683324614,0.2759595768820873,0.4569680158456322,3.9281153735504404,3.734174485060066,7.376747374060955,1.7436335709644482,0.31953419986530207,0.08476363912632223,2.6983414243622974,0.049239399610087276,0.31929359972127713,0.06831120166134497,0.9947649607493076,0.9861093442377751,0.3117505263883942,0.03728486312320456,0.08759969926904887,0.003985238945460878,0.06384681206509413,0.7510913654705291,0.21120463087572716,0.0012124030035920441,0.016064842748164665,0.07155110280109511,0.19957474758848548,0.11240213247947395,0.03621268068673089,0.00410364025447052,0.1659225547027745,0.25417120421116124,0.24970205046702176,0.39299676179507514,1.6895290862812544,0.4545749504468404,0.11621003498112259,0.0,0.0,0.022288280073553324,0.002760909963399172,274.97361670128885,0.03808735468192026,0.4637621151341591,0.017189299906021915,272.8307425374387,313.3063845024881,0.2843495683555375,0.8247889854637833,1.466070045476954,0.6869037519172707,307.9950014752685,49.05943003064931,4.3450780076636875,0.12280327190819662,0.08434399508405477,0.1533367357114912,733.2507424580626,16.33030491298996,21.175602329139906,14.681249194472002,0.04643356487940764,0.8823777090442491,5.288094251984148,0.19982444075867534,0.8618728552246466,3.5346878609852865,31.199214846243194,7.641519259976462,1.2045107755766367,0.007292950097962603,1.429156722031621,0.5953685876957024,0.8427115019730991,0.04556634952314198,15.800969140778761,5.2281529731321825,0.8324386096937815,0.056475685036275536,0.032029497262556106,0.011976847774349153,0.5339273718745972,0.3911134568088528,0.0,0.009188827069010586,0.3995788916363381,0.9073468903479807,1.8923305012776837,0.7195803843314934
cheerful,0.04130876695307961,0.04610260201479832,0.03377587211980426,0.019772232619288843,0.0673862364510569,0.02164533646828204,0.06288051130832173,0.2892216637337697,0.01328938708138594,0.14548617025866406,0.11893364006755291,0.06978899729710974,0.013175954760299646,0.4856684036913066,0.03439952460939821,0.06452154681210232,0.003592167182432604,0.15518224730112706,0.11111035471367359,0.44223658023292955,0.3622300032147905,0.2319002387503133,3.082545950979693,0.05671122041894705,0.04776273403695086,0.04889976277627284,0.04512895410152851,0.05229571748895978,0.021869414718821645,0.01975826848683937,0.06547830632189289,0.11346749022050062,0.04795589711557113,0.030623934928371455,0.42851443277686485,0.08586794073744386,0.03403564743348397,0.10174402797019866,0.09776409646656248,0.007294295037354459,0.12145958846122085,0.3974452070106054,0.03031997475773096,0.048697190648454125,0.011759013370465254,0.0199394571754965,0.7493225588959831,0.30938454656097747,0.49800994426323086,0.07367334047921759,0.11593470200386946,0.04970333000528626,0.15626899187918752,0.05404744865700195,0.05615681264680461,0.04365497398976004,0.05211867346770305,0.1522695337080222,0.03945864635352336,0.06318182826908014,0.03999328399731894,0.06337496123614983,1.2548483842238056,0.19922650822627475,0.11449370925220137,0.050747300992043165,0.05381950657374546,0.07549265916713921,0.049580639655687264,0.01840650912890851,0.14846912610482832,0.04810357479436789,0.019293537619887502,0.14146681663078198,0.151596577019518,0.4102469415483938,0.03615646237994952,2.8275365150466314,0.06972188978579652,1.1037599296359986,2.5701724536993424,0.5451906037778826,0.2792009877739474,0.10507832569601305,0.10999207875829597,0.144514808729582,0.21397656122644548,0.5583356385850493,1.3362473988709098,2.4452351293621177,0.23509451886729948,0.072700653910033,0.0708537754489953,0.6207847030545963,0.08800719810824376,0.027444426902548003,0.06418966463388642,0.14719767535825667,0.3319405759084475,0.8245223073863599,0.24429776532451797,0.33244698855105526,0.026625646572938422,0.053682771726016654,0.228302445866575,0.09897402356909879,0.045955363784742076,0.48313474484166363,0.1406761383113917,0.04019080054786173,0.12438759902215679,0.08713765070024238,0.1308399548070156,0.5070677086760043,0.16837290734292765,0.2784634017825738,0.3331863096609595,0.15048870953978621,1.26252161897537,0.0879472224150959,0.0,0.0,0.0,0.001793223218555795,12.950869422751566,0.05064855490127229,0.006396367071829445,0.085708571043142,7.440770682633229,1.7791559734141629,0.01156241561875504,0.1226462112763329,0.069899229620205,0.026548113501121406,23.082385439032805,1.2106526502175257,0.03374966400406265,0.8600968012178782,0.048818078386830166,0.036750088174812845,0.36693438274232903,0.37523093981144484,1.1311143083494244,0.7280853234788083,0.04138705936202314,0.07319473328425374,0.029966502443130594,0.011189629578439053,0.6995754132140064,0.27638343569560675,0.29113040453376016,0.41700792166011524,0.016774304829596076,0.08496618495428265,0.4896394053612312,0.430321652072962,0.41538551431222004,0.08247990486415802,0.19596167713825707,0.30592337430971384,0.14109035912406398,0.2679566480956055,0.08919527471152833,0.025207649583535385,0.07455909929012705,0.08042412738541316,0.0523942097897816,0.030218324356610538,0.03511027361128072,0.1291506183833917,0.2042404753747178,0.08905579178826883
clean,0.18021941841288935,0.160589047925896,0.20039500794518972,0.3421998615267512,0.913886128237209,0.7399157610961993,0.2738550576905254,0.3100245357672975,0.12877916707657278,0.7627537001826568,0.20057059268583544,0.08585138821217697,0.09342651983752148,0.06122451144256047,0.06905086345068412,0.040617192003992386,0.18658194344607182,0.14965925949218217,1.0120431954273954,0.7552405664609978,0.365301512334554,0.3345160247954482,1.1842460591724375,0.7510869558827835,0.4621313890456804,0.24874340695896535,0.18490578007185832,0.0876583652006957,0.07922977597627323,0.27002701794481254,1.1074608124581573,3.4575207669477095,0.4925657761050388,0.17233626077177178,0.32863759481551824,0.13638948442530818,0.11368583885996486,0.1486093090607028,0.07701633727992885,0.10446281094300502,0.28000828555377666,0.8366781256499962,0.07726845404249616,0.17189901091114734,0.1600005737382162,0.3808334390159871,2.3222094575176015,0.6888721387495025,0.4129221969997161,1.8282969427982607,0.8589062177270534,0.39661251738834835,0.4356584265551646,0.5574926172967025,0.14601113162643742,0.1855094107304467,0.2296687324742379,0.6446373786529875,0.10773006288218312,0.42056943466013763,0.041257591561588924,0.13613774778787047,650.6291171446792,25.19310650783882,0.3385071630618768,0.048954051915643504,0.2699582142577128,0.2637253759003215,0.26408980992346187,0.12845475169524434,0.4192445715798385,0.17054161858322914,0.2273829061014112,0.2569618972192984,0.27873876077865134,1.2178007851034636,0.2682662319857627,1.3164719147389405,0.15938873549748678,3.8185678861264023,1.6038912210351555,1.069068267235707,2.634309044409747,0.1681071232396789,0.17109497351339087,0.34245629062934313,0.39956735702071455,1.0993660649146477,2.906637260064599,3.121073503913067,0.7685886932886206,1.1303557065002678,0.26098843387080706,3.6491938416493213,0.21702563069629832,0.21050448973255698,0.48298864906973904,0.35164673921462963,1.5023956387522048,0.7499428295504913,0.6140369783079223,0.3717927587676968,0.13392194082553033,0.36021951642032946,1.1309100495491293,0.9069405810350872,0.13211226484418148,0.24057127534615574,0.23239621829998214,0.07222489032574231,0.08821861927208374,0.11998415007838048,0.27431881194206653,0.6705161371792201,0.3156032350671012,0.9368070415257534,1.1732088176649995,1.7028385194826114,1.2621311632174184,0.5352502334644669,0.0,0.0005711830162908882,0.0,0.0019513374354573898,14.50132436352942,0.1452950162383786,0.11823311049374752,0.29173550131963566,16.036910972143232,40.703622802961036,0.06005428242133348,0.34138924856233643,0.08159751135099214,0.5765525185706792,101.97152290336817,0.4469714256993029,0.5314536424994003,1.2211170362170378,0.23440824872159283,0.0162295732225175,2.196270132662903,1.9011355149687006,6.128786000783293,28.24557670775539,0.2495959648695134,0.3460505819602986,0.17557007041250472,0.14625301580599626,0.924993647266092,1.2519612710129877,1.6960991676751291,4.758164490915078,0.1509501397049462,0.08593828807897808,0.8870493319191155,2.4387391720010783,1.3354011737756082,0.3236511434224667,0.28780327050117194,0.6883268122473964,0.4184889732314332,0.1902570206730161,0.11785738485195907,0.1706476695362653,0.16379953826981364,0.1405076375376666,0.15631217269947228,0.16513185088842874,0.26948854314832715,1.0878228367073461,0.6958927505602333,0.3671719745543669
clear,0.18344041354248475,0.144466715809358,1.655421283726639,2.4734646236358913,0.5901802077924572,2.8866603480942103,0.22120759013478164,1.3396005956594763,2.591755833480306,0.8097686229930332,0.7940490917108036,0.15485877046830865,0.26282543141769565,0.14696027819491064,0.08118895431698547,0.08585195959301473,0.09129575709357596,0.27937460584735163,1.902276535857709,1.1204304281148154,0.2703403925077055,0.16274353197559321,2.4944456647582456,0.21112153296371616,0.38184396536871645,1.4630898091029394,0.25772425891386774,0.07686707354218925,0.06897452935527326,0.2332612859514711,0.8531065426305986,6.913835175512702,0.41165928172222266,0.2217122973881942,0.30531855714752965,0.13823603963055575,0.23304132591624693,0.20284334962479988,0.08433490960533163,0.039319165144206636,0.12238460891740033,0.4105427114827762,0.03439916097704554,0.040595546320219,0.16035135156266733,2.4785459197114506,5.849625437913232,0.39721412464859895,0.658471015548912,3.1122627998706776,0.19077750542192007,0.6228099763966384,0.544873306756017,0.5766223368573264,0.05385742668272542,0.41977150726711443,0.08839807401182043,0.5545486535430655,0.019908462138801042,0.03355662710418983,0.06684367922139245,0.22217792137007564,211.5641245927734,19.87711209686563,1.272162980094663,0.05903499098485554,0.1584874871359716,0.17156555134033624,0.2729708303733105,0.087180426811301,0.30484836084497147,0.07334087937806544,0.06409902468294604,0.21247796828015453,0.03560521285885443,0.5560772686060318,0.21652926802880756,0.9542113882801004,0.0781793513908724,2.1367046737668716,1.618829480774366,0.9351616286107856,0.4044731771300576,0.20578205968990915,0.1538538712807167,0.32215597918127514,0.19332736113153715,1.2688540162580466,2.31295571301348,2.9559156787922802,0.4981388629871617,0.35007391186263703,0.43774821383021845,2.6470696552062236,0.14695141945685464,0.14521293390328083,0.136626560620698,0.2744497162781272,0.895897440211229,0.930160010114605,1.040533561482846,0.19634783043738935,0.09548104148893799,0.15591329703329393,0.7027443454792319,0.3389600373475332,0.1027919716013912,0.052049436371852664,0.1840992373113295,0.17000246164707278,0.214344347786664,0.35227263010119714,0.2161132901418341,0.8052203768702384,0.32802138587294394,0.3500548507572603,0.7725223977511178,1.2182058290204623,0.5344481605502551,0.47514333016169985,0.0,0.00010523999662837014,0.003289679390945821,0.000750412566048908,41.277674452235715,0.4189504242262956,0.22113738159578133,0.13677213433959423,21.625474827485505,19.03566127083741,0.024964134682250005,0.7250725536764548,0.8203101305307428,0.10082833078240583,93.00694915945951,71.77573709944409,1.7695745856231042,0.7997060947907357,0.029695156610614504,0.016358498842237168,5.546224469808976,0.9903518687585802,6.437466339052662,6.0474521945614015,0.02536955528648832,0.3377606805747746,0.2854114545389166,0.3163278721817733,0.5336443904672485,0.3110437346854269,1.5835811460237892,1.7533190150852533,0.6032186364577683,0.11320947952708593,0.3946586738932183,0.46016602024383246,0.8241109329862866,0.1930351576402245,1.4721785150500182,3.2450281185342646,0.030872000358385776,0.0387896709735287,0.0794374975472465,0.13646047249858384,0.15984064579288315,0.312401128000829,0.025009590742229193,0.11407899739106142,0.2929980633489322,0.6880160197348459,0.3801243405386572,0.13372359411368961
close,0.00028426140306692105,0.011619679258728866,0.14220224776545365,0.31213959126667135,0.07251063597414031,0.023531170949468105,0.04553596840037244,0.050943707580088926,0.02598854110715365,0.0954991422804028,0.08813082275446504,0.013721267201617593,0.00035316039429744706,0.004595818066718493,0.0055618287992729165,0.005469768708280753,0.0016198561643250287,0.04743172860889899,0.02565528422155694,0.019425361804678687,0.015838378518310492,0.004206229931241978,0.06869757531956111,0.04910226395804784,0.018773912170111373,0.1329443636900578,0.4581103801053046,0.0034911109760287218,0.009022688631375786,0.006088099940185998,0.14980171155730204,0.06284116725237254,0.020423259432334362,0.03142564008157933,0.017065719282982172,0.01351709576920257,0.028778958242440922,0.011376462174666813,0.012812380246032262,0.0015232348841891508,0.015617024673701962,0.004933336693284218,0.008535156845596248,0.001184073589683976,0.00541046876423934,0.022752679411041754,0.006539872958455817,0.017810740068398445,0.029325530918868026,0.08648976766016858,0.11953495593153463,0.13401828251244297,0.27508969225527835,0.008755586230108747,5.3497469480134896e-05,0.013578926035279437,0.007737237810033548,0.023207155361888,0.00014543300494551659,0.001636892935493961,0.005375215951062273,0.009176185420074034,22.122139974859067,3.9890293775706596,0.12053905861553105,0.0014556450346390193,5.300750126480125e-05,2.096579919452779e-05,0.002466803014897323,0.0020807467549275316,0.0007514890166930854,6.140293862699764e-05,0.0028321289246378,0.004235860666099711,0.006432307740396936,0.02953822853123711,0.0007015643932390958,0.008960888365663777,0.00022372699459083378,0.04575058318236147,0.053898487145488616,0.02896126266568899,0.003952592757659801,0.0,0.004899019786535064,0.0007567329921585042,0.006265558694025231,0.013360741888391203,0.03364710219770384,0.07577548323524752,0.005358217557386524,0.0028963002987438813,0.00016048480028985068,0.02069659255323586,0.00046400140126934275,0.001433343015378341,6.665749992862402e-05,0.05585575877375959,0.001281754792216816,0.0010068026822409593,0.029439310173984268,0.012841964485801327,0.0,0.0015436840049005696,0.006516431070849649,0.0009001266771520022,0.0012443669693311676,0.0004421463044650409,0.0007948210113681853,0.0024892000947147608,0.0007008951979514677,0.0006038157707735081,0.03421724421423278,0.029645283507306885,0.002793497392246991,0.0011959015228057979,0.0025775160169300487,0.005929399284013925,0.005719943614167278,0.0012888202181784436,0.0,0.0,0.0,0.0,0.4826506032374027,0.00021524679868889507,0.0013093868183204904,0.0,0.5436760934596805,1.9075365549743992,0.00010752570233307779,0.013031407580911036,0.01557362623680092,0.03846145786747002,2.2124223733962936,0.09555233109858818,0.17614190933090867,0.021438822583149886,0.013525892072721035,0.0039313280994974775,7.543000642694054,0.23134811828776947,0.5543831075192429,0.04143118077433883,0.00016735900135245174,0.005089675258204807,0.020121648249187274,0.008465232142185641,0.002288162536387972,0.03865816991310567,0.06985470638892366,0.021000248511995778,0.0031222840771079063,0.0005761311599599139,0.008939314185226976,0.04303160352719715,0.00669302130700089,0.0014556590031133965,0.6838120539188708,0.16391268294228212,0.002932250328740338,0.006069747090805322,0.0005201040039537475,0.00024134409977705218,0.0011955833060710575,0.0003334733343933749,0.00039310799911618233,0.0,0.0055578208078337354,0.011858209077217907,0.004715176969966706,0.001547473031678237
closed,0.10592499960330315,0.08133241831092164,0.24270445574074984,1.9496475337073207,0.4182619421626441,0.2616152385890018,0.23621599399484694,0.7798256711103022,0.9135507052997127,3.64256022463087,7.254330304043833,0.5760274915373884,0.0881303155911155,0.575266182066116,0.5842194779834244,0.48084851569728926,0.33018455540877767,1.0383206840779167,1.1084829607862048,1.4277896460844204,0.2553460370399989,2.7320862325723283,1.1676995165180415,0.3180392626381945,0.5287538714183029,0.39213856152491644,0.39620947471121326,0.40757073590066284,0.038428896630648524,0.3439030259032734,0.7078957171179354,1.1581814644741826,0.08576214220374823,0.1708473323378712,0.45941271528135985,0.7996355057694018,0.13440820359392092,0.3527361420856323,0.2113235481083393,0.15079148969380185,0.13104310413473286,0.11434127014945261,0.274709346704185,0.1932978283148259,0.28139055185602047,0.31803446350386366,2.031365135102533,0.5125419064424932,0.4217824735387694,0.5546094367164187,0.4752189614519011,0.4806929735641461,0.2510779177537188,0.2790191810927354,0.04794574061088497,0.40318816975923255,0.2420150941470638,0.1968788283120375,0.1988198269973509,0.5769118003954645,0.2615869955625385,0.04928281594766304,77.40470625439775,2.2597916223458014,0.6325230275979266,0.09887794600217603,0.20828337871353142,0.17890960982185788,0.2468099360121414,0.11836801591562107,0.19625724777870346,0.13156960988999344,0.23953661107225344,0.5178877969156019,1.3117859133635648,2.4654872897663154,0.19049841625383124,1.1450874848524109,0.23447130905697122,7.4663595944148256,2.6017996527953073,2.6654581105103716,1.0522506447305204,0.3338305038778344,0.3856118960538879,0.6129369716509245,1.6915105693915393,4.325952975137625,4.5329725790943485,6.805666329426458,1.0278562808525749,0.8143640026682988,0.9976689835311845,2.3147466540685855,0.5354695769492537,0.10919449143693782,0.8615949662635103,0.16298815433401614,0.4416828787070699,0.2875710668449756,4.72383666652604,3.6750277752871625,0.20535453024785966,0.2199995576957008,0.47454989672405645,0.4215574915288016,0.53219845314743,0.24260669789509848,0.2440663420711644,0.7662492449162528,0.30488030973356217,0.25216584804002196,2.314838177873753,4.20780557213584,0.6885086293623317,0.9711511780624278,1.2819257830269635,1.0247330890852027,3.0814468319003936,0.5289324264740571,0.0,0.0,0.00098509801318869,0.0398215921013616,18.082185574894538,3.194080362212844,0.2920950130355777,1.2519509003614075,15.672502984816674,9.870720748673193,0.05290568940108642,0.5332953513134271,2.1850943652098067,0.2716200808645226,35.90343198651681,0.6485943323932588,4.117528259637766,0.24317157742916606,0.18189967796206474,0.2516821827739477,16.695954255235847,2.0049286307767034,8.260172635724302,1.1057816471438855,0.1415255942265503,0.5466605284018442,2.67753801944491,0.13978188153123483,0.574672355200164,0.7750162659503985,1.6351451002410613,0.7750233605038375,0.6202392403502017,1.05783884099219,1.4217237483826466,0.7900571425852831,1.1650541898270603,0.3760089408897329,1.2180297508020885,2.880631036561681,0.47591582499444485,0.5769094246206805,0.20210327103268355,0.12820887536508963,0.11629248270764947,0.14175378874642774,0.17450542011647485,0.4375185039243661,0.36631466081598774,0.15159688791027293,0.702460189233534,0.27409594488563016
cold,0.059667888523364354,0.033627546257775975,0.3400815192412665,0.3537273848601359,0.20436081096522685,0.26632293877190705,0.6675047277823154,2.432926917183977,0.8777425533098722,0.8956050053666331,6.964982118446471,1.0541290080143142,0.10166628072482808,3.4239125871349074,4.8338186553976925,5.542385622475194,1.3992677418264066,1.0503167263982505,0.24706901401918913,0.5962836262970086,0.2778796095073126,0.22990514665815454,4.244793325925002,0.2363252100913087,0.47864546042524125,0.6670699638325459,0.7433332875443739,0.10158182238228619,0.0319283539593016,0.34539834498900746,0.6712513893735377,0.3152906870996901,0.905993539774613,0.6120986124396905,3.4696989664045326,0.11652220250880418,0.6927979410099852,0.363963698331645,0.19199403500533663,0.07086190940299275,0.25926873002299544,0.777682916886441,0.7047378158912476,0.20085694262706966,0.4501645456384349,0.5994981277513602,0.43596187059421254,1.547227800279643,9.59257703428807,4.101788876098908,0.3958670827851165,0.18022622074636274,0.4049709093094407,0.8078356246326166,0.1145820986362196,0.04607993981956504,0.3138331420107079,0.06092187475951505,0.05260048188210931,0.3766448443725494,0.059377798104833346,0.14244084119991385,63.08895379278341,1.6300715258058815,4.438305012658475,0.10867444418416028,0.30675505781891843,0.1351596439867535,0.2023785875000783,0.08086560611028801,0.07110639331585844,0.2212136925708137,0.08292391314444103,0.3312355921494854,0.35575609430316035,1.1714998415191076,0.13524244861037005,3.4589778542681415,0.06836250651861064,5.422103397780575,5.083280038686894,9.99186468986818,0.1912845992274672,0.25589906495770265,0.4967581564333159,1.466639595824006,0.5825313483549053,2.404688039828443,5.028181721130977,11.856332428951646,0.19893158138256695,0.06879337978926969,0.8160414529602349,0.8451305966837026,0.15650434394655122,0.247997413172925,0.04729700106929613,0.252591336813623,1.3796909117476197,10.133342016684765,2.9277395396297834,4.358160616910936,0.06566436942213727,0.1284981925007287,0.34183166388129393,0.2484944329078016,0.32965375618186954,0.0770880799891529,0.08860014660058368,0.17524531499884688,0.14013221971340073,0.1697221526675321,1.3992586083513743,1.9570982490411097,0.6360840747238399,0.8513038527435128,0.1554285625902594,0.3242774187547184,0.7236128579497745,0.22461277489804843,0.0,0.0,0.0,0.012056499719619751,1.528888833227029,0.5827283135261041,0.12450111014914,0.15923255395614433,6.746456546861218,6.293047965535607,0.18282764144532848,0.2920342165146703,0.31692806374121574,0.20176267037936668,1.395320665995314,0.29227938351323246,11.656300884966186,0.8642416655529814,0.4647277608571301,0.17102822140259377,149.52116415066087,9.957494084324026,30.98083973563007,1.6573073743034001,0.16953566928548014,0.23980657768720448,0.4485690702554166,0.8783063184569428,0.8150670259169601,0.23263503120506357,1.1719891382403773,1.6362756945978845,0.14574266847830586,0.23247500288198353,0.3652738124037569,0.28039004228691056,1.0029695519663164,0.2356905423534954,2.483386481163734,4.835906653581411,0.13478260057445368,0.41534564336586755,0.11083418183488902,0.19684226191930065,0.6105793305943052,0.7343122375885898,0.24551883274738984,0.14331922820635157,0.09602745611118735,0.1398968063367647,1.0412747161363995,0.16816094242847157
comfortable,0.1525734009919688,0.24289644364034757,0.31131955480668694,0.32199491118080914,1.2349920489941724,0.5799480759887956,0.40131742984522134,1.3033052478567697,0.3367189556010999,1.025733912945725,0.09440977999474853,0.046128430258249864,0.38746925740269944,0.10616423306055367,0.2404005074640736,0.08362305600894615,0.2633135807700455,0.252440944314003,1.2772500823484734,4.154915876919404,0.7128813933813944,0.5352848334005103,1.67837315693032,0.6153305721236393,2.1110844719805755,0.3800586652359925,0.25592057342873886,0.13646685238927603,0.0733867697417736,1.3503601644770242,3.1434754953952506,8.725612697249744,0.5169160703662783,0.3372909250902012,0.13713361218106002,0.4711498008109629,0.29905897728167474,0.38793764216825366,0.23946594522567466,0.11970364989247173,0.3054829590837471,0.28939989843638614,0.10725275374716148,0.05888571008108556,0.05495159554993734,1.3240086518926546,4.969291438697837,0.7411274458863772,3.0943316008197144,2.7129114945419133,7.990622732322663,7.631212033389602,1.5239281959366053,1.179058528970927,0.16493440454360098,0.2741650299867615,0.28817316121421754,0.626789670845028,0.05967103206785396,0.08901768483337946,0.19956972313229926,0.28672465530689806,1063.9390982085606,40.5223527168273,1.277171214693226,0.4602726247976534,0.27251294552115723,0.2276365023571998,0.4480793292168528,0.033862781594507396,0.27904798020608723,0.14627685042796656,0.1635572641971521,0.16602033347589895,0.10554732658783905,1.996793941128999,0.11868315760511905,1.6787101198569871,0.16630630142753944,5.492820966115687,1.3895931310253218,2.950052973057609,3.313563939242158,0.0969169776653871,0.16497780795907602,0.5453819542308338,0.11654567928053439,1.5557961084705312,4.894590207492001,5.694633380393498,1.4579919367679395,1.2368039786815643,0.14955769205698743,4.077339015464531,1.5998732137086336,0.10102437995374203,0.18187440978363156,0.4365148702636361,1.4686460344819352,0.7626342815347016,0.9653915778326336,0.7434803880751133,0.04550916934385896,0.32793553272495046,2.643822728889063,0.5014657350548077,0.30118976900121197,0.7789033334702253,0.5235600419691764,0.26135338519816287,0.12782848218921572,0.3046633997000754,0.6525156237185001,1.2242226159432903,0.3831909644068219,1.3779530270257965,1.078963884152472,2.8215966755524278,0.6662911915627774,0.2673754688585177,0.0,0.002050423005130142,0.019919989863410592,0.00434599001891911,14.055213435378391,0.4064719342859462,0.20058304994017817,0.24905723822303116,24.39453917235369,56.26954403507989,0.11861829948611557,0.19372909486992285,0.3560251194285229,0.25424329412635416,244.63682180375326,0.3010630673961714,2.4241174575290643,0.7940984575543553,0.10373589093796909,0.06895416241604835,16.52503797353711,19.27022919128649,10.879919109283946,14.488437854597578,0.10149968101177365,0.5921562825678848,0.14203123332117684,0.7743229827610776,1.3089481435599737,1.6168740189750679,0.7640543405432254,1.4616798725910485,0.09439873055089265,0.11989618034567684,1.898725382226985,2.926770010672044,1.710347325715702,0.1895220304140821,4.287043313845061,0.3852744500618428,0.21326785336714238,0.1913809278048575,0.10985579894622788,0.5263092300156131,0.33218414190923795,0.373916585551342,0.13531075546052307,0.10029871785081923,0.1577983585302718,0.8704081567702815,1.3461771630099975,0.4017059976467863
compressed,0.35480230406392366,0.09423274858272634,1.1851483311038464,0.5987029011594132,0.411188198835589,0.22511947571183555,0.16982758429367095,1.4042012027348392,0.47002608416369185,2.166719116154127,5.086254843015922,1.8522012960747816,0.15409616834949702,1.0260699153295718,0.32369412312982604,0.06457952549681067,0.20709790656110272,1.6853265722747892,2.135201139259152,3.776669548940845,0.2963332889485173,0.8416654120082967,5.095940919243731,0.2306298105395399,0.14719573745969683,0.37289017741568387,0.43684259679866955,0.19663308549206704,0.056851131026633084,0.42273942881729454,0.8592929455917329,1.6305659782374278,0.3560086282668635,0.2176342421444133,0.10482765303459018,0.28413323499262333,0.4747287784120999,1.5416289525455795,0.3210156395507511,0.027125672320835292,3.4928896323544905,0.11311741935787722,0.11275982623919845,0.12493442167760804,0.09970733837690204,1.2169759219978005,5.65776786749484,0.6248714486137033,4.627323881170014,0.21704689104808494,0.6750970214488916,0.5130799547187053,0.30384571460308507,0.2721696447697468,0.12910945643670857,0.33269768831087276,0.08065859565977007,0.35956650791922584,0.17050983727676794,0.268792238086462,0.24133879621513188,0.047351228015031666,25.147631807631114,3.89221163559705,0.7941453399835154,0.08739836316090077,0.15839565120404586,0.3683095923624933,0.44562628510175273,0.2178427612525411,0.6135798323666677,0.20946891614585184,0.1128774314711336,0.41941347933607176,0.29572800209280103,1.03322673481307,0.1734019677969627,3.1632399036898278,0.2896328500355594,4.121473139617592,2.716426389757544,1.0973060635733418,0.858874567609746,0.0984128710697405,0.13516976876417175,0.7958758259192109,0.6932958553079516,1.8111977351363748,5.8842101586051285,3.8637044802308083,1.8112136228592135,0.775456307688728,0.20375082071404904,4.437439645174891,0.42638268310111016,0.6467545276973397,0.15065069508273154,0.0815054660779424,1.0795175320236012,1.7716331687406637,1.7858338566147722,1.6718528902856633,0.17368512821849436,0.30065534927416593,0.7544153253547847,0.5080369827337563,0.37315488985041156,0.08827632945030928,0.5574738485156558,0.32072544464608654,0.41087726259138435,0.39600810955744237,1.8609844103339128,1.6951289299468044,0.48740336194168776,1.6491197270224802,1.6571927315089852,4.508549506368581,3.653073860274162,0.6884456453844905,0.0,0.0,0.006453690119087696,0.0,13.834324573370395,0.2638526592927519,0.1358323639142327,0.5296390863368288,24.141393743280787,14.807499763148371,0.05007207550806925,2.046298235654831,0.5575896041700616,0.1561343112261966,82.95687928859843,83.21157864539418,5.071974416729063,1.5427946725976653,0.03869793051853776,0.04532670939806849,6.15287779486971,6.001951260841452,5.15415562922135,0.7065851223887876,0.4220716351410374,0.11201317282393575,0.5769435480469838,0.374814163078554,1.7841349402442575,0.9768601548857987,0.8588034177082591,8.169926338770892,0.024163600290194154,0.15177416458027437,0.8167738902848214,1.144228002318414,2.6747227552114055,0.33444308530306444,1.1912822404992767,5.714116051211022,0.5485941783990711,0.2692097247054335,0.0792952767224051,0.16313186229672283,0.15378856711322442,0.56553938385332,0.08792066664318554,0.15920882450882345,0.054404518770752475,0.4179861709708348,0.6809263030299917,0.2166424437891692
dangerous,0.27673080770182423,0.17813864268828183,9.068980142707005,5.23377701244317,3.7436316799139604,1.0824636370525695,9.557629356335383,5.061378609505482,0.4936487246886827,3.261952278087847,0.6169595021056011,4.2512255751062185,0.10740384488599375,0.1729121702373959,0.716906150104478,2.834488420863636,0.36330337985418737,3.703420936013572,3.6905905947787687,4.0985224158503115,0.3560197935439646,0.6499746066983789,1.796278135268949,4.082305556861684,2.54838942742208,1.458485821262002,2.4895122291054577,0.04715466988272965,0.06230729981325567,1.2869521286920644,1.3520014747045934,3.671524545759894,0.18028711708029732,0.15846016025170684,0.06720877974294126,0.2824302905937657,0.6775134191848338,0.13828688306966797,0.02517974015790969,0.12017633265350014,0.04367585084401071,0.08963634050451219,0.04687427938915789,0.036858339328318834,0.03006565955001861,0.9782336833304726,5.066825522808358,0.1925788780208677,0.6353446651482955,0.4911028991919011,3.199258841574192,1.499277132912539,4.078012859099545,0.5545164388604462,0.13384226817288436,0.33128733141347766,0.7548111198702827,0.3108869909774512,0.05267120013013482,0.20652011840138584,0.09859817998949438,0.12224640609929338,1012.6151942245197,30.152180894860066,13.87842336052563,0.08577785763191059,0.2696220946672838,0.058322789845988154,0.39999340276699513,0.07742494676494971,0.33448133000638336,0.05553017120109871,0.09167599614011124,0.19691129110287875,0.20360262866597623,1.8785879998467863,0.05126116255996749,1.3013516566134058,0.0742653300985694,1.5866345526883379,1.0900201791664585,0.611616694368422,0.5406535029760562,0.13708516501355916,0.43903379811672494,0.7845574163366109,0.7997620028909296,3.607280896860175,3.4403293072246015,5.308195812685881,1.601182914688252,0.5402150002773851,0.2825430938974023,3.324964443454519,0.8068128309678286,0.45823560596909374,0.11556819383986294,0.26988356304354966,0.6274922495358624,0.2380844501312822,0.1185630700783804,0.7155349214444868,0.02645018114708364,0.15928444499149919,0.9704142134869471,0.21332226181402802,0.2543089666287415,0.37665899423882365,0.18512919399654493,0.9897722091991454,0.22047871770337224,0.08155020046979189,0.3135946277179755,0.7729661412304267,0.28687401837669313,0.45533077447908,0.7918782842461951,2.7707250979728997,0.7505424679256976,0.37373833963647485,0.0023281900212168694,0.0,0.042239380651153624,0.057755040004849434,61.890810633893125,0.17639734165277332,0.24201001931214705,0.0788243260467425,199.7757568495581,93.03784318931866,0.18376170622650534,0.35760882165050134,1.6443498472799547,0.3305832006735727,162.40936677902937,11.956435935455374,3.522552264854312,0.05122653895523399,0.1492088520899415,0.037364469724707305,184.90670210623648,10.87133299303241,12.542988909059204,8.484976374078542,0.47470326320035383,0.7313285275595263,0.3398913759738207,0.061210013227537274,0.9664267441257834,3.5191752547980286,11.942231600754894,8.734108054661192,0.306376411113888,0.07660884608048946,1.976526297396049,1.4214316616998985,0.9877891688956879,0.13224724878091365,4.5334709079470485,0.38432883005589247,0.33786377671640366,0.04723609029315412,0.10585965757491067,0.3680830668308772,0.2402935538557358,0.21600364713231102,0.045881248253863305,0.10962595487944782,0.7725517959916033,0.8751384723582305,2.31043480252265,0.6414910284220241
descending,0.33735423973303114,0.28208029600682494,0.4881118029370555,0.14354251405165996,0.4873700317548355,0.4078567837786977,0.4636251428091782,0.7781738069170387,0.7551879190141335,2.742624299346062,3.629294482681871,1.0375523610600794,0.6335051013156772,0.9074322305859823,0.5314219041520118,0.5132414561285259,0.1832672105738311,0.34397802618332207,1.1766569283481658,1.5900719163691974,1.3675522552221082,1.1587193093873793,9.496787473543009,0.3521890960546443,0.3787855193950236,0.163524577710632,0.273008465723251,0.19269311802599987,0.15433341348034446,0.9584004269891011,0.32185128276614705,0.5761787732153607,0.09409192109160358,0.298162783297812,1.5298544339766522,0.2932167185572325,0.5240092331368942,0.8225689333667106,0.34313876497617457,0.49280860468934407,0.23172112280371948,0.34816904244689795,0.1246813453908544,0.2762799451338651,0.41777654890393023,0.7847228867503873,3.7854460332928284,1.2948931077517045,2.0170896877752966,2.0076004456532246,1.618912792269839,0.31081044636812294,0.6008397048135521,0.448872108838259,0.05517669716573437,0.3699704935825139,0.2515509244185523,0.567008824322329,0.24736337101421668,0.32865086732454074,0.20268686681447434,0.14954823187872535,11.123374120947119,2.830487903491303,2.0761098367001978,0.19043804471220938,0.24143008362079854,0.373163673966701,0.4064762156231154,0.1798784072889248,0.3109113180271379,0.2434657020448867,0.1796243365170085,0.7416825331492873,0.6481299329097965,1.7128960508998716,0.4133013947830477,3.034568345081425,0.2808616011716367,8.669736741136148,6.572088364963747,2.4389393025230675,0.8139448764450208,0.31023872178047895,0.33215941520029446,1.198266206705739,0.4028604238119442,3.178315042896429,5.995235274163861,9.028017694367009,0.6040963686355099,0.2162630248494679,0.49069186906854156,3.0910309712753588,0.32648449109183275,0.32513173517145333,0.23555955788469873,0.6237298297965026,1.5709157567362126,3.2864726188872737,1.9832394982167898,1.8521813174374984,0.07445310392904503,0.2126404001537594,0.6977057553049235,0.672232657620043,0.37155528969196894,0.6318954107864556,0.18810296254378045,0.34401981126211467,0.5845182248613128,0.6289392273647536,2.1464033647962424,0.8666357774964126,1.296428971540081,1.2395254248694982,1.0451685989637554,2.1976187840555212,3.7831724224743084,0.5607147956598055,0.0,0.0007730619981884956,0.03661640511927544,0.01734847918851301,55.76723097673312,0.8381355636520311,0.13424782402216806,0.26046230467545683,38.12550212696806,10.862483360084298,0.13007719668712525,0.8185529984057212,0.4687643816596392,0.1006596067272767,56.61383878442575,3.0882377839516266,2.4022111391059298,1.5676997113296238,0.22455849765174207,0.14324831705380348,8.864382895280869,1.6870755925119738,7.894514403778885,6.1959451751936285,0.18715054537278775,0.37335806876581046,0.5062580030262325,0.14215483358202619,1.7465201580853318,0.76701356936519,0.9689857902048971,5.754692476057244,0.17545216310827527,0.33647842269238026,2.0463556862960104,1.0507124292216758,1.7456833376454597,0.22977071250716108,1.7760248156046146,1.5215580067924748,0.2817319868481718,1.194124234292758,0.27902913402795093,0.3325995560953743,0.5059568666365521,0.7893341627077461,0.3410493830924679,0.2727523469566222,0.24728511516696017,0.5407297833298799,0.7480527161224018,0.12626320712661254
desolate,0.1151074722292833,0.10028992019942962,0.12134669674560428,2.0424238703999436,0.04804384023009334,0.14674144993477967,0.09988260403042659,0.20329861474601785,0.6291069870057981,1.0177003998833243,15.203984703490278,0.39974234357941896,0.2169684144319035,0.32156589391524903,0.9709844960889313,0.7926967302337289,0.5116094421246089,1.278599668876268,0.19635081029264256,0.2726306300028227,0.21206959699338768,4.015475722408155,6.331367048172979,0.8139803779195063,0.9510222330136457,0.3089333100360818,0.48451873869635165,0.1845124092506012,0.02249817523988895,0.36899294579052366,0.5387715013930574,0.06397871463559568,0.09780333035450894,0.08729945807135664,1.0472832060331712,0.27532217136467807,0.3896024491114076,0.07051677179697435,0.19042085563705768,0.16502360766753554,0.05667609750526026,0.3648570449149702,0.3556089297926519,0.4539055952918716,0.1692661436391063,0.0438663131208159,0.12290620100975502,0.3766935472958721,1.0938803184544668,0.577929284714628,0.2812987338693347,0.738929275481496,0.3022402955102734,0.48230964070535265,0.38854624904342927,0.1648550332756713,0.283818108815467,0.10026993534120265,0.07831793764489703,0.1005928126978688,0.08765371725166915,0.14620479466975667,21.024190547061153,0.1729449505728553,0.5544786608079448,0.0619557139580138,0.20293272667913698,0.33314337237970904,0.14862273876497056,0.10311636932601687,0.18542828771751374,0.04370316749555059,0.0993714795622509,0.34729449974838644,0.5304776040939032,2.4541968343110057,0.17484238054021262,0.8581442623253679,0.19675600160553586,6.172796896986256,1.4190526771635632,5.321988924726611,0.36532866925699636,0.2445354959636461,0.4187243363558082,0.7572591067146277,0.3860256368207047,2.8243277992587537,3.3081602908932837,4.711889352358412,0.19651549264381174,0.4431351952080149,0.32558813379728235,3.1097405370965134,0.3008662334032124,0.1987117303069681,0.11620010224578436,0.31170333399495576,0.44283786209416576,0.7609911856707186,0.7948959385394119,0.7507308738131542,0.06290210352744907,0.33071852271677926,0.22348959924420342,0.2961411736905575,0.13029490855115,0.17883357673417777,0.18135153512412217,0.06744592756149359,0.43576163133548107,0.08066391985630617,0.32890734930697363,1.8538984867336694,0.7152669262723066,0.40822932141600177,0.6338024266442517,0.31498654578172136,0.3216939132253174,0.17410408559953794,0.0,0.0008202429744414985,0.18081760127097368,0.0009179059998132288,5.0527427339111455,2.07750107558968,0.10444864523014985,0.20605161317507736,6.989678812693455,1.9305642927647568,0.0754750431078719,0.12004782307485584,0.4082514316542074,0.1199796885921387,14.54795213646139,0.06399283782229759,23.043234583703452,0.06163199043658096,0.23068891502043698,0.080608555523213,43.81997612604755,5.676867432877771,3.574774353968678,0.3419563938805368,0.056518148820032366,0.9277597194013651,0.5118614700768376,0.056850261287763715,0.44845666669425555,0.760412662071758,9.133905226306524,0.32185469358228147,0.24130356323439628,0.12473949867126066,0.5868603346461896,0.3935474505633465,0.5997474449250149,0.18770438071805984,2.2983381111116614,2.8164913676155265,0.32680259706103243,0.2704685324715683,0.11622492483002134,0.05847589440236334,0.24151075817644596,0.30441921458987053,0.1669806777354097,0.15142740971350577,0.47174169999198057,0.11259908766078297,0.5510105453868164,0.23015283735003322
digital,0.06860793208943505,0.036822691864870194,0.9222896329642936,0.11502334656779567,0.26686288989867535,0.05317695198050387,0.12161780305268621,0.02168099509071908,0.09581421930124634,10.085558037376813,2.800200270586629,2.1642431672685234,0.027162889404280577,0.5837237933155848,0.21884822200200915,0.18359154038796532,0.14912740937279523,0.10644834630068267,0.41912086548427396,0.8928598055235852,0.06606793994160398,0.13574349915143102,0.1373494664167083,0.146912475661793,0.31167636317150027,0.17919858727327664,0.24757146748015657,0.030904346860779697,0.007280555350007489,0.7673675462258416,0.33626469110458856,0.577232484567503,0.13180068964197744,0.06037260097946273,0.11874967875905895,0.023188360293431742,0.09351469954299318,0.051728516511502676,0.08488492283504456,0.04281553501550661,0.07053380845536594,0.1333120098370273,0.06404131526869605,0.044920060046024446,0.05014131769888763,0.14171594440722401,3.413172312262759,0.6992046448862652,1.0816467292006564,0.035190887363569345,0.5903752518999568,0.10660858879418811,0.29341651433969673,0.704976476025422,0.035837963925587246,0.027488596725561365,0.05431396533776933,0.04067970795404108,0.22064291828519345,0.04355686241615331,0.16710829343787736,0.0664104127090468,28.64000584211317,2.084585797368777,0.9396642304854907,0.09839519601337088,0.011316139651398771,0.10215784519294857,0.05597599331554193,0.09166941616786062,0.09329969169279906,0.21451585936483752,0.03154547719941547,0.021124674928984177,0.07543425010044302,0.06375842960665068,0.023754568901495077,0.41171261914405477,0.23873384572402756,1.0473713963729097,0.5556458327318978,1.2038029495483897,0.7384674762495251,0.04671569395933517,0.04836161955608986,0.0693131449388602,0.35203444900889735,0.4355594824675677,0.8371459637965017,0.5784853784856523,0.14170643430270502,0.04268016595051449,0.2443219427572103,0.8148054678158587,0.09730320033304451,0.07542598315922078,0.02070138517410669,0.3019976729485734,0.8633702979885811,0.4188207798287067,1.5790579969922476,2.7987068474915304,0.1042579697623296,0.7763193062073697,0.4716504559164605,0.1355324779433431,0.02900193599271006,0.07703066370822853,0.18080376620491734,0.07888016680590226,0.0348407322235289,0.0978602672175839,0.39974369388073683,0.3670759826900394,0.2498090997582949,0.44498710138941533,0.6102440382092027,0.6535749806607782,0.6184529221327466,0.2722524787245675,0.0,0.0,0.0,0.0,0.11086878491221341,0.07118792390997442,0.019296715860036784,0.35439634500380635,0.8763546893680427,1.409977707843609,0.12530431633183525,0.04166054907545913,0.07777001441399989,0.2132029615084683,1.4051917740507633,4.276051672286485,1.6954102105828497,0.02468852262973087,0.16429941015667282,0.012067198844306404,15.535480717886912,0.8425858384995308,1.5794603707449824,2.516922969005236,0.33032175878315684,0.16062879965102184,0.43562337744868973,2.221327333248155,0.3586908396396211,0.4825537910173807,0.462548269408785,1.8987191296919264,0.022210509032987602,0.09758512751841408,0.27397486682275485,1.0946534870272444,1.3987316786010524,0.07047435049889827,0.6410887896172426,9.581076351965521,0.01640576176578179,0.0760224535888483,0.15193826475479,0.013844982600176081,0.027994312894222162,0.03468229394638911,0.05197510691198204,0.02588054016860042,0.06894239629036747,0.12667655227960495,0.0969404786134902,0.07292441323579624
dirty,0.5002884443674702,0.5220725549443159,1.9168379673210438,2.365341404773062,3.9502416779869236,3.416730555400136,0.9697760464478051,1.5273489581450121,1.7113920395786408,2.527258677277132,0.9862631008945755,0.521869026357308,0.5993230796593707,0.3690921907691518,0.3263690481398953,0.2540844910326996,0.7076645169872791,1.0147237425262574,8.44895085853932,6.443221524721594,1.6626402326510288,1.7804425104041002,6.341107194770302,3.8605580254952656,3.381798282436648,1.239570718142204,2.123987599967222,0.27054313430562615,0.3797785803253646,2.514906356751453,9.397509421538416,11.186725344588922,2.4643941363174235,0.4115935517475009,2.1023276073538,0.5201442292600404,1.1439510111522395,0.639525634018355,0.27026580277015455,0.27980014015338384,5.298807586703333,3.9004654256277718,0.4056677740154555,0.598137557906739,0.899036920760409,3.029136529759853,11.284248008392751,2.7071723617846146,4.0311851121950895,7.137371372380585,5.828389768168563,1.3642100649740314,2.348834612639621,2.3871935103234136,0.1129352982970886,0.9503385065181646,0.7429137481958605,2.7146048411050288,0.1912393202073872,1.6207679577564704,0.31912105821538717,0.41044446727028117,2816.5639025703913,233.4801514595165,1.7506315613063634,0.2803378829994472,1.2459897638182156,0.7691104461846408,0.7084786306077149,0.5545131746621337,2.6243011402257252,0.5123570675059455,0.652008107790607,1.1304351579019567,1.328940519306343,4.117979952861788,0.7250052154831792,4.997529584390577,0.6956156165770153,14.267424010777177,11.165771428568405,5.49401577928802,13.763902808144621,0.3889678172999993,0.9525447722407989,1.3338321181072388,0.9681254122988321,3.949253427555959,9.897247094359045,16.011383930715965,2.4809148937638383,4.086287542319042,0.7393966266072312,15.335090430875425,1.135835515683084,0.7265449595724931,2.8139787512263865,1.0325100261106854,5.977192705555353,3.441568484187883,2.0418171835917747,1.0734114208971732,0.36925683856679825,1.1018487498222385,4.544485889491625,2.8801738250695053,0.44949485501274467,0.5368343816808192,0.8582163801474962,0.3950638820169843,0.27405037509743124,0.7127070309798,1.7119999194692355,2.283395038015442,1.607153631404799,4.2270433362573385,4.857711049524369,6.5603083978712675,5.416345028737851,1.6773922833963297,0.0,0.0,0.0010666930756997317,0.001580699987243861,60.841899712493614,1.1990308211825322,0.5668695291387849,0.7964641820872203,81.98990608908935,186.82349074984813,0.2427849541127216,1.5494347554231354,0.631903190354933,1.6750784816686064,673.5461201216749,5.280264604720287,3.1449619817722123,4.3357743018714245,0.2206020583616919,0.32143667787022423,11.01230620770366,18.587796612046077,36.384501770866336,112.23144361366576,0.5374798924221977,0.9547865735949017,0.5622210879373597,0.6759821800515056,3.265913861730951,6.349765676088282,7.1055436406168155,23.51564360113116,0.5847965390203171,0.2295412408275297,3.2766232720168773,9.241479056348908,4.56218044218258,1.098082177049946,3.7258414868992986,3.7642618969694013,1.8566290078888414,1.139779546414502,0.27092262003861833,0.5782387217623182,0.4590728200510057,0.9034642486949451,0.34291692166152643,0.37926256595528685,0.4570540204294957,3.2859359950962244,2.2683775233163033,1.3694847490842221
discouraging,0.053226458716380876,0.050929766321132774,0.025373665848746896,0.01600640467950143,0.10396918867263594,0.08173307354445569,0.025552776067343075,0.2728062219975982,0.015717736700025853,0.31939144256466534,0.12665139742966858,0.31226066270755837,0.11970380376442336,0.1063509176055959,0.09722574561237707,0.06889789941487834,0.03819528970052488,0.018172399439208675,0.37440261812662357,0.8112825752214121,0.04359224241852644,0.3585531535318296,3.925444270407752,0.06969453663623426,0.05218525824966491,0.1110083788225893,0.04092014520574594,0.08115496911523223,0.041423792030400364,0.20133461905788863,0.017539465759909945,0.38039869843123597,0.0216316194346291,0.02836794480936078,0.2582081733562518,0.4453680874685233,0.09660142551729223,0.1629965429820004,0.07875626489476417,0.003052833038964309,0.17659529410593677,0.05823415517807007,0.04327973666659091,0.014389650605153292,0.03736761256004684,0.005468772724270821,0.8246800876877387,0.10822100732184481,0.5697795104933903,0.041317815439469996,0.03653412007770385,0.0363879029682721,0.08623146668469417,0.03413525170617504,0.016446686855488224,0.030380123396753334,0.1390195357889752,0.04432274027567473,0.07434264224139042,0.3418946959791356,0.08111826902313624,0.01480272226035595,2.380845081021107,0.5990233880947926,0.42517693740228424,0.18506268340934184,0.06715493875435641,0.05346148072203505,0.08513071507331915,0.07006764720426872,0.1706967181598884,0.025620829917897936,0.08939907762396615,0.22572585476154927,0.06481291889213026,0.6666691050722875,0.0844827327382518,0.7463543211270007,0.13476671892567538,2.312292512258864,1.4329353221201018,1.1682365072338143,0.17759378147820826,0.06934489740160643,0.12875435153910075,0.21896950016889605,0.2187850766131305,0.4668750377895776,2.6597699411431677,3.0652240994822932,0.07335673567285994,0.09992940632946556,0.04720222313699196,1.0140712062893726,0.07427499676123261,0.12160188916823245,0.020149620497249998,0.22083786274743034,0.4271835780891706,0.6512763367645675,0.42684727246523835,0.4164810567690438,0.01916688566780067,0.09868062748864759,0.2806918226106063,0.10249478290279512,0.1418482984227012,0.34623197385371896,0.044103914970037295,0.12548952811630443,0.08900389020345756,0.06154676127334824,0.8893078666806105,0.5383929425188398,0.16385888556033024,0.5416543746978277,0.28191387110200594,1.28448636392568,0.7515973124900484,0.11289512053190265,0.0,0.0,0.00018072599777951837,0.0003091059916187078,10.619286585701047,0.04196540039265528,0.0026344867947045714,0.04369661704549799,23.723958533097175,4.119628350203129,0.011373341589205666,0.023048552589898463,0.13243364162917715,0.1415733681860729,26.927990094791312,0.6872183221348678,0.22652164213650394,1.0129651636816561,0.016327988312696107,0.04832695811637677,1.3764768035616726,0.5114435621799203,2.0693609481095336,1.482319424780144,0.036334578649984905,0.2095784070697846,0.04612894593810779,0.08698879966323148,1.0979753004357917,0.21690279865651974,0.47235752290362143,5.221958517082385,0.04771695733506931,0.1781948171192198,1.058273692491639,0.19570904842112213,0.362778861199331,0.045406548233586363,0.2521090570735396,0.22112592275516363,0.03451083492109319,0.06791369327402208,0.04714606456764159,0.06265549183808616,0.09563616136620112,0.13869638054893585,0.0533511707726575,0.06657439724403957,0.020942280087183462,0.015663231333746808,0.46346282280865125,0.052360833673446905
distorted,0.1329247531010651,0.1624232942413073,1.0124595554370899,2.4932564164118958,2.186590932225954,4.686091192346794,0.1107942938378983,1.8697083551633114,1.5878718635340192,0.8174633746384643,1.1432062642124947,0.5524984847615997,0.28010152200022276,0.059999879740644246,0.06048417767283354,0.4059916586847976,0.1989373676260584,0.34932324265901116,8.842283867823426,8.78296494049573,0.24850839917780831,0.464587576163467,3.943241053435486,2.6034648282620765,1.4575796540593728,1.4192033528524917,1.2848177664563991,0.13561753001704346,0.02089276177503052,0.9111157997249393,3.7760339034721255,23.31367549485003,0.5048207991640083,0.4654406544577796,0.25846178372739814,0.12939473666483536,0.9119498473883141,0.3177176675526425,0.05427180271362886,0.05690465870429762,0.3771852237696294,0.7717480972060002,0.09889601112809032,0.14240696765773464,0.22579250199487433,3.637610847130418,17.256917502763827,0.6304411074379459,0.40909654663119,7.91581108120954,3.511218107305467,1.16992397037302,2.658381860528607,0.6086739408492576,0.13603576173795773,0.9201781116134953,0.07842103524308186,0.6656102097476833,0.030161802776092372,0.10207999625708908,0.11741785984486341,0.03324462322052568,866.344185389652,37.4438201324956,3.876097837749512,0.043299236334860325,0.37927194697840605,0.31054990896154777,0.7925012573832646,0.20643877283691836,0.2451022738532629,0.12675108255643863,0.3436160378041677,0.06589311589073077,0.15788314696419548,1.4313820402458077,0.09198141284286976,4.781683012171015,0.2858627113746479,6.241751246998319,6.761521859214554,2.1588203406427056,0.7234484896398499,0.06995032680788427,0.5286609824979678,0.37906846569967456,0.1477278926904546,1.7512268641439732,7.478260122181382,6.126152641169028,0.39891829807311296,0.24382580851670355,0.009547021938487887,5.722306268615284,0.15446260792214161,0.5592918526381254,0.1254973485483788,0.0664147321949713,1.1496071702922563,0.2428042300962261,1.3112877001112793,0.3927267582039349,0.0,0.13719321702956222,1.5088123141395045,0.2856428553460262,0.18108579714316875,0.08279254750232212,0.14284966528066434,1.5492224836780224,0.4852404364501126,0.4103541625154321,0.8071247976549785,1.4786121679826465,0.304642007642542,0.6172453265990043,2.997096066595077,2.401084705852554,0.5303583028289722,0.3554074104608844,0.0,0.0034830180229619145,0.012344286980805919,0.0,142.72217549154857,0.13284710323205218,0.1394222112139687,0.13881512961233966,48.60455360215565,98.13663701993619,0.04653079900890589,0.9905361016863026,0.18792794851469807,24.271643864223734,335.22730718786124,73.52521150321263,2.377560056600487,1.791989661360276,0.09430382198297593,0.06310865825798828,17.56228809971799,1.4834212355781347,17.679813935479615,20.520771981493453,0.0,0.3198130946839228,0.11333298374665901,0.039772722091584,1.7132596729061333,0.6781817503797356,9.88983339874585,5.61315874512195,0.9811622677370906,0.04475922498386353,0.8196220479294425,0.12823994722566567,2.1746870538549956,0.11169081402476877,2.5257589397369884,4.42250564353526,0.021035946090705693,0.13833554927259684,0.029956590151414275,0.03259924007579684,0.6764649986725999,0.23883675670731463,0.0,0.068977932605776,0.0018198509642388672,0.6403268335907342,1.5017457753274357,0.14695071597816423
distressing,0.08939613460154305,0.09709366323730251,1.662888096923325,0.70597953926017,1.2103289584920276,0.44935832207193016,3.281104674832477,0.1639162785904773,9.699235793472326,1.9127555953746196,0.6919166093534841,0.41773371505360046,0.04040610030654079,4.705537118577922,0.18959594817715697,1.6361446990966897,0.2164592785721915,1.746060160745401,1.9167518049016508,2.1240718564741883,0.18494984355220367,0.18162899347486333,1.8445517244001053,0.23884132919556578,0.2950818216643256,0.42422670908672444,1.8771274059581629,0.01946884804738147,0.0971411707232619,0.08131472019977082,2.9596760748263478,6.653285550716646,0.09283663866881398,0.03024465289490763,0.10403646763734287,0.0433587715132262,0.05946735010229531,0.2128946968496166,0.009395466905971261,0.08145628226520785,0.036227183255505224,0.028650195639784215,0.017543663074320648,0.03733897629444982,0.13240892429894302,0.29125803162696684,0.9043071356344399,0.11742400301437783,0.14625588155968217,0.3061400924548252,1.7892273898627709,1.596823036456044,0.21921936607898118,0.102180820134258,0.05381404005058954,0.11131059503736651,0.16065001777133148,0.03616132974639186,0.027224950626759892,0.04766809822694995,0.0314408429308628,0.017803234776920362,334.16407319484256,23.541641022384578,0.4794067387301766,0.062240104722150136,0.0501600460807019,0.04454815000076451,0.19658346277515193,0.04924995098008367,0.04323799751171009,0.027205511853292563,0.032123985415039115,0.10657144986453204,0.09103896726628591,0.6012368206186238,0.039543656299144914,0.4646943860112174,0.09662706961898948,1.4103375348337295,0.398310444073914,0.511359878746589,0.27643243726630295,0.15426762277365924,0.22605853518303576,0.26839458882011513,0.10361393839048105,1.667017392302796,1.2531754083101987,2.9660779931831485,0.9718855057334395,0.15020866955819656,0.05508311278185829,1.2562193984767873,0.04482076442104699,0.11235964570460055,0.028560813941567176,0.9440855015573106,0.2220313030717307,0.0893222160964946,0.04944494182586823,0.11886848858806687,0.017087661499090245,0.09487421431757853,0.3440462707703098,0.09915049882783933,0.04565076288054115,0.043449258341297536,0.04277443741011666,0.30345857404972776,0.02721355900199285,0.07653819411507357,0.05741349937042983,0.12801361325546168,0.21433171567014142,0.2467206515698308,0.26314537495531454,0.5346823603799749,0.3756666621560498,0.10534666631929213,0.0,0.0,0.00011346200335538015,0.014526033934089355,104.2627835505109,0.01837943899477068,0.30012692835680355,0.04500743264691209,54.03262322253724,58.1288237762883,0.03328930251109341,0.21230541515615187,2.534443486165401,0.031551408472296316,124.53688422462074,4.715463402568349,2.7552843541525363,0.017727451161177576,0.019686592661855684,0.015005550148543989,29.727534953015265,0.441639496335938,6.517989214614772,1.788127255506879,0.06121881900162407,0.3898771618758019,3.6185499888324557,0.038307245300643444,0.3944044999684593,0.4419467857666488,3.3423823908378836,4.474891531051981,0.6231636931361209,0.06043295094286805,0.81144237132429,0.30518641920409095,0.4116916774518131,0.03769352568373385,1.7342335330003849,1.8108603118853352,0.22761967379483394,0.033065108225741824,0.037023995946583454,0.03465665487024694,0.10804253108790363,0.061239292816026136,0.02315258696958722,0.054768071440925326,0.20876756145889885,0.19017408208992492,0.795915395365995,0.1409090462052518
dry,0.19793442013906315,0.6172167008589895,1.2513666114045918,5.527446087391581,0.7581846812317963,0.7137556112893435,1.2026471046574443,0.7559044243880635,1.3816916156083607,4.019485952835566,2.3527532970783795,0.8257431389392877,0.06726651641019998,0.6480660369097677,0.34003368676167156,0.20271633351694618,0.4164758985489243,0.3554720588017517,0.92395285845123,0.9911602728491289,0.11056333796977924,0.4511997111803794,1.97186826755933,3.7248375096810378,1.1797952110300685,1.2689340664574047,1.937033872705797,0.14108459088311065,0.3579238922275181,0.7876662009562097,3.924578264402953,1.095052141476117,1.4139280467943536,0.31394615200770204,0.14249117853796633,0.35469692236438277,0.9109388768720237,0.24148053143107973,0.31767318870697636,0.06140520700682828,0.23040644805223565,0.058255834454030264,0.1768228266728329,0.22397735856246914,0.09883781089865806,0.23913476350389828,0.4208959046027303,0.32813741440168087,0.7325021202550488,0.239728869020837,3.4432637462759885,5.0020011044562125,3.792526708884907,2.427809613428508,0.14649769763673248,0.21717707994321245,0.1879650828868762,0.35401001572972746,0.16165724285929173,0.41870366550756444,0.31242925767583074,0.30897436557097535,445.78316635533747,30.795819560676136,2.1462212191072467,0.18186992138907954,0.19442486814477888,0.4161520744655718,0.1818221562571125,0.13196166392481246,0.38274816308512527,0.17981525573713952,0.45053104467160665,0.35577856205600256,0.22553455221896002,0.26599221416472574,0.11867701224855409,0.47635135782820726,0.29425533738231024,0.9701183067481907,1.1011376983433365,0.49184631062234985,0.5846831916296651,0.26476374093226696,0.45831951058880804,0.3451907743992706,0.6770622434305551,0.6137513721905634,1.6426578163200247,1.507412891533022,0.5303543634481684,0.2592552944797717,0.6162515833175348,1.2672777113511984,0.12185179777043231,0.4514842772332486,0.4295632578814548,0.8047047026088876,0.5629117102971577,0.8379370431302959,1.1278611739126063,2.0100296734690346,0.17627247534892376,0.5207004302455971,0.5886606073090661,0.46165319996543985,0.16129630004434148,0.0842741032010963,0.19668752443249105,0.13994537221242354,1.4777621260436717,0.16470228558137023,1.0111588948184362,1.1280877278586559,0.11267041337123374,0.42761719666305,0.2833696102597969,0.23579231563689973,0.0996194785238913,0.1748556765110152,3.0103299650363624e-05,0.0,0.00043908299994654953,0.0018198592561020632,0.5195738256516051,0.3920525875655585,1.1174545535832294,0.39319076229367056,12.353198309775507,26.055733644549036,0.2276273776542439,0.6155911577498046,0.7094539425770563,0.36081397493035183,11.963040772523982,0.7488204482897345,9.88041905722821,0.08005457496255985,0.22709004066382477,0.187446550509776,53.54752978918623,6.20143145257498,1.272469519659353,1.5250910859722353,0.3230181760754931,0.14944353955525003,0.24704133515660942,0.44987522996734697,0.10034877061480074,0.33754061232281174,0.890203812648906,1.20422920171859,0.10951276347259409,0.8457559134449184,0.19306621971099958,0.43806934456870295,0.9697353556557573,0.20552378144975592,5.849516181226932,1.2010018464588939,0.9888304896621776,1.5439704791260738,0.18936019177726848,0.2819820893219003,0.539501564820057,0.43223380502513464,0.16208031412406854,0.5675032867275149,1.1377474085174981,1.3543040417907832,0.7502671147890965,0.7109115516559541
dull,0.039705205941572785,0.018310979823581874,0.026327190164010972,0.07301896912395023,0.016575820045545697,0.031961950298864394,0.004699024022556841,0.01109893003012985,0.03137680096551776,0.12709813995752484,0.042706615407951176,0.05759403289994225,0.003560309996828437,0.0848487404291518,0.0720845023606671,0.013442849856801331,0.03029555274406448,0.03821631846949458,0.12467108292912599,0.16070564941037446,0.005676371030858718,1.0647964162926655,0.14117585658095777,0.04732964310096577,0.029687972622923553,0.01172586577013135,0.046053349622525275,0.01122325996402651,0.0037254899507388473,0.015664210193790495,0.15448757953708991,0.034758431269438006,0.002150334999896586,0.3081793000455946,0.37914070778060704,0.003100720001384616,0.09878987824777141,1.369444414274767,0.0061015901155769825,0.002074684016406536,0.036861874745227396,0.08040076319593936,0.0035304129705764353,0.010616343711262743,0.006777780130505562,0.0045234079589135945,0.420178004540503,4.41620159309241,2.5041702098678797,0.05739080539206043,0.03763236204395071,0.059879627253394574,0.019069689908064902,0.10412053030449897,0.035439308907371014,0.02235806014505215,0.025024229849805124,0.0009155200095847249,0.2006279134657234,0.05752448600833304,0.0,0.10348288930254057,0.822387422551401,0.20771036652149633,0.6440810670610517,0.031055196363013238,0.030546892870916054,0.023303867841605097,0.01771066697256174,0.03364660934312269,0.017434361041523516,0.03182723023928702,0.01569894670683425,0.09863705962197855,0.11407829514791956,0.3182169345964212,0.004592402023263276,0.17596436146413907,0.007590477092890069,1.8737228987392882,0.9220515805063769,0.5516291771709803,0.33801770239369944,0.06315061543136835,0.02870456239907071,0.19802268913190346,0.0624867700971663,0.4500205984149943,1.4783491384005174,0.9857735403638799,0.12109109174343757,0.03452902696153615,0.10096645032172091,1.524427829834167,0.023884189664386213,0.0006121729966253042,0.025050084135727957,0.035342650837264955,0.08497691855882294,0.031257501686923206,0.36327602731762454,1.1934477447357494,0.0024509529466740787,0.23288946159300394,0.25262435773038305,0.015776534972246736,0.00949669277179055,0.12278007378336042,0.06833245966117829,0.0726139159523882,0.15266895847162232,0.003783871070481837,1.077083456912078,0.9528904294129461,0.24903247597103473,0.3522436326020397,0.7258058564038947,1.2831088429666124,0.14998649910558015,0.0290322796208784,0.0,0.0,0.0,0.022999199107289314,1.7926147088874131,0.051921477541327477,0.015422330237925053,0.25706267717760056,2.346162879955955,0.9041398126573768,0.004851070116274059,0.02693893256946467,0.0420095419685822,0.057147545972839,0.4052501237601973,0.709096553386189,1.5431635705172084,0.0018307899590581656,0.03277211566455662,0.014476281066890806,0.4696876617381349,0.8846352636173833,0.07726024654402863,0.09995115446508862,0.03507434530183673,0.020645883632823825,0.10441308922600001,0.09829688048921525,0.3592799583420856,0.14076502539683133,0.1382590943831019,0.2575272286776453,0.019848351745167747,0.2034231208381243,0.30065247957827523,0.6250210402504308,0.6943999874638394,0.02844698437547777,0.2325791254406795,0.1113029207335785,0.716913859883789,0.04075417452258989,0.06531026706943521,0.06726727972272784,0.045277716184500605,0.012609280529431999,0.010400638915598392,0.028270796523429453,0.04000691697001457,0.0057432110770605505,0.12192717508878559,0.046164962826878764
dynamic,0.014238899573683739,0.0020446759881451726,1.5770662290160544,0.564049767691813,0.011731770006008446,0.0035495799966156483,0.051462901312334,0.0002396789932390675,0.40138597518671304,26.565030331810704,48.12736907818271,0.24958308727946132,0.019100657707895152,1.9451464009471238,0.11668828838082845,0.22854688325423922,0.2260851686686749,0.5542428581829881,0.2426912544760853,0.49734561135119293,0.5489686841319781,1.1725817473870848,0.1699573347886358,0.056499630911275744,0.06927056592599001,0.08664635525201447,0.23342239647172391,0.011454855620741,0.03244460001587868,0.037938039411528734,0.23791950512074211,0.045199000160209835,0.005869620013982058,0.009771801880560815,0.0229878754762467,0.005468179937452078,0.004366920096799731,0.01621593100571772,0.10963070997968316,0.06539353146217763,0.005302538938849466,0.04414539974095533,0.03105653647799045,0.02066605957224965,0.042057030368596315,0.010192946065217257,0.0750317684141919,1.9648249776564626,0.7701200295705348,0.26324517375906,0.027109047766316507,0.09314751932106446,0.09678625978995115,0.2596228293841705,0.01748003838120521,0.03305277178878896,0.03751721262233332,0.008981279912404716,0.010259735337967868,0.04242875214549713,0.022379820235073566,0.005401160102337599,12.89610407713917,0.9046222067263443,0.2958157953689806,0.004700176083133556,0.021759645955171436,0.03594244108694511,0.07930947401041522,0.04105451935902238,0.025074654474849467,0.08892548113362864,0.03182405378902331,0.021831330413988326,0.12112570978933945,0.2988362841288108,0.009050073946127668,0.5540302522772436,0.03880043215223594,3.738256081748659,1.709141514958901,2.43390080814288,0.15345432417598204,0.042727020336315036,0.12324117147363722,0.23822003312753282,0.13140736826244392,1.540935553595773,2.490570040536113,2.5124717176513514,0.12059661804232746,0.045760418055579066,0.22496026295266347,0.667232650690039,0.06492374796835065,0.0,0.0,0.02101632655831054,0.3309466076498211,1.2057532498147339,1.7024314391892403,1.5079445612063864,0.00794494416913949,0.053850550786592066,0.21268727621645667,0.0288370595080778,0.02947196848981548,0.019676756230182946,0.053219438530504704,0.05996536766178906,0.13610416122401148,0.4103860129835084,0.9008665571454912,1.9349493814952439,0.3836049087367428,0.23110687178404987,0.2846248259720596,1.5873965990613215,0.3219918506219983,0.02087371575180441,0.0,0.0,0.09840620309114456,0.009484030306339264,1.0307061616331339,0.24119776908109714,0.1597058541374281,0.29619866792927496,1.4369843458989635,0.3564339826205014,0.0437139657442458,0.05330057262108312,0.05789674003608525,0.0397424450784456,0.4727664669044316,0.021809489699080586,3.786147978172721,0.06985509861260653,0.014485709834843874,0.0024210091069107875,20.782321008078725,23.67515210468264,0.2720448965628748,0.02786313936589968,0.01883720001205802,0.02045727742370218,0.23911052881157957,0.4241536143235862,1.2961168880465266,0.6268500295409467,0.1525158367876429,0.07635339006083086,0.006202465941896662,0.13618031542864628,0.07438005405951742,0.07439582797815092,0.7473465044131444,0.06920625473139808,4.310250831709709,9.658179052852233,0.5587496266234666,0.13449360086815432,0.05532021577528212,0.004976187105057761,0.12250093861075584,0.0667545510623313,0.014544790261425078,0.01061809016391635,0.09122891281731427,0.009291060967370868,0.21217604942783908,0.03371543809771538
earthy,0.24828902713488787,0.08865307085216045,1.318607094231993,1.1047514027450234,0.17929791638744064,0.16292963933665305,0.22947470878716558,14.971578692900948,1.9004841555142775,4.022614481044002,15.8792855401407,0.8541138864820823,0.08843843173235655,3.1588457248872146,1.1091785477474332,0.37863112133345567,0.24567913345526904,0.5854902938008308,0.5661317481426522,1.2963700763648376,0.23310852178838104,0.7349234819412231,0.6527648121118546,0.6775215330999345,0.37890816503204405,0.04189312970265746,1.4085116958012804,0.13890613545663655,0.10030279017519206,0.4101340629858896,1.0563481877325103,0.7752728631603532,0.1918127293465659,0.5822125885169953,0.34333669068291783,0.12947610905393958,0.3984977116342634,1.09828869078774,0.12755444273352623,0.08537115971557796,0.17587716924026608,0.2318207244388759,0.1443857995327562,0.028736996930092573,0.2198514465126209,0.5498903795960359,4.1074821963266,7.17550621641567,21.59270285803359,0.08830991107970476,0.1488876584917307,0.19182875362457708,0.22400686115724966,0.28951149829663336,0.0800052301492542,0.20262630644720048,0.11843723978381604,0.2659230522112921,0.21435926773119718,0.1932220941525884,0.08212470990838483,0.10193814104422927,36.86885612399783,7.387833261222113,1.501789177476894,0.33271483093267307,0.17496246052905917,0.12957978143822402,0.47874428413342685,0.05214563093613833,0.16831880155950785,0.11878500902093947,0.17048679484287277,0.16807001183042303,0.2965218697208911,0.5054049305617809,0.0888609120156616,3.8502584769157693,0.14178292138967663,6.366496067377739,1.3518317961134017,1.1014072246616706,0.5299035406205803,0.1296975691220723,0.06585736072156578,0.6680678725242615,0.41150499833747745,2.019854615442455,5.952705759904347,4.193363770667929,0.5399730199715123,0.16928243869915605,0.45082512113731354,2.6779669715324417,0.21823334065265954,1.1115148632088676,0.257082068012096,0.176386121311225,0.9264750427682884,2.196882583666593,3.9735934017808177,2.3676023255102336,0.0513096441864036,0.3878027346218005,0.9605150900315493,0.30921142001170665,0.03889722051098943,0.2415603386471048,0.0782617584336549,0.13077366328798234,0.32280019589234143,0.3274913022760302,2.31393262243364,1.4606602935818955,0.5061230536084622,0.4371034922078252,1.5801623000297695,1.9839682165766135,5.184013828402385,0.1920331009896472,0.0,0.0,0.0,0.0,2.529379505373072,0.9193245774367824,0.06171201169490814,0.6996318977326155,10.162853917980101,5.695049875124823,0.12773936364101246,0.34044019086286426,0.48564662120770663,0.5674042056780308,2.085694685811177,6.434022260364145,3.4746394702233374,0.334309195750393,0.2444532822119072,0.08815472014248371,19.280403468059376,2.97732347343117,15.239437158335932,13.091984514612705,0.212459598435089,0.11819633969571441,0.883233972126618,0.841841708868742,2.71660772128962,0.3070209023426287,2.08309783693403,5.915443974081427,0.029658879851922393,0.5637445424217731,0.8341801890637726,0.5208525054622442,3.6958064790815115,0.27264213358284906,2.7358621230814606,4.870742918690667,0.25890229555079713,0.9487888729199767,0.22706624178681523,0.299818851693999,0.28987733856774867,0.278490140568465,0.043042650213465095,0.06905084056779742,0.06609747174661607,0.30886734393425286,0.8415820935042575,0.23010554199572653
easygoing,0.06835640265853726,0.035326913106359825,0.024962565737155273,0.07771215077809757,0.2678217343852367,0.057145490414768574,0.008276898415829237,0.15081305571379744,0.046086030042577164,0.07640158428704735,0.4141612275730182,0.11394178127738996,0.0038156782284204382,0.15959444715946347,0.02413607665924644,0.08309907894388857,0.04397610593150603,0.0963918359402669,0.5507526491473982,0.7431987422838233,0.0046298588586068945,0.04996585663775477,0.0377543752000804,0.021991756788011685,0.014699157028076115,0.06158629855281106,0.009063317178970465,0.04796986712472062,0.03212008162518032,0.01816527758069242,0.08381442405601547,0.32558334512441434,0.1544206018593286,0.023700525118329097,0.023136692796470015,0.014122479551588185,0.12075562512109173,0.02102232042797425,0.0995172587900015,0.008570438043534523,0.04606611488270573,0.039308841015667895,0.02442211439984021,0.00998327449815406,0.02701298611037828,0.4273791843879735,0.2582801549717715,0.017961407221378067,0.09701442782352387,0.06939660433704375,0.1078761858298094,0.04550176940483652,0.043132227464866446,0.4247258708674053,0.037070559857966146,0.02318642399472992,0.07279226441823994,0.034172512400036936,0.07736146064416971,0.021358113485803187,0.08486845019342582,0.0926375037993239,71.82930419272415,8.24658687043302,0.21828845690608034,0.03273189854280645,0.017017809383105487,0.10405121949588647,0.022625866143016538,0.13743992459399124,0.038984767052170355,0.04214409174264233,0.029358559999479894,0.025968644621627845,0.015936435964547968,0.11454636419424857,0.023427006863130373,0.08028270654676817,0.022522800089973316,0.7910431415275525,0.5462536340469342,0.06082311439308796,0.5187055955668711,0.05558849010640188,0.03827223067150953,0.04300134687454715,0.10037661782916985,0.1850282016261744,0.5062750642027822,0.2813763637750455,0.5003455166229287,0.39085454926720686,0.1207122202224582,1.3247149750677636,0.006315380842636387,0.026856196232984075,0.03548924116807939,0.019707732014467183,0.28962724735012557,0.5168180958219182,0.07043566848199134,0.4668543717764635,0.028684143028385733,0.07836412036468232,0.42772162634125266,0.40853170792499327,0.13028033842510922,0.4123721047590152,0.0286786774504435,0.03710785273960937,0.045755869157062534,0.44766481104761624,0.8840383866736374,0.15606179849419277,0.05487647855807154,0.0823086187874651,0.05724239594928804,0.27481986371003586,0.5610548188652587,0.1131685747532174,0.0,0.0,0.0,7.577980250061955e-05,1.5221450273347727,0.009926811797413393,0.021882021368583082,0.17196348810830386,2.200882451641519,1.8770186157692024,0.0040715178938626195,0.03646919595678355,0.042926301647639775,0.11826235346052272,5.362442083439703,0.1840403490978133,0.6012454654087378,0.01925083322566934,0.04739098968070721,0.0078087906520352135,2.536717283315044,1.3109278673327935,1.098677577378112,4.000781489075962,0.025033239497133764,0.05403583455699845,0.16540590772729047,0.05271530352956688,0.2199514338717563,0.33625084033877783,0.13579116427473537,0.22598461936991043,0.10309059310384328,0.030152965961248945,0.07413358373878509,0.1911221030059096,0.1612493405002624,0.05575666780805477,0.2595406453931446,0.1187055805812065,0.003414608456296264,0.044419947110327485,0.0044247442010103555,0.11726233852687074,0.08789901490490593,0.047925901639018775,0.016647041913927296,0.0670769126054438,0.05531188137729259,0.0399713486458495,0.07141842178498337,0.05044343579902488
electronic,0.06669657180691502,0.07118095475971131,0.4777309671544572,0.6854543517101774,0.19494092116809725,0.18050443302377062,0.6957240505498987,1.0643980526911037,3.065283649818525,0.729415665951251,1.0185889255386051,0.23916868897504173,0.13191468942771678,0.40712720708875594,0.6915933568008654,0.4772722525438837,0.4193562700975759,0.39765356211851355,0.2736778872058494,0.6710998452535932,0.20659552513552626,0.33123034709569765,0.4334532079934661,0.1435371310053597,0.17520993679499952,0.16279975481319298,0.08876871005145404,0.1788178277820407,0.023544740747411197,0.17504917801024789,0.3909630775755204,0.3482026548099384,0.10259753460559295,0.1408773668372305,0.21288983174690657,0.18199716755391648,0.20063248423855384,0.19504188091377728,0.08766856771308085,0.023192721990767495,0.10180728215800627,0.13218537961802213,0.17414348147212877,0.11286890302261554,0.13867173840901614,0.20816408094043481,0.7890409675551382,0.7322594543693413,0.2482896120110354,0.3140753340012452,0.363192566848511,0.28910430264420484,0.24901661192781432,0.40884885792030445,0.140056947485391,0.03314491447395085,0.07563399636637769,0.07438425932195969,0.06694692534273372,0.33303465954850253,0.5501473211495522,0.07542136162737734,11.858370048093349,1.6906922926539352,0.18170738834305666,0.0584034434377827,0.05480297342683116,0.007512106682497688,0.0742322697160489,0.14717854934860952,0.1795408893349304,0.22746474202358513,0.06415706834741286,0.09945762005259107,0.13390807796331217,0.035366024766915416,0.03660778512679763,0.6743474390286792,0.10538312416952067,0.5568679174001545,0.20140352601299583,0.15188586472140742,0.12093403384915291,0.05559164406395212,0.017340719474304933,0.2762182288402073,0.42617699816038446,0.8647283875206995,1.2633538745812984,0.8131887875326811,0.08249441013538217,0.1481352515992853,0.1184822975546922,0.6905396457425468,0.43622198560296965,0.005404918078966148,0.15729626023858145,0.30299060284414736,0.2720504730119728,0.14423032120822654,0.13950264138816237,0.6067889269156694,0.06314995069078577,0.19659009311180853,0.20036416990660655,0.03505662438396939,0.08247191242480767,0.06398956531950262,0.061981989491414424,0.14476088454557612,0.017388306811881193,0.29608496002492757,0.8505900696553403,0.20021663587522198,0.10446733308845069,0.13701933530910537,0.032706948590202956,0.046218473449004926,0.03422755898554897,0.2679533411647981,0.0,0.0,0.0,0.0037362100556492805,0.4754812812991531,0.04771849748703971,0.153798995969737,0.08612026536366102,0.9180985082439292,1.5752371619709038,0.07257155269599025,0.02104753231876577,0.32675868687272214,0.182007263455489,2.621665130242036,1.082002295217535,1.176596580841533,0.3173853515472729,0.00999616186163621,0.009767385507984727,4.174317933418755,0.3641627994893497,0.605571981846424,0.9473044016604035,0.06685102640403784,0.19009946390906407,1.2014001480031788,0.2411038300472228,0.5012707204145954,0.08056733693820206,0.7875584370440265,2.277370282387836,0.07684093891793964,0.1975595541880466,0.2928583988650644,0.06806604567123031,0.41310732310671483,0.13538070849244832,1.2607158564710517,1.0906370042876006,0.24982602535078513,0.05227765806557727,0.09028354247857351,0.14743721197010018,0.10095159435877576,0.14346186201532873,0.027650919681036612,0.10808997473941417,0.07263477055585099,0.17016795928429929,0.10818596685095372,0.019871153652843532
empty,0.014401964658645738,0.013786977284325985,0.13991127950430382,0.06332873888186441,0.22698078583653114,0.015664354692489724,0.0058596490221134445,0.07011331063495163,0.06412557060684776,0.2471364140710648,0.06495250346961257,0.020037848780702916,0.0036106009333707334,0.01951697460390278,0.015672935338443494,0.01707143898420327,0.01613563964201603,0.036542898184961814,0.06600528014860174,0.08771902542321186,0.010670390090126602,0.07496109117619199,0.33877500800554117,0.2579696352722749,0.017343260331472266,0.0670596201753142,0.026691701164054393,0.008945231174948276,0.03262445137215764,0.1080261622805665,0.5827163330304757,0.3025926295622412,0.04285701527260244,0.07062311439312907,0.03205571858052281,0.017656736827120767,0.07041257570745074,0.03178989025764167,0.023253673085037008,0.0054962433605396654,0.01281538356852252,0.06351471242714979,0.015291432806407101,0.0440133182446516,0.002661185611032124,0.04972811520201503,0.12594194049870566,0.05616663832915947,0.020582408443260647,0.09018304306300706,0.010791327744072987,0.07006409374844225,0.34883102156982204,0.10324515381580568,0.03580405902266648,0.01590984424092312,0.01271032662361904,0.10122554498639147,0.030219234227843117,0.04713113003253966,0.060090061878327106,0.016423317121734726,80.71194585513513,2.890973988281985,0.14113314371752494,0.010245223232232092,0.056977448564339284,0.04518349729187321,0.047566728245328704,0.007528948520302947,0.03560269966328633,0.01335444899450522,0.013578639561728778,0.10436451786426915,0.01659705311521975,0.23453672783944057,0.007751622581963602,0.09286957497079129,0.02530074710421104,0.3977880367133366,0.08714341557515581,0.12674523886562383,0.014752716992006754,0.019797928885054716,0.06683336352216429,0.03912038981297883,0.02585375612034113,0.20298261677498886,0.17806984891740285,0.30090943126924685,0.03331259684637189,0.03706092791435367,0.005393716342950938,0.22594715785453445,0.006471582794802089,0.013958080474367307,0.014796701872000995,0.010669823024272773,0.1021894462292039,0.105217701941001,0.08596498667066044,0.13148940538394527,0.00933729613552714,0.05198048082547757,0.13355103757294273,0.13659150422427047,0.05277277253162538,0.16357319313556218,0.03203674097767362,0.029142617499474,0.01867689847404108,0.013163394160073949,0.02814014708656032,0.040297150911555946,0.05300519373213319,0.012626473424461437,0.12780185394876753,0.04348843868683616,0.01884407225315954,0.0832618155363889,0.0,0.0,0.001024940051138401,9.075109846889973e-05,3.42078406390101,0.015654115286451997,0.02305784313921322,0.034888238786152215,5.206902697905207,6.833952441393649,0.014805732741479005,0.0949678543893242,0.02736575643211836,0.04207260382418099,13.58645126454121,0.02966922949963191,0.4483278325651554,0.0035628867663035635,0.012467089824895083,0.003934465843940416,1.3302820324570348,0.1817085060865793,0.3962596811243202,0.3822941312300827,0.01877012075692619,0.09206075525389679,0.05874411903005239,0.12094597501618409,0.01560062167209253,0.043073937081317126,0.03140238084051816,0.15528489431153503,0.013595879434888047,0.027675525071572338,0.09888926142230048,0.06584598001791164,0.022569138066501182,0.04815430506096163,0.27056679465158595,0.048019451493019005,0.07979209497989359,0.01087574827397475,0.024605000025985646,0.008336467366916622,0.04586092734189151,0.02613792265947268,0.02220511162704497,0.032153398827176716,0.11668645400186506,0.03749085562503751,0.09741214685891464,0.11024234712704128
encouraging,0.08674398854054743,0.09510241512543871,0.2260563183153863,0.06279417248879327,0.10984719774569385,0.17559743390302174,0.07472953418619,0.19070799768087454,0.0826120290585095,0.5035952795660705,0.1605769914931443,0.5660393334255787,0.2679098877488286,0.23681186196336057,0.2247803752325126,0.09160405424336204,0.054870028550794814,0.10482504029641859,0.6754562771966448,1.0918062281052698,0.06674570826726267,0.3433504359709332,5.4964876613084925,0.23644584765133914,0.30019905080189346,0.07257811943418346,0.11622078811342362,0.10545056985574774,0.022367933386703953,0.06901623501471477,0.0459692099611857,0.404992120944371,0.16176333335897652,0.06488995957624866,0.9030346381987329,0.039666288314037956,0.45625543035930605,0.07946836406335933,0.2876958072738489,0.06818880810533301,0.2008158677490428,0.07597171059023822,0.051681646320503205,0.03565626632916974,0.0743572361607221,0.07650162451682263,1.3167771441076184,0.4607615187414922,0.6724590611993335,0.2099880621644843,0.39060733756195987,0.22797846682806266,0.01940194626513403,0.0759876253978291,0.020762579813890625,0.19509273812946049,0.14879284625931177,0.12221088943988434,0.03578543942057877,0.07739705472340574,0.061526317018433474,0.06619931430759607,4.03282615959688,0.6636776022205595,0.13812228283495642,0.2853510046552401,0.11699226127166185,0.0422675695081125,0.11948451941498206,0.13689566688117338,0.2114963647109107,0.09338128337913076,0.041055496210901765,0.20846998506749514,0.3344605891907122,0.8975595904194051,0.08911239640292479,1.16844026761828,0.19878557583797374,3.4662312535801902,2.1745618899949477,1.3148129436958698,0.3022771185460442,0.18393166471651057,0.2943868053807819,0.3704338524476043,0.2148282335328986,0.9226168227614835,3.4346773392426257,4.658623161187279,0.4050017170229694,0.18223962509728153,0.1475577351739048,1.4821054215899494,0.311279164699954,0.08031134758493863,0.09381907111674082,0.17339911733506597,0.4168539055826841,1.059587239724351,0.849853225008701,0.6521885338879656,0.07224028497512336,0.16772498241698486,0.4137866580495029,0.31453164169943193,0.08082381775602698,0.18283417175916838,0.03058145353134023,0.10373284257366322,0.23847063608991448,0.1735341622843407,1.150374064425705,0.53241398006503,0.38260285826072504,0.6192645053233718,0.5681927121404442,1.0000770751648815,1.57131579410634,0.30889513729925966,0.0,3.8385900552384555e-05,0.001094650011509657,0.008958235535828862,20.894660175770696,0.36658153997996124,0.03832394791243132,0.1430982418678468,29.297661930417235,6.504268778313417,0.031673447556386236,0.2884568728550221,0.2529491726963897,0.04805266213952564,38.900688475849165,0.9398521531547885,0.35760881826718105,1.4281715918623377,0.08377047104295343,0.07018087043979904,1.3407412649576145,0.5794654096462182,3.7407527744726394,1.1702905644633574,0.07344838309654733,0.2267586604684766,0.15088993165409192,0.12604552287666593,1.1890623653307557,0.3979206858566613,0.3551267511647893,6.117331992943946,0.012173789196822327,0.2314044737649965,1.2678791506768903,0.33589173893415136,0.6770064285265107,0.09445943627360975,0.2803545046845102,1.0271019428000727,0.23794225341407582,0.3122020224800508,0.11169255440108827,0.09485328894515987,0.13982511856011115,0.1500750801715185,0.026285411717253737,0.07062229536677478,0.05101950808239053,0.08295662619639188,0.5207307683449471,0.20240193463178002
energetic,0.08441296046657953,0.05320808821852552,0.14160737555357628,0.2221334614114312,0.03100860301492503,0.07669026892108377,0.009572357030265266,0.03117747947544558,0.12185150392906507,11.982424152349267,22.352130965642573,4.946260189084569,0.012991370109375566,0.7305344012056594,0.21348871970258188,0.3227796029386809,0.05528826784575358,0.08269578190811444,0.16618893944541924,0.40124753017153125,0.14619751951249782,1.0400686766006402,0.11606620033853687,0.04407902514503803,0.07535513270704541,0.019222225739213172,0.1115268419162021,0.07052550176376826,0.2205564215691993,0.2107646090153139,0.12782159547350602,0.057306688839162234,0.03651074803201482,0.02118006944510853,0.09662328899139538,0.12019341611448908,0.04982460381870624,0.16505517768746358,0.02949000708758831,0.017874340948765166,0.018588664788694587,0.12826914897595998,0.05637110063980799,0.06310444584960351,0.06430856505176052,0.006270526006119326,0.10105639350877027,2.349446169202565,0.8363105578609975,0.12454847094340948,0.062136959521012614,0.0750307596536004,0.02987191938154865,0.08759478498541284,0.07654438704048516,0.04634438575885724,0.08128129091346636,0.01072674518218264,0.04026669345330447,0.03782990245963447,0.05081878008786589,0.029139476093405392,5.939944548306812,0.41811406347187585,0.19783615478445427,0.11885486714891158,0.06184984772698954,0.03459528762323316,0.06882766612397972,0.0217798226949526,0.1737809837431996,0.06369940210424829,0.04149787374626612,0.11952250761532923,0.12263380899821641,0.47986944107105955,0.03453668626389117,0.44261011244088877,0.03035173288117221,1.8359548267690116,0.7939668893595808,1.5686191031527414,0.24380561917132582,0.05702752745128237,0.0704956666304497,0.1551931712019723,0.0935974865424214,1.4207615155464737,1.9686212056694785,2.1001295587193454,0.2420200280903373,0.054502250080986414,0.2044433467744966,0.4670004871513811,0.030854767908749636,0.09677178395941155,0.033108631847426295,0.07115139701636508,0.42064434057465405,2.5650367166890646,2.7849886722688098,1.279537700014771,0.01944933908089297,0.04288096214440884,0.25259844634274486,0.03145499753736658,0.07276044789614389,0.018689331049245084,0.08472065903333714,0.022452384800999425,0.2862303046058514,0.06486832386872265,0.3856229747252655,0.8209664069654536,0.2745992179989116,0.1814610578585416,0.41655359548167326,1.4388821087195538,0.3895796442811843,0.15195670739922207,0.0,0.00013267999747768044,0.0005336869799066335,0.0003058160000364296,0.7117970387917012,0.9391410349344369,0.06666667533863802,0.20715721352462424,1.2321342011346132,0.36464103242906276,0.0748889903043164,0.036644506370066665,0.032432882813736796,0.022552954287675675,0.040252899096230976,0.026718287030234933,0.9047467065465753,0.06910823548969347,0.07476292528008344,0.04211773593851831,3.9003786159155425,5.974949697461852,0.23674085436505266,0.2519800525988103,0.05166838203876978,0.040039333936874755,0.05689708560385043,0.05412182749569183,0.8100435408559861,0.3067922165937489,0.1652015660656616,0.055960698788112495,0.04276584491162794,0.1721450638397073,0.19451182831835467,0.30914559924713103,0.8193346363477758,0.03925660571985645,1.8175715100951493,4.224388241942506,0.09619885752908885,0.2916281616417109,0.05696956724204938,0.026322821733629098,0.08964666300744284,0.05971807752575842,0.03685362856413121,0.038842860609292984,0.04566981275274884,0.01811586701296619,0.29250342504747096,0.047456138039706275
exciting,0.042914054123684764,0.08901112456806004,0.46640436397865415,0.7272124135633931,0.04711489274632186,0.014612881001085043,0.005557071912335232,0.02532433022861369,0.0712831441196613,3.9569404200301506,15.00788488148828,8.313991308328696,0.06204845628235489,1.938177334406646,0.15272846800507978,0.05468165845377371,0.05288146034581587,0.13654488505562767,0.13223816611571237,0.30251706892158836,0.7790697296150029,0.5781780557881575,0.14661229276680388,0.04817216255469248,0.06739971070783213,0.04047514800913632,0.13844577036798,0.029807724728016183,0.11459781439043581,0.037482735759112984,0.230969236290548,0.0801735396089498,0.00706104512210004,0.05995562170573976,0.21066956705180928,0.11589935806114227,0.029365430120378733,0.15251497278222814,0.02470941812498495,0.3575337508227676,0.0038561529363505542,0.10125375504139811,0.06521397142205387,0.03248317359248176,0.01691402617143467,0.024626884842291474,0.286873721255688,4.5423528659157455,2.822192004241515,0.12892178707988933,0.02642731345258653,0.14598455041414127,0.04954822643776424,0.16034177911933511,0.02057188903563656,0.027712424052879214,0.06733040607650764,0.02993763715494424,0.022821069142082706,0.04954682078096084,0.1487526063574478,0.030335744319017977,4.041758539271541,0.5079864568833727,0.16378177946899086,0.03696436044992879,0.04264857049565762,0.021419075725134462,0.09469036714290269,0.08598214163794182,0.09913055982906371,0.06345969576796051,0.039571174973389134,0.08247150568058714,0.20030248336843215,0.51929562096484,0.01980337908025831,0.45770046446705237,0.15272806934081018,3.474129470239859,1.658732714917278,1.5092369274352677,0.3807595651014708,0.11849387013353407,0.11920634782291017,0.28049442867632024,0.14341210230486467,1.5762948183109984,2.4594103771378286,2.0562974538770504,0.24771764300385257,0.1473793227924034,0.11411963199498132,0.8979297976184171,0.08524366960045882,0.028158791596069932,0.015353408176451921,0.04292583107599057,0.5402380781888496,2.1834503868667525,2.639282579824794,1.4886145766358823,0.025291036174166948,0.17397576698567718,0.29616615128179546,0.06791391124716029,0.13543674815446138,0.07218382431892678,0.029893453960539773,0.02343061935971491,0.29809664038475603,0.4900293761747889,0.4052174593671225,0.8021370279602706,0.3329413309984375,0.4036428545950912,0.6001251483685337,2.4202537160599604,0.44812134344829246,0.02611198282102123,0.0006447900086641312,0.0,0.0033182729966938496,0.00021161700715310872,1.569081552705029,0.4933166824048385,0.0046336850500665605,0.28224597667576745,1.8403681090276223,0.5341485170065425,0.0591382872662507,0.043734712089644745,0.07291272151633166,0.09259088092949241,0.04416353185661137,0.0717816831311211,2.4153542837593704,0.012134767137467861,0.07942177064251155,0.025609800592064857,1.1950063398689963,3.8160100605455227,0.1280683936784044,0.21120073029305786,0.034969131724210456,0.05490647052647546,0.13105136854574084,0.307215919601731,0.6873235766252037,0.46893783746054396,0.260455769195687,0.49342473613796756,0.009574150084517896,0.27856277700630017,0.3487151713343337,0.2358630404341966,1.6795711349404883,0.056128973548766226,0.24152310838690028,2.5557517821434885,0.04417882132111117,0.08632565237348899,0.07553080361685716,0.0893298223381862,0.08262754889437929,0.08874354083673097,0.01091003604233265,0.04169347364222631,0.05219958204543218,0.06098716566339135,0.2650792982603889,0.09148228872800246
expanded,0.6453453033755068,0.16987776319979275,1.6177007427941135,0.39766456226061564,1.1072121309043723,0.3918591124656814,0.3291986591066234,0.44604377746145474,0.4705343391307224,3.7340636145399912,5.028195480319482,2.3090153482316964,0.21205512781307334,1.741167814929213,0.6182960385795013,0.3264614415675169,0.34566435861052014,1.3629090554532013,2.8240434606341296,5.364119819623738,0.7458273187294253,2.5797862838826404,8.139857302274322,0.8719712301808613,0.556615897861775,0.2259941855154466,0.6998620036457943,0.14526217674961117,0.09634192711382639,0.26291107267007874,0.9976469300954705,2.3514481245729257,0.3249184209271334,0.5026069855266542,1.2719078866502969,0.09797181762405671,0.1991432550275931,0.3010523977645789,0.6391851853659318,0.054030781153414864,1.4382274671042978,0.7902957899541434,0.2029302908522368,0.08603460778249428,0.4906284316384699,0.6160117465260555,10.008771906850598,0.9424354513530488,4.321846411883598,0.32703103553666324,0.5978451833980216,0.9643375567102339,0.6576351873891326,0.898502983214712,0.07290139214950386,0.5244011390350352,0.46360049667418934,0.4652554825588595,0.1235842754763894,0.40837549715070054,0.23399778070597677,0.18020561509911204,31.35234407041935,7.725121254825353,0.8050656362102018,0.19166279282944743,0.2514935501677904,0.5117784660802158,0.5398054620454786,0.19622480554971844,0.8539956875283679,0.17886185317183845,0.4494551787356613,0.5111640413865643,0.2570474811458894,1.3566031988139624,0.3582120775972726,6.4958411745883495,0.3436189768890472,6.605259014737385,3.606530484389623,1.8710280491795857,0.7679805526568089,0.3439066611827002,0.2564628923719283,0.7385246429475956,1.2046181326386431,1.851923261405318,6.830341761526142,4.334223538873559,1.2093888625141744,0.5270347622863483,0.3980044254058157,6.049948303594647,0.32823089947532935,0.854707711082483,0.16025107022142038,0.4031228524290782,1.2207441287464462,2.1234155215133796,2.2188992319934187,2.000670835661974,0.03277620080507404,0.4444524579521385,1.50225800321941,1.1305691876698347,0.29669152912902064,0.1773446723127563,0.40556757909507724,0.5878006984894455,1.1380747747070927,0.6770398831868079,3.2014946371346014,2.283129985240521,0.5473762365290895,2.2391545890332054,3.2934307980965514,5.944881682517007,3.2105908750745584,0.41517492694038083,0.0029319499153643847,0.0,0.0054575734757236205,0.004579539876431227,20.396596944279736,0.3936557936031022,0.21797241214329688,0.7165743907535216,34.03220792845241,20.41166640292795,0.49313329222968605,1.7730797382955643,0.2669295118712398,0.23728769207082223,112.4925518300006,114.88560018078715,9.563493452005787,3.6047470036046434,0.2359875211113831,0.09700924501521513,14.251229662908372,7.28814490898003,7.9367382900545635,1.153543902808451,0.5317140276820282,0.11847153584403713,0.48048974444827763,0.1537793158340719,2.3182203869496334,1.964262970771415,3.1686208036489916,9.266556965341351,0.2029887417666032,0.2689960481948219,2.296155666015693,0.7003960159054259,2.467414699756773,0.3993328762517194,3.9581855059500413,4.933055715933733,0.19948444237888907,0.438350210639328,0.3042228950232584,0.13458082536089933,0.367982969399236,0.4278283842431847,0.32652370999358027,0.3548755902229459,0.1478617543070868,0.6309161715208091,1.2971491195429508,0.145515259804597
falling,0.12765238418251101,0.1303927523040329,0.21812169520489988,0.7131778277489502,1.0303919450489047,1.3060243891441132,1.5611621210464364,0.8131723995393259,0.5354384405291057,0.744709196693293,0.7204751995486731,0.29718623738699534,0.4471032454566739,1.0664187707989186,0.4054754619173764,0.4552753272710106,0.09408079875720432,3.9020400126028107,1.433223635352988,0.5092858282987436,0.41052879810922605,0.6200253816859913,2.750057815865148,3.06437888628534,1.3645089025230845,0.39722563068789896,0.17673235575966828,0.32273915953192045,0.2609066216245992,0.18127704412836465,0.4357364227362268,1.6762283038497117,0.16613094043714227,0.5718904029999976,0.5622234317015682,0.7952843460407166,0.21538769355720433,0.8374145527996006,0.5087373495334759,0.04422310153131548,0.22220841417947668,0.14603563273703912,0.3080127596485909,0.1365809107592213,0.18132468419571524,0.34655986015786766,0.5276949270119076,0.7092775837918452,1.3977069339089212,1.048925699236861,2.0193058824279433,0.3520372535513161,0.2849450938447262,0.9027248639977188,0.24545738231245195,0.3615649600760662,0.614722626859475,0.14780934563168557,0.12209163998704753,0.22476733193434484,0.2765069380257046,0.24270165017878753,319.8196375761272,4.624724528274783,0.8017406047438271,0.24963540461249067,0.2594647209971299,0.2984013546629285,0.22239950733273872,0.11225108083453961,0.17150669181864941,0.2287389944503957,0.10908428354923672,0.433618050390578,0.3877375633283009,1.0049636950570857,0.14164451824581192,0.5938076291085963,0.2818738918740564,7.625730975736587,0.923244381634504,2.317800082731992,0.4229215319319337,0.23367596164462157,0.9313693096555653,0.31999381891182566,0.2645312376880611,1.7487084072581638,3.741266565342812,13.167486089849262,0.18805040149709384,0.053402884952447494,0.8760879225337703,2.1683950606311555,0.7415303160814801,0.3011754491217289,0.4198768364276475,0.2350195015569625,0.3793495007284946,1.0864207868362428,0.9659617601737409,0.9349350721695373,0.10166806866254774,0.18895508120112936,0.3076062360432843,0.259834060087087,0.1852726584093034,0.17523134146540542,0.22532844377747097,0.34329993898427347,0.17931293468063814,1.0097155624534935,3.2953762996548903,0.3581178765762161,1.3221693700434116,0.5743713359661342,0.20515364873062936,1.0170194754846307,0.27803345445136074,1.2954930045216315,0.0,0.00014888700388837606,0.0015953122201608494,0.04250382341706427,19.63794113293443,0.4875602918036748,0.7692919168293884,0.10831217357008427,72.59393989405362,23.170877016586928,2.1067142998454074,0.4426123848934367,0.30998754323991307,0.49848641243806924,111.83769587967254,0.6324760071365745,0.9373124141311564,0.35358061648730654,0.23262898618122563,0.12344723717524175,3.5620363593725415,0.35540722094810917,3.4402542935786187,3.805639302716372,0.11875745629731682,0.9370334760524202,0.3122251401819085,0.14114857873573783,1.4633791764063062,0.7288960583155131,1.4006909575200552,2.320247694511636,0.4436684417378274,0.07315301415655995,2.4716734920639283,0.775655814435595,0.5761655339629215,0.10920819320563169,1.8574569059674104,0.6679713569551495,0.7840709952797624,0.2070687356790586,0.10072696228962741,0.1886292274157313,0.33857135297694185,0.4515688302926719,0.11132403211922792,0.22221787322450837,0.4768716644393862,0.28212623150466243,1.1939842587580642,0.26738080735958647
far,0.0010372185847700166,0.005133512841894117,0.0007765147202007938,0.008868216683367791,0.0009452556664655276,0.007488324430596549,0.009499352583588916,0.004743727172353829,0.002029723583291343,0.02534302580079384,0.006751140345613749,0.003845118879326037,0.0005489599275279033,0.003584939481697802,0.0004801240893357317,0.0007054339703245205,0.00278426264776499,0.009063312651960587,0.0022525493877765257,0.0049715590298546886,0.00980871427236707,0.0038775993198214564,0.010786442580865696,0.0008560502560612804,0.008110306018352276,0.0051080943339911755,0.007783934939652681,0.0015021361359686125,0.007817751805305306,0.002101093589772063,0.03512276911897061,0.011457365736532665,0.0023554631316073937,0.007864052712477587,0.004316578282214323,0.005433274601728044,0.00806919589467725,0.004666940583319956,0.006221716681466205,0.0005019623886255431,0.0026321131163058453,0.0016254964048130205,0.00151668376474845,0.0002767521164059872,6.68816001052619e-05,0.0007328321944441996,0.0011006678814737825,0.0074276232944612275,0.010267167759593576,0.0321013872230651,0.02197414662259689,0.04941336480396785,0.05299367655788956,0.002905049249420699,0.0003602487677198951,0.003987751001204742,0.002053757084922836,0.003189500041116844,0.001152426761109382,0.0015722664606983017,0.004695113734669576,0.0016617924075035262,5.44985290727891,0.02675457045506846,0.003799400651587348,0.006426658205782587,0.0005779907846772403,0.0008597693076808355,0.004558197671940434,0.00139023565543539,0.002379819716225029,0.0010073777939396678,0.0013191145285418315,0.0029011781653025537,0.0028132203365203168,0.019312748877837294,0.002352366516333859,0.0052292237510300765,0.0025140456018561963,0.01092605473149888,0.01427081631618421,0.01059558438419117,0.00674305554412058,0.0011733635235486872,0.0015076791237333964,0.0030790898895247665,0.002358758535137895,0.009656700315190392,0.013109479124523205,0.023479924395132912,0.0036826636335263174,0.0011761071536966483,0.002493763645816216,0.0054056819826655556,0.002037735537669505,0.0014742830826435238,0.00037997489653207595,0.009750105853527202,0.0061441683301382,0.006530310898597236,0.008748635475967603,0.0065516692197888915,0.0009995044115385099,0.003492006822853,0.0014916312184141134,0.0014808432313202502,0.0017065722477127565,0.0015692377946834313,0.0021653661553955317,0.0009474905082242913,0.0010703868047130527,0.0006954816749384918,0.005753104242103291,0.0030410630338337796,0.004809311960343621,0.005020387824970385,0.0038094721639936324,0.017572455907611584,0.007951020651034924,0.004303987059302017,0.0,0.0,8.993339724838734e-05,0.0,0.02413652563927826,0.005367328560168971,0.0013526310094675864,0.0038473626800623606,0.0751826568425713,0.2744272803815875,0.0017303826189163374,0.0018746233054116601,0.004058255036397895,0.0024099481088342145,0.32693660693803395,0.002601241533739085,0.03713346757513136,0.020264341256734042,0.0034481938873796025,0.004000856632956129,1.0559679875718757,0.040746740864960884,0.09939776335886563,0.012167137829237618,0.00041026541748578893,0.002301664899732714,0.0008118089135678019,0.0023913909662951482,0.0018805073623298085,0.02125667471136694,0.006875426387523476,0.004105508827706217,0.0016310731225530617,0.0008093141382232716,0.0018032116477115778,0.015272821010967164,0.003645026464255352,0.0021044446129963035,0.009291378794387128,0.005892949896860955,0.001942486689586076,0.011378634196262283,0.0005761237998740398,0.0006659609612142958,0.0013346724849725433,0.0011627239264271338,0.0019263253780081868,0.0037500943062696024,0.004157832177952514,0.001392170934650494,0.002441059161355952,0.005208902766298706
fast,0.07453984304720507,0.05554699938548424,0.6801685298883058,4.029724471464306,0.03528670841387793,0.026776630043059413,0.06410323334739587,0.07037484303737074,0.2535675707272276,0.7926898175110182,30.017986343214943,1.550960460852366,0.1268752040414256,0.3580804619787159,0.23728945280709013,0.22530202192774595,0.5522753566801839,0.7520482116015046,0.0886757102239244,0.09782642234540617,0.8046896120285965,0.2785588131428085,0.36167507812842814,0.23292348321410827,0.47590098879663856,0.09287586924392599,0.1729329465747469,0.06464012381320572,0.09773811182276404,0.3605792102152918,1.21824739713702,0.11287703736979893,0.023984295548643786,0.08726546469461027,0.18605125087765373,0.03045728823508398,0.12780834945124298,0.04757790742087309,0.03709212402372941,0.22602356418019554,0.03323173912212951,0.034948037564845436,0.07139157069605062,0.09984686952566335,0.035875900916835235,0.07377732513441515,0.06552695670916364,0.4113252171582644,0.984373644570951,0.4453138391459106,0.16673339081762606,0.33893370284749835,0.27574471031402936,1.0174796270107436,0.03595273234532215,0.051631077645197365,0.08746988559232705,0.02217953740091616,0.21856961706407674,0.1841550990206997,0.09795527891674283,0.06474178176085843,82.98666531923482,0.9403492779042608,1.1240734573852933,0.03419677354804662,0.10417485893913181,0.10112978898405345,0.0596752284059221,0.048612981795031374,0.11342303340416038,0.07501450150789424,0.07699307094708274,0.0938706331035064,0.09926061893793303,0.28557969489065727,0.12405966142478064,0.14036750939931153,0.08699159526031508,3.94242276439536,0.4216202343995974,2.0355034054964563,0.5446126026897673,0.1006788827339733,0.1164649605843806,0.43728815509484775,0.3097324167761144,1.844684906072871,1.0914866898660875,1.9976162120697154,0.29915420390852887,0.0237012896404849,0.09060026884662875,0.3394729022397769,0.06172170529680443,0.09209749824276514,0.024733902275784203,0.11222668302389138,0.48446971412840867,0.40215292735319963,0.47980847934695703,0.38173788682570375,0.0320867320860998,0.13984816955507995,0.07049718008602213,0.041442155480353904,0.04282086265948237,0.04493367904979095,0.013126395163453708,0.19694882951353065,0.0961334752255425,0.04823818545582981,1.2053726977019323,2.1972718568131313,0.2148109793729418,0.4671006123016923,0.35144519657842466,0.07668728642465794,0.3096465081371207,0.2980199321727923,2.4252400180557743e-05,0.0001356483953713905,0.0007145425051930943,0.015427069623910938,0.8470849603681927,0.14376706749044388,0.09327242012159331,0.16577118404620705,0.8544522339798277,0.2732329944656158,0.0765129425676605,0.17420556308945834,0.5997386567787544,0.07441125049945185,2.882863841966582,0.2827066785134775,3.597194139536441,0.07093993812941335,0.3860084970810931,0.08610832701083382,68.1964926876783,28.567091318550183,0.6560221506024391,0.27323885887835786,0.03679122943526636,0.072039712543301,0.7381160927989185,0.10324077563473111,0.18215410694347156,0.24039364484360703,0.3970551039938073,0.27992679746512295,0.26997740877459364,0.10544369879653459,0.11555451473032008,0.32915628103182826,0.12752839764334567,0.2689701634344601,5.7865530599228805,6.615574025000569,0.20763712883081098,0.025576557630301977,0.11185463781419003,0.05434596502141176,0.15292634972729502,0.19621743623247312,0.05832331743204122,0.12384382299296703,0.44920219173991427,0.088058759467458,0.24363067862395837,0.11581721365155317
fearful,0.25742212240584195,0.11699257013970055,0.1388695329806069,0.13915022966102697,0.0994652821100317,0.14117337492643856,0.3633413827919867,0.7420921158773126,0.1298429510788992,0.5534329341317061,0.2839453305496136,0.3936073399381712,0.16169623864698224,0.5943669181797304,0.5221578838682035,0.40240018268377753,0.21419375455297995,0.3342979037115583,0.6820734526118031,0.9241171595567721,1.2343463637371315,4.252704448590521,21.14202198748535,0.2624176501267357,0.5139832341810688,0.08095319676795043,0.06607775640441105,0.23188988598121796,0.20283902087248862,0.18727446974662598,0.11034980395925231,0.3201647265959764,0.14867616003903095,0.13993686565663666,0.9959168635868991,0.09989828107063659,0.45903896346862894,0.8113303689024178,0.08044431830057874,0.22921166635933332,0.5017074578208849,0.18377861245244276,0.23417744312610012,0.07906811771681532,0.22706233627104666,0.40390581208339427,1.2297229321266059,0.7456930598527833,23.26199354835262,1.536305647547124,0.4015716412104666,0.2504208824466332,0.08330983985797502,0.21107260324060917,0.06516356828797143,0.11629572145466227,0.7216225940610457,0.2133882226771675,0.3213340501097264,0.28529583611816633,0.13303188551799394,0.12367432154132985,2.873549350304529,1.014860153241898,1.3455488530889852,0.04765703168231994,0.13522649170772638,0.06730230405810289,0.13014228487736546,0.3613417447631946,0.1848568524874281,0.21465941784481402,0.19071042059658794,0.41133071218791883,0.6624648621364031,1.8220433068054263,0.11957292162696831,1.0036171549727442,0.2180434369656723,8.69149159695371,3.2130776365229394,3.0539971280813916,0.49493065309070516,0.2611435814178549,0.4533603232848691,0.8599264601652976,0.9949612495547626,3.7518457392434357,7.648176890303148,12.471744492533617,0.38495044309820514,0.40548584183852654,0.5186231859988766,2.33297639832017,0.3442447237903252,0.2714290334552061,0.14673381208558567,0.40133493022585753,0.6218225731136044,0.8837278608698398,1.4363293168862583,1.7546599521447206,0.061556770888273604,0.1795861945138313,0.49061241903109476,0.245325407711789,0.3305591978132725,0.4056206899258541,0.24819018214475363,0.20150131842819974,0.3234412391029764,0.5332367755181622,2.2475150651007425,1.9312401393253822,0.9205102977357456,1.7646216175344307,1.8559235455177259,3.1076692360657034,2.1000018605409423,0.39595486025791615,0.0,0.0006946440116735175,0.0003571610141079873,0.006348699142108671,15.095256320477347,0.8084217865834944,0.2962587478104979,0.44856316757795867,29.33115309533605,4.044835678199888,0.10246365349303233,0.3394310839648824,0.20115192128287163,0.13421407304122113,3.9554422604560386,2.8605905877338955,0.44046055074431933,2.0956903491314733,0.16473565431078896,0.17056608645361848,1.3981570554460632,0.8829486012255074,11.642327329522232,2.1912936120425,0.303530853940174,0.420079954128596,0.21278632037865464,0.19371554722602013,1.5895659603193053,0.7646877700608457,0.4730950492375996,4.4332510076783365,0.2006987620043219,0.5039234951400431,1.8752921532141045,0.5632777549908496,1.4598814261116786,0.26167025316681247,0.6024321917648194,0.4513584218802862,0.6499199922545813,0.874827069012099,0.2697776619606884,0.20213625038741156,0.3455254263681127,0.5260763433179818,0.19709500129101798,0.3028010511479806,0.07622788757726084,0.10336094403464813,1.0890010169678135,0.5174461824062746
full,0.03368591442972502,0.011686554585025988,0.06562530741598493,2.5560381005333905,0.1821553973571497,0.04098562269064132,0.014144353865503945,0.11441388447349254,0.1594230248118329,0.3503520494405232,0.10680345122926127,0.0254763708232133,0.008407904765086016,0.13975380816958705,0.010678380647760832,0.040317917162781214,0.7669649331259905,0.03960512437300423,0.07383482104095629,0.21218022248450552,0.04435104268827539,0.04384300511015837,0.5651329234382048,0.05120377831943301,0.36663095502066767,0.048171950564473195,0.072677219331581,0.0690900286454923,0.009206542174354126,0.06101331767007423,0.18075344274828353,0.3790839641437529,0.5502606748251822,0.02716339935076917,0.13933101226319877,0.025944667991041115,0.006049029624598745,0.023316163994511776,0.046843119493988006,0.003877556250017733,1.0751028851531146,0.014282864801032247,0.022316386890363304,0.004115927453625545,0.17285956751767984,0.060650763572283495,0.09469947629715314,0.0355303903636397,0.05633520371090839,0.20745487292220233,0.051121591295043345,0.21685658804676677,0.3432588056809749,0.1344950605694777,0.02042340619934535,0.04962102602280538,0.05160653316932695,0.06994287839728486,0.06526109885994202,0.04159935146316229,0.010715745654659159,0.03295793214354603,50.502302023939876,5.355956380027551,0.23284411885992995,0.006305193826477762,0.01635236670547613,0.0679248219943247,0.04628118799001868,0.012742319374936972,0.018207432816424785,0.04894323449408838,0.04299728598830921,0.07174372119638939,0.023579498571962176,0.13321631159405456,0.01990802080228704,0.031761309633257184,0.0349562032760547,0.3994664783382955,0.04663913751151627,0.1605558716146973,0.024356833044048898,0.05728010800308425,0.06516447433000039,0.024237657030486304,0.09124799884796175,0.1881303235104541,0.14133091869446446,0.41187558559549586,0.003581710903176827,0.039833485431216786,0.10080565356223836,0.1996303200952525,0.06820038325027866,0.014320906115258936,0.039864860476323025,0.0480583421871188,0.06459438270053397,0.0592468084944926,0.050206629513184,0.14283489689377316,0.002291724666960704,0.043170451000783316,0.13371364939312258,0.10007585804365471,0.04063355729894225,0.08887167129242357,0.0827154832090855,0.04964649104531205,0.030821980146470196,0.0030041191067766704,0.05732025468080337,0.041572386675345796,0.08117070753385036,0.04749253014347232,0.12919477484572894,0.018243720598547952,0.07029421753674114,0.02059712477827702,0.0,0.0,0.0,0.003210122071322985,21.1224520978179,0.0017590592077851852,0.031109153276090235,0.021763569272934546,6.39938991591049,6.888759157996802,0.01941679215526626,0.098930173656971,0.3959455887090826,0.014035211231899325,17.778496340506308,0.10330139611608047,1.4536774006217121,0.026744662737996805,0.05619545296579531,0.0010957316644919501,0.22955234221944576,0.9714165537462236,0.4379718180897979,0.1341722432248531,0.017890604018020895,0.05502761409846002,0.1755212864755089,0.0024240753426147954,0.0975881005985002,0.1348052345357047,0.03530624555355644,0.12171780804476384,0.005240630977084493,0.08208713403760726,0.01740907029938299,0.10780474746546531,0.10029694381793064,0.02341883154333324,0.573571541510546,0.3919136714700926,0.0745171764073298,0.009782412039754718,0.04507136552486557,0.025555867876960292,0.013819651504313413,0.023421357536888676,0.02821088513711345,0.04159945926127051,0.07570447196780883,0.07608053323987463,0.06035032834068943,0.04408713256926844
funny,0.16912741361011285,0.05406993087672163,0.26607549625623506,1.6004153658213909,0.8241801478761772,0.47179697136743926,1.0790325318157556,2.3065232009448664,2.771231882412394,7.833862590290664,9.726233528301236,0.3040850606339518,0.06736509432812454,0.6069066112395376,0.2996062679158058,1.1740109374804888,0.08534572467033286,0.19322977099363925,0.39463741382496664,1.5865393909043632,0.19289379959809594,0.11895448678842513,0.3578412807328277,0.18172925886756275,0.7064629287051503,0.6296936182116042,0.5615191746474011,0.16116751171648502,0.062167297102860175,0.6472074984631035,0.7290620234998642,0.4640709459563368,0.20550275482310099,0.11468541767681018,0.3971548109402647,0.12341080504120328,0.5667740372082335,0.25987808890931774,0.14073374190775212,0.1084937536434154,0.2395125788061705,0.059619338826450985,0.13258696305274498,0.15110993618145585,0.11991665870300494,1.6439768317795824,1.870220818935195,0.17773841444795835,0.5816383801957272,0.18288858715823153,0.13726673167548142,0.985623256638064,0.35704055466339923,0.8030461975140497,0.05800368323252769,0.034669726992433425,0.17922529065253912,0.07536179890303174,0.14551489129371475,0.30531272607913706,0.14831445909658214,0.40058946863064193,104.07392749003338,12.365963697659026,0.6901846093678614,0.14728742515580961,0.11422467275406234,0.12268526282605308,0.19471876735406113,0.10473515078410855,0.20036632695337175,0.17655720478796866,0.14364010383724235,0.1522124336079287,0.09636347278137691,0.19026905850478215,0.08996499006752856,0.3046224983627326,0.08902481334007462,1.0462926021573367,0.18691896004020236,0.16869248391594738,0.5485221485796501,0.09533404374451493,0.1892987762694247,0.18454098446818534,0.2409632317867363,0.7184799769020174,0.7796777386101894,0.46104979175288463,0.37891864190169144,0.3285945086427091,0.31496920151039376,2.7002130157452484,0.2803785090945894,0.05151526986446697,0.2894170799154381,0.23817201387646492,1.1254647796286008,2.013000453815039,0.8438003309929627,2.214824247850629,0.19074253897633753,0.24930455870344304,0.665223872896604,0.4425781445825123,0.29968526790798933,0.1600088942795992,0.16045976113673532,0.11406119108869461,0.21044545626500621,0.36957354893820593,0.8469751354277832,1.4658351065518218,0.1740929521401995,0.1739803102100268,0.27161697552219266,0.5613025422062492,0.8247015637680306,0.2919888961550896,0.0,0.0,0.008351477998076007,0.00710861012339592,0.6875197384506464,0.02953786442958517,0.08625324499007547,0.17089953710092232,9.43565671073884,6.1331186426650675,0.08558617582457373,0.3346313800138887,0.9785684412490809,0.12431972929334734,10.054094913852168,3.374384289520094,0.7263076834715321,0.11581558433317696,0.08238463799352758,0.031026496100821532,29.908388137449947,3.4935212362688617,2.4421319837565534,3.0637320257810643,0.4376837403033278,0.18238466462207725,1.5497266186539491,0.3071769913076423,0.4882449099131918,0.39200758456718177,0.7805912447984156,1.441641945617448,0.25154968439164804,0.17530034254014026,0.09408532414818183,0.35257957917201566,0.7358401775272796,0.12163561091801967,2.716261655496055,3.8498641230617068,0.23123247504918254,0.06841354324569693,0.07147420372348279,0.356971203982539,0.1713417465780367,0.1313570506099495,0.056812230846844614,0.12131126473468612,0.15751644410920562,0.36506943994027097,0.12141319080546964,0.27308693409213447
gloomy,0.05145365256896639,0.04558178200841212,0.01888463554460884,0.02419032311081537,0.09814324643230066,0.01562905882838095,0.05100328805110621,0.3497932147093934,0.36306667374810786,0.14006582899062892,0.029423928283904388,0.05978213084517847,0.13193210553959034,0.06159666702751565,0.09847669720026886,0.01312699527352379,0.029640618099847416,0.0913594979338086,0.27503493214423713,0.4531689849172835,0.29356369089178713,0.31339616812101667,3.799706493640315,0.07489068796874676,0.05099902164810255,0.13452914623519518,0.019140324860018154,0.0226654861986475,0.03107275131787901,0.13745718987092914,0.05761207151681447,0.47578316902854567,0.03812877516725166,0.13082082568689657,0.02052147517861158,0.03954315999271785,0.04412126320130483,0.7120953186476982,0.03596628920685063,0.011797372233559145,0.05945784154528155,0.18364470327560412,0.017105993701989064,0.02246580187500058,0.02992115104188997,0.18619944464990112,1.073402891338901,0.43529092800862657,1.4340408743037187,0.8382925215217938,0.05002330487218387,0.05342058623114099,0.09245858587109979,0.036755657089571514,0.015155459526795312,0.04446853707236187,0.04643289924342753,0.07615776865031876,0.020021288382167768,0.05749999932595529,0.021714005338679954,0.03240658782948458,1.7737823799649277,0.27895664014734334,0.22414758677768987,0.02786795977942802,0.08138634747800233,0.03180073202838685,0.07977822916546629,0.054929289358057076,0.05511204618090204,0.06853734954540514,0.06882433561554535,0.09295501341875934,0.1756759067101541,0.45598259382256856,0.03999350493268139,2.604952818383026,0.0715191575631291,1.5289829035868934,3.3969818136697256,1.0610001021741482,0.24470350422426357,0.04582352895472912,0.11902910461185456,0.19902944416980972,0.15650088603694945,0.9000348073873283,1.9510636703316142,3.4880073537292167,0.2533630558941695,0.01999335819098258,0.02302533513545768,0.7576405334074252,0.03577804338357282,0.035423302371782484,0.02025070169429455,0.21910362841776987,0.19056861987988327,0.7564951069076962,0.2516133671838361,0.3110525226101686,0.011200509224750022,0.02650155028993595,0.24811331385035373,0.1047217535742675,0.04247691656958352,0.23044055373429728,0.028699989086817368,0.05198579950979365,0.07840913184372766,0.22330877108367986,0.3093829980026612,0.6633229894906556,0.21236979263130706,0.36133998530567624,0.4541656859141767,0.8237627823310536,1.8011765040464525,0.0729924453098647,0.0,0.00359139998909086,0.0049466900527477264,0.0,17.72146126503185,0.1501282672807065,0.02068530248106981,0.03846230142971763,12.768934598288599,3.359281690184851,0.05580345172103307,0.06537234512938994,0.048282753599778516,0.0620827496948948,36.16159298625939,1.975075196459187,0.14895475173398154,0.9746254025252483,0.008743436608142474,0.012501453744334867,0.363617345340117,0.3386383995509519,1.0663165557339198,1.2553826708052043,0.06539580253866006,0.05833033797605047,0.02530712803309143,0.012373184439638862,0.812602360123833,0.4671744781975349,0.10775641740752917,1.3204502288544973,0.006303706129983766,0.09383961695186827,0.7745755090357989,0.19979171996166656,0.47408730447750713,0.07192087529506352,0.24305316300819868,0.40619799511524746,0.3063312202175439,0.2122891249665102,0.05649249915506971,0.023496324890857068,0.11622955554821601,0.10633940372702,0.022136727125769085,0.03663160200062521,0.02037154781373829,0.08871099841167052,0.16352494246837823,0.046433043766569426
grainy,0.5418304091908794,0.27087610290254815,2.4347340828899178,3.1759744779810717,2.0530685750718476,1.1270564964670484,0.27004870274504356,0.28896924730543105,1.6601571970022633,3.0313315061066533,11.275634778641688,1.1719906717298727,0.300144394957897,0.7189757628439111,0.33411123862242675,0.5855020027902356,0.15048124883469427,0.8377106355910655,3.334752452772591,5.1367002995339135,0.5568310729449877,2.1095666408891702,2.6227477307584195,0.8490611434754101,0.6944807284689887,1.3858676285635738,0.7130594965219643,0.4697593041455548,0.09529455307347234,2.493007322500489,1.0233338843972888,3.8102646940860723,0.41880508572830877,0.22230514499824494,1.3076303313173412,0.23592941546576185,0.5022885576981935,7.107305414327129,1.022328641214699,0.06631849008226709,0.15182806020311546,0.9584747727785725,0.1147760759722587,0.327853679988948,0.5304336721983418,3.9576820070051326,14.225136762657712,0.664490091308835,1.4938841620332823,0.7247282555545098,0.4218385078020219,0.47287939010493574,1.104221227553353,4.351737826453245,0.2684572495854809,0.24295169770812208,0.27552880956500303,0.5183493287222518,0.19948477988509694,1.02940442353065,0.39625067494853283,0.49998264197347453,485.44560919719515,268.5777079763566,0.9379578627322189,0.35446351203245285,0.2726695012715936,0.4375191576400539,0.38645160001397016,0.18921638598112622,1.8735787592231645,0.460268403396185,0.4010584199313598,0.31327981441609154,0.8358312802338332,0.7457902315436513,0.5542095135951968,4.0468040326686605,0.5090417929186515,3.5331238450198725,2.417348799848696,1.580137685748923,8.803807228546248,0.4355628456978593,0.5829673543048557,0.5445301117451891,0.7491628897514602,1.55260217776231,5.013299022148203,3.6969081767001626,1.414750737225404,1.099255368413651,0.7109048423681088,5.248560488005751,0.61153220905544,0.635363750921897,0.30107210407732055,0.4854893363590236,4.963242713158252,1.84209183236635,3.7917107451758056,1.7279121882020263,0.29337579505954636,0.721163112699287,6.6423781826688355,1.4550781652196747,0.4093608470957406,0.5829066376554692,0.39088057193293935,0.5820559066378337,0.5699778921698453,0.36953908976283856,0.8340764207532629,2.1438830769402557,1.113355271063483,3.465344018975884,4.553654475243093,2.998062590129848,5.861357361445698,0.959926280847867,0.0,0.0,0.0008863342882250436,0.0019129060092382133,6.187315730268892,0.7533382719320798,1.9948595949208539,0.24866679623664822,22.71294696617042,15.197983835347259,0.11965691747900564,1.3144047299938393,2.8337928277323954,0.6079583882619772,84.19153470234596,75.71742438762385,2.4895170929739834,4.312972057457955,0.35032446848708787,0.13873981411597924,15.019705785842234,13.691466696714087,25.779700598781346,26.537021446212748,0.34860864295842475,0.39081939433162916,2.467094657215057,0.36237914750381606,2.942721146187978,3.4669738936427166,1.526047812167235,17.919326483575787,0.9603855408749951,1.7329807209207502,1.5306165375368437,7.13534697324576,4.529077653525746,0.5177514706992952,5.535926984928665,10.637912259884615,0.35467517161669093,2.885062593344628,0.47833348404856224,0.5384874339706585,0.5020767476689798,0.7690140595041157,0.25458061539393384,0.5231977710973297,0.22125843876074214,0.8196962561887631,0.5450752862307127,0.31215763012914977
hard,0.0,0.0,0.10535018076188862,0.5794768603518605,8.681427275761962,1.0608681068988517,0.06562269778805785,0.17436105574597605,4.782512303354451,0.9871815709630027,0.15192700026091188,0.05596687698198366,0.2313772002235055,0.025528989965096116,0.030503200367093086,0.3659956961637363,0.589818884152919,0.19611784955486655,0.7863126530137379,2.7874221727834083,0.11247937945881858,0.05783124688605312,0.22970136502408423,0.11825852748006582,0.2594376596953225,1.5332205513259396,2.6166705954819918,0.34887900203466415,0.0,0.04986249647845398,5.448887118021958,3.304479123093188,0.043770061107352376,0.2158305048942566,0.021953239920549095,0.013194269209634513,0.07461750134825706,0.012878523673862219,0.06044406883302145,0.0025690000038594007,0.0,0.0,0.007840862017474137,0.024005020270124078,0.0,0.3646629024296999,0.7275753261055797,0.09643552539637312,0.13885758817195892,0.07307898171711713,2.2260463145366884,0.07580812810920179,4.079338857263792,1.0318741770461202,0.0,0.04923880100250244,0.0,0.035512050439137965,0.0,0.03556136984843761,0.0,0.0,978.5488156816108,100.8165708144661,2.3680456993170083,0.0,0.03527543926611543,0.08572541968896985,0.08638239931315184,0.032670189160853624,0.07815610058605671,0.0006425330066122115,0.1223669599276036,0.03276100009679794,0.0,0.07076253020204604,0.0,0.5505574992857873,0.08120279759168625,0.4652719208970666,0.1170771000906825,0.09480757964774966,0.0,0.0,0.11624604696407914,0.0,0.21273759752511978,0.19634166063042358,0.5027753334143199,0.3885712157934904,0.019812200218439102,0.0,0.0,0.8672919280943461,0.03547776979394257,0.0,0.0,0.33541337749920785,0.07739103340281872,0.059684860054403543,0.017033100128173828,0.07245046948082745,0.0,0.016395130194723606,0.30393396025465336,0.13579620352538768,0.0,0.07869010046124458,0.015849649906158447,0.03678219951689243,0.42203400540165603,0.030302693136036396,0.005417759995907545,0.06015636934898794,0.14935319870710373,0.056226300075650215,0.044873399659991264,0.17149710876401514,0.0005930319894105196,0.015827800147235394,0.0,0.0,0.0,0.0,8.402650438481942,0.03105991962365806,0.24527839943766594,0.0,23.574604827468647,101.07624765264336,0.058812969364225864,0.06536410143598914,0.018139929976314306,0.029434419935569167,141.24143600116804,4.374258158146404,1.5166352284140885,0.02713877527276054,0.0,0.0,91.83030749927275,28.579737837426364,2.9451124357547087,2.0898715317825918,0.0,0.03964650968555361,1.837624944979325,0.004696719814091921,0.09925569873303175,0.0,1.0293569139903411,0.10107672028243542,0.13955990225076675,0.0,0.09442310128360987,0.0,0.3241728434804827,0.0,4.750897408463061,1.6899542906321585,0.01682019978761673,0.0,0.0,0.0,0.10162287030834705,0.2177286923979409,0.0,0.0,0.0,0.5260021173162386,0.4571779527468607,0.05207713879644871
hot,0.12189733585319118,0.06297313976483565,1.216727505410006,0.6545785225653162,0.2752153733781597,0.2747131836867993,1.0248037346636567,12.509034903358952,4.051819017552134,6.314799554426827,31.241284291920728,0.6762493486771746,0.7614007258810069,1.9415416252932118,1.6266418448867626,1.842262209924229,2.6391238711179597,1.6921267174516288,0.39242981413826783,0.567401420939575,0.8818020271646674,0.15251160292756083,4.568238035509125,0.5470293566729652,0.6906135125374249,1.0052283828637485,2.9500014306754565,0.05565101723959742,0.0700511714348977,0.15959625808977762,0.2932142371171267,0.5557250159420164,0.3493077937204577,0.6822020216523015,4.2975901531756335,0.22882385964792556,0.3555643629573524,0.33251725372849705,0.15124514888850626,0.20050193274255435,0.2461051875406497,0.40728829407713363,0.7788710817690117,0.08631206283416759,0.4890257552837056,0.3519272105386335,0.39617851648015545,0.11359497257788576,11.614666599472798,3.5666417655181135,0.4265059971047549,0.1827921456306285,0.586265204230699,0.5344055191171151,0.08364050795319145,0.13286014260958012,0.2191925053393362,0.08625109670538222,0.13274422860126833,0.0738070723691635,0.07701952390553402,0.15531948013062902,32.83434866043666,5.464109862113986,2.5597229087434243,0.0996109769071154,0.11695562821068961,0.1118649192696406,0.15434494149012024,0.0697961282585311,0.18347924190186404,0.10512129811996829,0.06023725942878899,0.09057487435211442,0.27342779966787134,0.4513280880681876,0.11699310434494237,0.5781891855257015,0.05643664882047972,7.0638256914669455,3.934651028045664,2.752634322406682,0.18800482201566737,0.43469156918479257,0.3185637603228315,1.6432389664919356,0.20318303278890326,1.7001609416835208,3.745682364098286,6.170026170975689,0.16181794804253968,0.06315548521342862,0.42146603958969453,0.8323841073177505,0.22497947280004382,0.31217043570904934,0.06494240417669062,0.5529371798349985,1.0792722923339397,4.616224554091332,1.9369523707444003,3.0293640818910887,0.09372280199295346,0.07138630352712427,0.1739496749411913,0.09336223143395728,0.25131867936988783,0.03845733661408879,0.11654194475522672,0.06439248665753539,0.45089396733018816,0.5170758327444673,1.0057396139090002,1.401222175740834,0.3800938829199936,0.5767672499048189,0.5110860948916525,0.7556118480360965,0.5585009254627522,0.48832579319650904,0.0,0.0,0.0,0.0026210100622847676,1.101657617188014,0.28987003003055634,0.08825925968994852,0.2160927843456193,8.409755464481492,1.8409462850040832,0.03126533258182462,0.5711871749121258,0.4019632822719359,0.09540376223594649,1.5923665353257093,0.6913418264284701,2.7169288941404375,0.28355469635607733,0.1876844984831223,0.13408792341860298,42.27953635523588,5.260712323762988,5.543182227492252,4.168929984213516,0.1817196023773704,0.29134874431315794,0.46054827216079186,0.2825193389873135,0.4560038022031989,0.17663327673131768,0.919715498816359,0.9957146687863769,0.09804018260911107,0.20788024821740692,0.23508308410760037,0.2598424758135742,0.5941133284530906,0.22051985316193168,4.32585207168313,4.353234863203397,0.24984021677482815,0.20392024236702277,0.11774407891481786,0.09890235123704372,0.1907437433450525,0.21798798533995978,0.05913999260712455,0.2355972413248253,0.10189585046646243,0.16339766776303577,0.5001270496346386,0.3159765902983054
input_arousal,0.0,0.0,0.0020999799016863108,5.169909309130162,2.7628913978114724,0.4049266991071363,0.8701014266116545,14.75872960779816,0.10494459792971611,14.826363933825633,8.62094330531545,0.385751426249044,0.024717040359973907,0.0011051699984818697,6.729440212249756,0.8029762902588118,0.5187366725031097,1.4046804674435407,0.05694488593144342,0.13766740961000323,0.006885250099003315,0.0,0.0,0.11738075828179717,0.0,3.785249948501587,0.0,0.0008652859833091497,0.0005010180175304413,0.0,13.678620790538844,0.004916100164336967,0.011855467862915248,0.00196835002861917,0.01468118978664279,0.0,0.0858159608906135,0.03201724153768737,0.004314217891078442,0.0,0.003417219966650009,0.0,0.0017045199638232589,0.06875438988208771,0.11442009417805821,0.10335598234087229,0.0022188607836142182,8.189919753931463e-05,0.007182329893112183,0.0,0.24399687023833394,0.24167535567539744,3.375418573152274,2.7221220936626196,0.010443800128996372,0.005279679782688618,0.0,0.02366566052660346,0.0,0.024001600220799446,0.38424801535438746,0.05135041038738564,1691.1718401574715,40.80083991985157,18.498279922641814,0.08174854912795126,0.0279724387510214,0.01988689973950386,0.04528399559785612,0.0,0.0353612205403806,0.007970627630129457,0.3722234131710138,0.09578470140695572,0.012561799958348274,0.02529081527609378,0.010774786984256934,0.02201837982283905,0.0349865909665823,0.019964050501585007,0.013600319623947144,0.08374714897945523,0.008726480416953564,0.011476980056613684,0.033320029149763286,0.01649507847650966,0.1883019321203392,0.015549979987554252,0.026284678802767303,0.005321130156517029,0.028920980636030436,0.00839175982400775,0.3470644078333862,0.0,0.0,0.049908519722521305,0.0,0.7202320580836385,4.48073653607014,20.609113652608357,0.01136757992208004,0.2383069415045611,0.0,0.006840836926130578,0.19049790612552897,0.08134835440432653,0.013648115971591324,0.026282689068466425,0.008036090061068535,0.0,0.0072814300656318665,0.033754989970475435,0.10446319775655866,0.6195930123794824,0.008301280438899994,0.0,0.008023098111152649,0.03589677042327821,0.09560219757258892,0.0,0.0,0.0,0.0,0.0,0.12737437355099246,0.07211278984323144,0.1294446090804513,0.0536264309193939,11.129407001393702,0.008449360262602568,0.0,0.05443263007327914,0.012994378164876252,0.005765790119767189,2.341000222135335,0.0614606998860836,4.05266847461462,0.001790169975720346,0.055143910460174084,0.0,174.88371545629343,493.7087473869324,1.2396694485796615,0.0554591047912254,0.011947100050747395,0.1169744711369276,0.21215147525072098,0.0194963508984074,0.019773486838175813,0.008315684830449754,73.1171881055941,0.009493190329521894,0.012008876161416993,0.013564000139012933,0.03386844256601762,0.0032185600139200687,0.0,0.04754601881779763,51.22089891397627,0.504985440056771,0.13412147973849642,0.1410001190379262,0.027393009964725934,0.01681803134721349,0.0,0.007370159961283207,0.01549048931337893,0.0,0.6547556912410073,0.014932000078260899,0.03513929690234363,0.2726159418671159
input_point_idx,1639712120.0,742550470.0,1107524430.0,886352430.0,1881424630.0,1135901540.0,943198120.0,692691920.0,842399010.0,533007060.0,962383910.0,710918880.0,1081468640.0,1241683430.0,1032005600.0,547301700.0,668722470.0,909255090.0,1976646670.0,1398956470.0,1108210830.0,717710740.0,1166901750.0,939654200.0,1089151030.0,749167530.0,782059820.0,1616507290.0,1055885230.0,1410794090.0,1295956170.0,986498190.0,979397220.0,1369805100.0,799336740.0,1601591090.0,969832560.0,813820480.0,779616930.0,1381314220.0,1031441850.0,861815950.0,1184933080.0,704427710.0,1046378920.0,1849296350.0,1848056940.0,1533612460.0,1038537410.0,2294367490.0,760458160.0,1079404740.0,899518570.0,1105438210.0,2549418960.0,2431678290.0,1486347720.0,2682533480.0,1650510040.0,3703719690.0,1538182040.0,1748702440.0,1011918380.0,1013882780.0,585801910.0,1352754720.0,3482328860.0,2513784620.0,2196419610.0,1705815920.0,3081787500.0,2071396760.0,3260711620.0,2726227730.0,3553587760.0,3119355690.0,2540775340.0,2250585110.0,2210328550.0,2065732290.0,3469394170.0,2627176200.0,3384906310.0,2135386710.0,1791747170.0,1516851870.0,2369573120.0,2504404200.0,2246731290.0,2168984910.0,1656101430.0,1882165230.0,2179762190.0,2992706010.0,2343831160.0,2112387930.0,1724167590.0,1736142970.0,1328204710.0,1822148960.0,1557492440.0,2112016529.0,2385502150.0,2688617840.0,2162414800.0,3062625170.0,2569368010.0,2186255320.0,1363944600.0,734612640.0,943463030.0,843288980.0,807763820.0,1182043920.0,1580800170.0,1269311280.0,791716740.0,1545137840.0,1748652990.0,2582243030.0,0.0,0.0,34774980.0,168696540.0,538995330.0,1275805958.0,721541960.0,1121559710.0,852460650.0,1550265620.0,1405898050.0,1523698880.0,465810400.0,1373703760.0,502101200.0,739906750.0,413117030.0,776894670.0,688238150.0,1096774310.0,854380390.0,1153332300.0,635530910.0,963078160.0,1358669530.0,2794115500.0,860386150.0,1499347680.0,1650597180.0,2265608000.0,943410730.0,1025133010.0,873587560.0,1439578760.0,1255055180.0,1683336690.0,1481134990.0,2172024410.0,4390025130.0,3104834680.0,794700580.0,1259470330.0,2985131950.0,2611639820.0,2375342050.0,4294302590.0,1429372870.0,2240026530.0,1531013250.0,1777707750.0,2427383660.0,2063709020.0
input_valence,0.7070072677452117,1.325807346496731,0.022467000409960747,0.5517426272854209,1.7216674159280956,0.2437221920117736,0.3885455571580678,0.4416478369385004,0.03717369958758354,0.8062136056832969,3.432642575353384,0.753217083401978,0.6209341278299689,0.7768031032755971,8.123434944543988,6.649389729835093,2.5488759230356663,6.614347193855792,8.643022378906608,17.98389843152836,3.016423271037638,3.2241613096557558,22.405757633969188,14.897492067422718,10.53549363091588,0.35028722509741783,0.07306031044572592,0.4348782184533775,0.6804394768550992,1.7274805242195725,1.2770318165421486,28.49811721406877,1.1390248080715537,0.6479169111698866,0.14776121824979782,0.2737149163149297,0.05875719990581274,0.19692301005125046,0.09835350094363093,0.8568036826327443,0.11971869878470898,0.9391584829427302,0.6858854000456631,0.2228303304873407,0.6480111051350832,2.4750509541481733,33.748420245945454,4.923387779854238,10.3133501149714,5.885563378687948,0.9780437690205872,3.3596225725486875,7.1645389958284795,0.4833791106939316,0.1874199581798166,1.414312039501965,3.8498610258102417,0.43467588629573584,0.11249472107738256,0.5982751839328557,0.5384841130580753,0.8929733198601753,353.9758755341172,130.15960584534332,0.5915886079892516,0.4111588252708316,0.7533006896264851,0.4559711338952184,1.535973456222564,0.3823796238284558,1.27534671430476,0.4505581292323768,0.5957524152472615,0.8556966367177665,0.6640634508803487,13.648364645428956,0.5002335081808269,18.54086417844519,0.14411213109269738,30.059878410305828,9.613801869563758,10.630237003555521,12.182344955857843,0.3974632874596864,2.472711121663451,5.762091483455151,2.247071393765509,41.51139394752681,31.222845048177987,57.32226258702576,1.6995680779218674,4.260668985079974,0.8168209949508309,21.02467426052317,0.8449950143694878,1.6996763739734888,0.7115028463304043,1.1366202551871538,8.09039549017325,0.3342138668522239,0.38801180198788643,2.471705252304673,0.08947384916245937,1.2478096140548587,8.32586815673858,1.2913572923280299,1.1842990252189338,3.9881533924490213,0.4795066351071,0.21168635226786137,0.02661939011886716,0.38787409849464893,0.31737194512970746,3.242415663320571,3.5714868982322514,4.767031317111105,5.756680173799396,18.262953581288457,8.627104999963194,2.213712310884148,0.0,0.0,0.3717446830123663,0.4046752005815506,980.4831752423197,0.31795954145491123,0.3580038305372,1.0868028700351715,965.087716916576,171.69938308605924,1.9372553648427129,0.9337751902639866,2.905139224603772,0.16383981984108686,889.9032343709841,45.59585937811062,1.5876639746129513,0.1501448699273169,0.49262839183211327,0.3962257979437709,0.2778608803637326,18.009336123708636,71.55400731507689,72.0610639215447,0.42343770270235837,3.879394030198455,0.09949885122478008,0.20886529982089996,6.143504647072405,18.968873503617942,3.367510969750583,76.76017174590379,2.1408428167924285,0.48735485039651394,18.706863287836313,9.403239811770618,9.678539122920483,0.5258442694321275,2.9594791987910867,0.612019878346473,1.9046797063201666,0.6183785002212971,0.5908583765849471,0.8365151602774858,1.4029675843194127,1.931630245409906,0.2718183984979987,0.9346513005439192,0.504859693814069,1.5070507270283997,6.273876681923866,1.897069453727454
lethargic,0.12258767434104811,0.10081349448955734,0.5770479354687268,0.24278824783687014,0.059947547379124444,0.05694171937648207,0.012176929871202447,0.293429004974314,0.2977439527894603,21.856398480638745,46.04035751333868,7.485319567625993,0.06957029925251845,1.6437123563373461,0.3540607959366753,0.5909476641609217,0.2374372886697529,0.19552511058645905,0.32743900231434964,0.8621483163369703,0.6694384000002174,2.24954123191128,0.24961131314921658,0.12557650145026855,0.09110037104983348,0.13552311011881102,0.19492042597266845,0.1154973616139614,0.2488287018131814,0.18579132438753732,0.2866090203897329,0.12136617280339124,0.08397127293574158,0.04167169579886831,0.1493178075616015,0.30491194202477345,0.06912329771148507,0.1739036281433073,0.046079485458903946,0.034303798849578016,0.10772824792366009,0.19225803492008708,0.10710885006119497,0.059551640653808136,0.16428548267867882,0.039069255071808584,0.20923949350617477,4.247750697606534,1.556449427487678,0.35259940343530616,0.09449732501525432,0.0990110642669606,0.12755001273399103,0.2597619861771818,0.06799941986537306,0.06832124737411505,0.09638652038120199,0.05428668458625907,0.20333197680156445,0.06923773566086311,0.09560821314516943,0.04517781919275876,10.693182507566235,0.5762246010417584,0.47570155432185857,0.18833552601427073,0.19161341794097098,0.07988753359677503,0.09588903631083667,0.07637156490818597,0.298746717380709,0.13785051255399594,0.09066910566252773,0.2775028531541466,0.20451302499714075,0.7401459326283657,0.1148879909524112,0.9124577796028461,0.20311854963438236,3.732120089498494,0.8181495743774576,3.367589855872211,0.47722438600612804,0.26336247649305733,0.17604751024919096,0.4656312751103542,0.18366110205533914,2.197615983430296,3.451520051181433,2.9649224152381066,0.37344279570970684,0.1115937380673131,0.31738009734544903,0.7484150256350404,0.07784466868179152,0.12858924822648987,0.0597394261858426,0.07407886938017327,0.9362575404011295,4.398461245262297,5.357959256252798,2.0490167944117275,0.07805199467838975,0.13830847060671658,0.3180402158686775,0.05092624173994409,0.06360714256879874,0.0601963230947149,0.1111863925907528,0.10814287449466065,0.4338614273656276,0.2714418417890556,0.38826775160850957,0.7342638657282805,0.42852804666472366,0.34882894801557995,0.37487604160560295,2.407195111445617,1.2130773706740001,0.33362358453450724,0.00010228400060441345,0.00015582569903926924,0.0024617130402475595,0.009376409027026966,1.3141543804085813,1.2895958671870176,0.018958532862598076,0.20963381988258334,1.888785101189569,0.6082990950380918,0.10364031102108129,0.05915918185201008,0.20710398447408807,0.06291112008329947,0.09399963646137621,0.09772777651960496,0.8125209981881198,0.250487052675453,0.18621572372649098,0.1306306948827114,2.8960135681627435,8.79883618745589,0.25326119842065964,0.2555950364549062,0.09509219363098964,0.09190390836738516,0.10720819002017379,0.0825956233748002,1.1799168754878337,0.648015674596536,0.2842072019848274,0.11368485637649428,0.053091982466867194,0.29814876949967584,0.1616048368596239,0.5591220508431434,1.73863326566061,0.12680303370871115,3.536303881461208,9.41957040959096,0.07381089226691984,0.508744190701691,0.06354517117142677,0.09618927318661008,0.11573977963416837,0.07092451900462038,0.09986844250670401,0.09669216930342373,0.07038146473496454,0.10492354953021277,0.6814113723885384,0.14984262789221248
natural,0.3457095239427872,0.1357729247501993,1.0937866394160665,3.860431479748513,2.1332264637894696,1.0889668704985525,0.14503299077478005,0.17882511111019994,0.4004418401455041,1.126089039753424,5.522872509860463,1.4817846072401153,0.16758411962655373,0.8122274415654829,0.1554625365351967,0.19998473926716542,0.37116327873809496,0.7717602389893727,3.345757330645938,4.737056436060811,0.5740366480022203,1.6153065865219105,6.309053124627098,0.7271685569576221,0.4919436176751333,0.33441808517090976,0.5992683155327541,0.2053737350870506,0.07240431874743081,1.2362100055852352,1.9799961249809712,4.554757892925409,0.38856586212205,0.38259869864123175,0.4195107574305439,0.5256550309313752,0.5714862532568077,1.2253551996363967,0.9005244062864222,0.08284201682545245,0.4878371813574631,0.5216720197640825,0.11272879176249262,0.15191939030046342,0.12282969249645248,3.371143104515795,9.822676546729781,0.9508629282427137,1.1702344631776214,0.7637491146888351,0.4978902796156035,0.8469382082112134,0.8631700122605253,3.136306579435768,0.15606936832045903,0.6579618827017839,0.28173655275713827,0.6223707311219187,0.0841118181560887,0.7269056862060097,0.27844776581332553,0.33441991113795666,566.8796274844208,207.22278885215565,0.9399326451748493,0.27354995580390096,0.09946368856617482,0.4677100745775533,0.19148852494436142,0.09261829692331958,1.0668142724825884,0.38207982508902205,0.11289564134494867,0.22332826256752014,0.1667602937668562,0.9868366002629045,0.21704932334978366,3.405056469309784,0.15232270062733733,2.19144799294736,1.760908892203588,0.782030065643994,6.614219841319937,0.2866838465524779,0.4331727549288189,0.5525514074106468,0.6363982853326888,1.9572719646530459,3.223984447096882,2.1588933683087816,1.1559648747206666,0.7897316982634948,0.22270352640771307,5.526457375257451,0.13566430466016755,0.7546602790644101,0.5032688511855667,0.5189427119039465,3.050135722492996,2.104491320271336,3.6112461203883868,2.0533960901411774,0.10252236619999167,0.3251694119317108,4.064373794524727,0.9320361513237003,0.23282737360568717,0.482215400057612,0.319014813110698,0.18593020201842592,0.32636569823807804,0.18142638690551394,0.6213667500487645,1.9910085591727693,0.7206416679800896,3.8314116393448785,3.7143721706961514,2.1665736358663708,2.314542154694209,0.6003825443185633,0.0,0.0,0.0031766232841619058,0.010678719729185104,5.092289050327963,0.4917922259410261,0.19177074001345318,0.602137370604396,19.789139765784057,12.521610288504235,0.033637312052633206,0.8413551173725864,0.3416451536322711,0.3456249019363895,95.56951250380371,48.02993176882592,2.438176628726069,3.7986961333226645,0.16191609722955036,0.07156400950043462,11.725940639898909,17.187084557241178,16.600496500141162,18.167019007905765,0.12151729723882454,0.14650256208369683,1.3278123854724981,0.3221369690145366,2.068586740118917,3.6655761041329242,3.4990981486080273,4.074868632837024,0.47913126784260385,0.318276987887657,0.8642611724499147,4.973379847724573,2.9312972554271255,0.2159712730863248,5.732922557614074,6.86733090042253,0.2129157370654866,1.0685430925805122,0.171338385935087,0.17295082498367265,0.3963978064693947,0.3805634799064137,0.20542467234190553,0.30192366863411735,0.20117461967856798,0.789917568617966,0.697956570849783,0.24626681450081378
nice,0.06092758008756505,0.015593839483358352,0.09452605010119441,0.5483927499466859,0.26562147396606406,0.08544147367956612,0.7669946542027901,0.12270987302076719,0.3200424306279501,0.5339922119634366,0.24690991087084058,0.14494324420707017,0.014528733361885315,0.08417157545363807,0.11218052210892893,1.9001086298735572,0.06360670644531297,0.7785918713753972,0.4517183061166179,1.55252952364566,0.25286476887811205,0.3871903390789839,0.6812836947559049,0.19284745097064615,0.7671980504163685,0.13879808905062418,0.1334796379229033,0.13272346464447082,0.026055148528655536,0.10894580272633902,0.9728107473189311,1.9407343574847573,0.04941333744818621,0.15975024940638605,0.00972456827599899,0.02831457546335514,0.14073256055991124,0.10740909435793355,0.013098888018987509,0.22987885441148137,0.06059592621068077,0.08031063668602201,0.02783212715985428,0.07357858473221768,0.011959003660535927,0.5068719143856697,0.6371802500036665,0.08494069030348328,0.22418020034558594,0.8131878950764531,0.062371513050777594,0.248385169712094,0.6567623862850951,0.116353386710216,0.06562043029074971,0.1764471724818577,0.25261007709963224,0.0463747001607544,0.018422489772376593,0.12134674688695668,0.10339595071570784,0.02819668213174964,190.11355875988966,3.8193462741958797,0.1509265646249105,0.1684559465440998,0.06729858152777979,0.08246688534634927,0.06632488163927519,0.031727049994685785,0.14488304128860818,0.05916674392778987,0.03888170747404729,0.24651008195758095,0.017304940646738487,0.4311814978894404,0.05389347999982874,0.14165932109261803,0.10562413379579993,1.8393750806412186,0.11736973270132012,0.5292619492657593,0.13588239250390188,0.05042346769289452,0.1347089399757806,0.3206679188349426,0.18429518562402336,1.4146219737421575,1.254138244151676,2.384885755662026,0.2590766136119669,0.0377024231111136,0.042832154550467294,0.6547513898990474,0.40425524668611956,0.031558602699192306,0.02428233638107713,0.08218611022891764,0.266755759489115,0.11513730605105366,0.05811267500746453,0.2032174102484987,0.01872752471365402,0.06278764188652985,0.12323389436761545,0.06868692315686076,0.10048159324730932,0.1096568574270691,0.06785389012108567,0.07216119200495541,0.025744147603631973,0.03355010472319009,0.08004674546975821,0.15400730848853073,0.24806089218594707,0.34248051200921736,0.2667010132545329,0.5895506806685944,0.13367834774192033,0.22899429716113673,6.850579666206613e-05,5.609559957520105e-05,0.0010999233626876048,0.045428122500652535,8.618570721785773,0.09331014333764642,0.09818611538980804,0.07791537343371147,48.06383187323729,13.956209409326107,0.1669739614466721,0.1146017061148541,1.5116531928917993,0.036176471281237355,61.7380080694453,1.5461440450906707,0.22768028123755357,0.22990600132118288,0.05275510885417134,0.04098542019414708,2.4594750995460117,4.0243624587507725,2.1857165593354466,2.1257755200388715,0.02909607990210361,0.24977248237559024,0.05048078110047527,0.017439301041576982,0.5468174841832933,0.42060602839427474,0.32561666960015145,0.6386477402849096,0.26421838288007393,0.05590452417027336,0.912484810527701,0.29192814403745615,0.3154738281442633,0.13569757977455765,0.5487960567035088,1.0282583571445798,0.24899652663293637,0.029530954754022787,0.10032949883634501,0.10885432425999397,0.20596468263752854,0.06763123323321452,0.017816049054204086,0.07662363479460055,0.09824712161668003,0.22445631475295613,0.2912932357404543,0.14691062845486158
open,0.11175366488168947,0.07400175399379805,0.047103079821681604,1.6269905738008674,0.11411198705172865,0.11490867703105323,0.07767714557121508,0.21790758993302006,0.39694922950002365,0.8563143167993985,4.555545421215356,0.24857983772380976,0.0545187608076958,0.09703808126505464,0.2116747066611424,0.15847709271474741,0.22892980100004934,0.6687550290807849,0.700692417944083,0.23427351709688082,0.08485247133648954,0.5594341578544118,0.4745047029282432,0.25659698829986155,0.17147949151694775,0.22550081589724869,0.19316541886655614,0.05078659165155841,0.029497017938410863,0.21251857484458014,0.31529471807880327,0.5688055882928893,0.06703919728170149,0.1372734337928705,0.09228255588095635,0.13476412213640288,0.12448119091277476,0.27786932908929884,0.09160189308022382,0.005104807030875236,0.03161647997330874,0.04614037464489229,0.11107621365226805,0.03884622466284782,0.11357636364118662,0.0416192223347025,0.5874290727369953,0.07449290521617513,0.1429273869143799,0.09716864221263677,0.08202068856917322,0.2115474622696638,0.059630499279592186,0.15450431514182128,0.028627069375943393,0.0873885625769617,0.1791849714500131,0.07249031693208963,0.03578160905453842,0.5926183621922974,0.21396409466979094,0.056207743284176104,31.92106872833392,1.1793413897103164,0.23789457235398004,0.05254843275179155,0.09193533088546246,0.16579172897036187,0.06096086676552659,0.036479820948443376,0.12061623025510926,0.04306361546332482,0.114591987352469,0.21717392484424636,0.704162166453898,1.554172061238205,0.04463998427672777,0.4782229637930868,0.16137941273336764,3.2551041640763287,1.124584526012768,1.1369980600647978,0.40307008277159184,0.09881668275920674,0.18573685052979272,0.2516107968403958,0.2785365631862078,1.7668598072996247,1.9874562927143415,2.686898063548142,0.14222597720072372,0.23718383595405612,0.4772315740119666,1.3276308909116779,0.19654058958985843,0.053069597684952896,0.20767756103305146,0.08446011974592693,0.14205059353844263,0.1372214112780057,1.4580543914344162,1.419226641766727,0.07524870209454093,0.15157851309049875,0.22411688524880446,0.042058603386976756,0.11646171462052735,0.06013768876437098,0.11004493125074077,0.7156261213094695,0.07502265038056066,0.01780614371818956,1.3873747627367266,1.9563133269548416,0.42429207896930166,0.253865755534207,0.504128602478886,0.40254752410692163,1.4857373771083076,0.2621847577684093,0.0,0.0007803930202499032,0.0,0.01919443951919675,8.556674081337405,0.44073920862865634,0.13753217943303753,0.36222415827796794,6.113694797997596,3.8188384416280314,0.030902487749699503,0.1184508533187909,1.8897532065457199,0.3698816630349029,17.51984415203333,0.14310782428947277,3.758115970878862,0.03387316549196839,0.03637690836330876,0.11165840754983947,9.055979571654461,0.6292968307971023,3.3102922693651635,0.5504790146951564,0.03737883988651447,0.1729571401665453,1.3207637365267146,0.08539396547712386,0.4362096916302107,0.2999826767409104,0.30718216818058863,0.44463052312494256,0.20137441364931874,0.4385290101636201,0.5862309903750429,0.14532340121513698,0.4915617356891744,0.08837363540078513,0.8209431969298748,1.67815218665055,0.04417603852925822,0.17073285301739816,0.09385336712875869,0.08159749352489598,0.07373205153271556,0.10244107337348396,0.10772375238593668,0.17969152065052185,0.15207499664393254,0.060852140362840146,0.1478353590500774,0.09235538919165265
orderly,0.2160041811875999,0.14227249147370458,1.970460606215056,2.52527066267794,3.365077433642,0.01855299185262993,0.06235103018116206,0.3318843314773403,0.08311641233740374,1.5842244098894298,0.15189773455495015,0.21494078013347462,0.10298606305150315,0.03806940428330563,0.08840470252471277,0.11846082573174499,0.042741934419609606,0.026897678239038214,0.46693185990443453,1.1412899072747678,0.29394263447466074,0.07879224114003591,0.1748844503890723,0.42747920504189096,0.8033665561815724,1.588739764818456,0.08188188628992066,0.08388085136539303,0.017611915100133047,0.1407415686699096,0.973374583889381,2.206179533881368,0.17744016816141084,0.015039239078760147,0.027475008813780732,0.1510181463090703,0.2241262728930451,0.0313183031976223,0.015671358967665583,0.15033057825348806,0.02138233886216767,0.00874059903435409,0.014169651141855866,0.014907562726875767,0.024504967223037966,0.17651022983773146,1.082394946992281,0.055192313477164134,0.19043191843957175,0.24928538969834335,0.8022769156959839,0.33525251073297113,0.7097719286684878,0.0873332031769678,0.04602971425629221,0.025855835119728,0.32276879803976044,0.1736980715795653,0.031013123865704983,0.04396808068850078,0.016908941906876862,0.11097131425049156,546.727497328262,7.369611427304335,0.39154714782489464,0.039788410198525526,0.07754695326730143,0.07163862664310727,0.1345555166772101,0.03803451039129868,0.1409688013518462,0.05120662432454992,0.04507267666485859,0.022006311934092082,0.06408713373821229,0.7899332928282092,0.05937870081834262,0.49347264555399306,0.10230682080145925,0.8440149886737345,0.18162874394329265,0.5042974774114555,0.456604510472971,0.05849389510694891,0.21864832412393298,0.22078704659361392,0.08405447981203906,1.1679159709892701,1.2167278765700758,2.694302104500821,1.041379743575817,0.47093406767817214,0.13593503972515464,1.280613750903285,0.0756618472514674,0.03374925172829535,0.11719547864049673,0.13935270918591414,0.302230366927688,0.044571497273864225,0.10128853179048747,0.27490268110705074,0.03687624979647808,0.11968961887760088,0.32164221923449077,0.11315978618222289,0.07666715001687407,0.20476612730999477,0.04094150965102017,0.053219970606733114,0.03630969891673885,0.033539729833137244,0.07726080136490054,0.06608433599467389,0.10326268427888863,0.2532706577621866,0.1275201963726431,0.7260868265802856,0.1940549629216548,0.15078496147179976,0.0,0.0,0.00191026899847202,0.004311734999646433,3.820034494274296,0.1668232981755864,0.11428963413345627,0.010504818972549401,46.381231152277905,41.23452186497161,0.015881935760262422,0.04036305642512161,0.31385534431319684,0.02944655853207223,24.65330208989326,0.01370048918761313,0.3933544592146063,0.045994923857506365,0.027815393201308325,0.012450996058760211,76.44371579580184,2.0892730633640895,3.7857699420128483,2.316708441649098,0.2549396176764276,0.18382107519573765,0.09752125907107256,0.04791970920632593,0.3848895984410774,0.9663512455881573,0.32119727093959227,0.12278501252876595,0.07110849654418416,0.02974633709527552,0.4070042734965682,0.7396400481666205,0.37566730129765347,0.05806902336189523,0.16035357140935957,0.07697046289104037,0.21827525450498797,0.026591374829877168,0.035689433600055054,0.09165402897633612,0.2004982476355508,0.12619268149137497,0.018249890737934038,0.03367148287361488,0.09260512614855543,0.13881947440677322,1.1222725523257395,0.34552421182161197
peaceful,0.08313795999856666,0.027060642969445325,9.967117653577588,42.88599020160109,33.96029999049415,1.6290095180738717,14.403444125666283,2.9287039615082904,9.524983073351905,28.585661838122178,8.500077735865489,0.9942470068926923,0.5271643525920808,0.8019233657978475,5.609834712580778,3.635527095524594,5.361194739991333,6.269538628635928,6.750459989878436,2.5802395337453277,0.8221007990650833,0.2722107993904501,1.744876554934308,0.9648882017936558,13.298353876103647,3.7664983282447793,3.6115667829290032,0.09243329800665379,0.11037667840719223,0.47760798706440255,18.549929287983105,17.213885373581434,0.13638319642632268,0.08659231197088957,0.0,0.11855017091147602,0.15714724059216678,0.4543282531667501,0.15235207602381706,0.00633247010409832,0.0,0.04385960102081299,0.004838051914703101,0.0,1.5206568167777732,1.741315233608475,4.775529362610541,0.0560293085873127,0.005120877985973493,0.37863752563134767,0.32283100185486546,2.9590017659938894,7.3339914720272645,8.831678542715963,0.008646099828183651,0.24443452199921012,0.026270960923284292,0.3726087840695982,0.0005789350252598524,0.03428386803716421,0.07321641955059022,0.0,5622.845335621301,368.2193049817736,39.07584686091138,0.08451319951564074,0.18834525300189853,0.13526801101397723,0.14283330521720927,0.01611044688615948,0.0019281699787825346,0.0009913790272548795,0.08637110912241042,0.03819494997151196,0.0,0.0,0.0,0.59088115231134,0.14539751689881086,0.6704627073486336,0.7423761533882498,0.012382950924802572,0.23915996926371008,0.0,0.2725415825843811,0.11274154133570846,0.8395119987544604,0.7190205232909648,0.8735586351394886,2.01074394423631,0.07820655987598002,0.007980055052030366,0.10879973764531314,0.9567723484651651,0.012926485389471054,0.023078720085322857,0.05485739931464195,1.3882899357777205,0.9825473016826436,0.48143811104091583,0.0,0.00804258044809103,0.0,0.0046870599035173655,0.33732549782143906,0.005393280182033777,0.005606660153716803,0.04423670098185539,0.0,0.1927822168217972,0.061637867183890194,0.3273944337852299,0.11793925159145147,0.6885000979527831,0.038401629659347236,0.07546916976571083,0.1360259302891791,0.20822697319090366,0.1447112001478672,0.008012549951672554,0.0,0.0,0.0,0.0,66.3585666953295,0.009174222883302718,0.5515042101033032,0.0,306.5242700713279,766.6345109638787,0.0,0.5901586534600938,0.8118544470053166,0.044251735279209115,575.3739960628009,31.215424944879487,12.853363797185011,0.02255729428725317,0.005465510068461299,0.041443439200520515,1736.2503674055915,94.92639369911194,17.78912177903112,9.466426095546922,0.0032263000030070543,0.053574298741295934,9.620774470560718,2.07933233527001,0.2915085203931085,0.06303572980687022,88.03943913079274,5.1498664538084995,0.5785535173490644,0.0,0.2274894672445953,0.005205830093473196,0.10313192999456078,0.010570273705525324,44.051831250388204,5.593200602917932,1.112108735134825,0.0,0.0,0.0,0.49830044857003486,0.18064805399626493,0.0,0.0006838180124759674,0.1041268864646554,0.271227702498436,0.27181368824130914,0.030017679557204247
populous,0.118702465610113,0.09104887049761601,0.21990066932630725,1.1306965901749209,0.06781709607457742,0.18829252853174694,0.08577615523245186,0.10123568429844454,0.9243304555566283,0.9843455824011471,13.430701958743157,0.6553108045336558,0.2005909320723731,0.31360269751166925,1.1194617508444935,1.093663475367066,2.473429844234488,0.6651127840159461,0.14058292158006225,0.20280937808274757,0.3434243838710245,5.0621557153062895,4.76867255588877,0.8101178293582052,0.8685891808781889,0.24395615665707737,0.557213144376874,0.2997211790061556,0.026461766014108434,0.6636778219544794,0.8147331747895805,0.12730433414981235,0.11185153327824082,0.10128073836676776,0.8549057400232414,0.20006849781202618,0.29509643945493735,0.019215165797504596,0.2565349730430171,0.08892837329767644,0.023731895867967978,0.07708662250661291,0.0792860176297836,0.287035500005004,0.04769700896576978,0.07304105682123918,0.1642080282472307,0.48051886846951675,0.38894482086470816,0.46284359850687906,0.16068439852097072,0.4181968514312757,0.3999144498593523,0.27253029093844816,0.08899409079458565,0.092835363058839,0.27756663342006505,0.13444899319438264,0.10875043441774324,0.23818312658113427,0.13776938346563838,0.1352241324930219,13.400532651226968,0.2089511383092031,0.5173457706841873,0.09968367315013893,0.09120869664184283,0.24076140762190334,0.07769533258397132,0.27508551032224204,0.10559668624773622,0.06578683983389055,0.04861548910412239,0.25819416251033545,0.7368258003843948,1.5657591857889201,0.14747893941239454,0.5310833406256279,0.09582231946114916,5.230722402382526,1.0613758252584375,4.481659713870613,0.2595990611007437,0.20651296767755412,0.30605390686832834,0.8127033939090325,0.40530411327199545,2.0096097301720874,2.6881971802795306,3.549807943752967,0.06889013532781973,0.4535484868683852,0.21214323680032976,2.252644328007591,0.20554553388501517,0.08826859260443598,0.18300608203571755,0.13763078389456496,0.28867878232267685,0.45177025835437234,0.3998984580830438,0.4424872869858518,0.14350741397356614,0.2012157963399659,0.20702175065525807,0.13800707172777038,0.09790474608598743,0.06803656794363633,0.04847441325546242,0.10725265195651446,0.29439717304194346,0.11366989233647473,0.2988637221278623,0.9577472863165895,0.7132383090211079,0.4904468228924088,0.435090950835729,0.40517906656168634,0.2601815843663644,0.018873189197620377,0.0,0.0,0.0008243219926953316,0.0625265707494691,4.268935435866297,0.9214924313710071,0.016905833937926218,0.20384093359461986,5.924414126377087,1.6476048138429178,0.03377036168240011,0.10852936155424686,0.3930467287427746,0.07517183505115099,9.127700672557694,0.07109299398143776,16.366827441292116,0.12089625463704579,0.19004635702003725,0.031498198048211634,31.00495540871634,4.371216482570162,2.436124206884415,0.2244508708245121,0.03562481902190484,0.7216677792166593,0.7702884690224892,0.08501655740838032,0.3327465826878324,0.4501380620349664,8.512225871963892,0.16245638465625234,0.11843125720042735,0.33351735567703145,0.39307801602990367,0.3102873241005,0.9841974326845957,0.3692159370984882,1.7470710104389582,2.2521014231751906,0.5805146543425508,0.1754038969229441,0.1076347847119905,0.0938077551254537,0.23823153143166564,0.2841614204662619,0.14510802896984387,0.09229162726842333,0.2956103307806188,0.07281367771793157,0.33642680480261333,0.30004908893897664
reassuring,0.2836775687756017,0.5775134687282844,18.370649907155894,5.170938139650389,4.691563890199177,2.968066799250664,7.607438030303456,2.9780534545766386,1.3936313608428463,10.401564795640297,2.2372688818577444,3.3712811844889075,0.3140658177435398,6.919493066663563,2.4776707600831287,9.681867739368954,1.4235634811338969,4.887036437168717,28.091805282470887,18.46700479616993,3.07262887613615,4.639318417132017,12.260906210693065,4.288047282199841,11.846712713257148,12.546376701262488,10.212370169581845,0.16963757574558258,1.4220257935812697,2.472033754696895,8.976571651292033,38.86077584771556,4.4361570896580815,2.523196394671686,0.1758858979010256,1.2587264449102804,2.3519052387346164,0.9886272211588221,0.6508443707134575,0.9922293856216129,0.25999440254236106,0.20892137943883426,0.19898553082020953,0.40931351413019,0.4325622166506946,1.055594321602257,23.714947720412965,4.160419403982814,2.9355138744867872,4.324314378067925,37.01356216525164,3.4371542736771517,8.643377027154202,4.455165657738689,0.34577648248523474,0.7327581192948855,2.8208862004394177,1.0231323016341776,0.21018138097133487,0.3815912315621972,0.3958958930161316,0.5749896425404586,6912.346369035993,28.020452466560528,2.0161195162145304,0.9751524758758023,0.6189124914235435,0.6572132129222155,0.8620197673153598,0.6814157498738496,1.612145495833829,0.3897161811692058,0.33586266421480104,0.5890322427731007,0.5216534979699645,7.846617336463169,0.8245520801283419,6.161542288653436,0.8181926321412902,14.728570834769926,7.828173272753702,6.935296997347905,3.230316565789053,0.8182539921544958,1.843064441345632,2.9639253438654123,2.1761348463578543,21.348892527035787,24.72425542266683,53.706372086326155,14.084867400830262,2.46208808679512,1.1693496763764415,13.937974247164675,1.2146368198482378,0.9492316177347675,0.5958074086229317,0.5039674069266766,2.82396478872397,0.6827920167706907,0.42695719670155086,2.365698337991489,0.11894074466545135,0.6811127816326916,2.4438830791041255,0.4900255156098865,0.7179794288531411,2.6812812634161673,0.5575946267636027,0.9889839781390037,0.6113338986760937,1.373948117456166,1.401066233695019,2.383394007119932,3.4946576750080567,1.7529372075296124,2.46888557485363,12.168704459294531,2.3525160928838886,2.1427291800973762,0.0,0.0,0.24217562901321799,0.06821345898788422,175.80515993529116,2.1282515876810066,4.334756787691731,0.3000568087445572,690.1430782208045,676.8763642699923,2.488146407675231,2.3989874238468474,5.073404450202361,2.532901771075558,393.21583292644937,130.67040220089257,5.137322197901085,1.7165777382615488,1.1468242653063498,0.5834261415875517,698.759622560814,12.179607158385807,95.90471667001839,37.50832653656835,1.1363700701040216,4.150269088422647,2.356726791069377,0.5133634580124635,8.115650989151618,7.732273489324143,27.249963769805618,18.888600782367575,1.6784799885499524,0.17925469694728235,7.6262854954984505,5.198839646993292,2.458785749360686,0.7258466691127978,28.41177491581766,4.7882762447407,3.3862119214165887,0.15019817448046524,0.5210072338413738,0.41793886001687497,2.0347961567385937,3.034499969900935,0.15869563911110163,0.5306217754550744,0.8700300335476641,1.5290189488441683,9.9508947949289,2.2222496486792807
rising,0.05511326428828056,0.1510957327560618,0.10302462645006472,0.766077550514126,0.7593815400003194,0.8737823331156278,0.3654801706514945,0.9085990268486057,0.1743440322893548,1.2566735854390014,0.7862135907984893,0.04534270742556146,0.04596560585861198,0.15086593743438925,0.3615416683927606,0.189628711151272,0.21987933333440424,0.9499992739657728,1.6308151532668944,0.5231529282578329,0.3016390564879714,0.04632761056797108,2.236177824948303,1.251825859131145,0.9571476259773988,0.18171514363893948,0.42627018192866567,0.03947299805536806,0.1552838891166175,0.6087507250751366,0.2379345567303517,0.42252013662777443,0.32476294238256287,0.5228065757334264,0.19041973325025197,0.09980477166027413,0.35914697146866104,0.6073072266176496,0.31592419735397925,0.012218726694527504,0.026482889731596515,0.17279986852496876,0.0242180238774381,0.3575682077937046,0.04110741495685488,0.17112377184700733,0.4318042226435068,0.6656799539009626,0.31663201348566616,0.8991924753315743,0.7684420590956833,0.18839821324149852,0.33580922309563555,0.0675402108056602,0.027226634950140882,0.029658282114667145,0.49939841403768925,0.09983440940487753,0.24188681235227705,0.12006811448858912,0.045950009824998084,0.025594855563440433,319.550415317071,0.4211148563331051,0.3498796000623088,0.16216106486996296,0.3290159252823628,0.0532185775994094,0.16440044374310867,0.07672573321451637,0.033613445829601574,0.22002917038945924,0.02729364533004741,0.2055299949874012,0.24103628916796538,1.377441742256451,0.09302571865842714,0.6820413023028067,0.1390275443545701,6.281604528950538,0.488976859550462,1.4668970623443442,0.16415060700256134,0.20084661893071143,0.6175514910211746,0.36809794661340334,0.13197654989363627,0.7100935298583266,4.340214066820636,12.550060307098192,0.21214492216758174,0.087148179388532,0.4027668043990502,2.5161361617192597,0.5944821124441546,0.04690927992857041,0.21363256611083692,0.12763726873754422,0.1934584400469248,0.5683151241026962,0.6632087137336669,0.7740060319283302,0.03950507112034529,0.16531327699238574,0.1467282075903853,0.3227583062771373,0.08372907120531181,0.09676975772580931,0.059344546640318185,0.054122525228649465,0.19437013622548704,0.3960795827314598,2.7685365222220213,0.4038843227892386,1.010337820157586,0.3621237901764317,0.27149960945354246,0.34555892845492053,0.10255057718904936,0.19748500540652003,0.0,0.0,0.01034126989543438,0.0010788611834868789,13.548528304479532,0.5585678049819762,0.4308743126059653,0.1825874732844568,51.93990190404696,23.407147354589043,0.18502706290018978,0.03372769899397099,0.15332698518659527,0.5775950958999374,55.577564644497954,0.028529264345706906,0.38720059454388434,0.22492755099718487,0.2972711562435961,0.11826992788382995,7.5518310092791125,0.4142848082094588,4.416042473162179,0.9914766652587872,0.1233504502914684,0.6756164482738853,0.1152788739654369,0.32366776184289847,0.3820005012422589,0.24875137339677544,1.3435549852526307,0.3931759892570881,0.12975098450237965,0.06887267516401607,0.49344330610529763,0.42477521955239084,0.40735375653719075,0.24032933488774688,2.490037980113808,0.24093384749403413,0.9420173005137258,0.10030018186488121,0.030726516756658384,0.12321050900715136,0.13200336858998085,0.833771165376174,0.018810471205796375,0.07288612514895476,0.12547874627330202,0.18171091046280097,1.1524488075596562,0.16704456022626957
safe,0.20762041068519466,0.32324025344860274,8.739678297628416,4.125945835185121,2.389133315955405,1.0629187081212876,11.692416949590552,5.376525044790469,11.151779105086462,3.687901642289944,1.229820908527472,4.843470494335634,0.20707791749737225,5.085790906887269,0.431330852326937,4.667219911556458,0.5233439710573293,3.5821592818101635,7.666252965282183,6.450171091637458,0.3425713417964289,1.2905941114004236,2.846950571562047,3.008368294322281,2.290935533121228,2.19561397509824,2.6624794717208715,0.5247683501220308,0.21133547619683668,0.3399795399600407,1.9853875809494639,4.071539580472745,0.6516142413893249,0.5759538748388877,0.24839910655282438,0.25228994545614114,0.6080325463844929,1.2796013250481337,0.15921648929361254,0.12527291543665342,0.17846646181715187,0.223854371739435,0.12328377534868196,0.27305055696342606,0.1337605462758802,0.42314025516679976,4.452758941275533,0.4616514434746932,0.5884884979168419,0.8428255979524693,3.7810778130224207,1.3091763409174746,4.162566367522231,0.4945577973994659,0.18730909335135948,0.4360829212673707,0.9546000882692169,0.4142266341805225,0.08149720581423026,0.5484515093266964,0.14803318123449571,0.18272493804397527,810.101150141083,35.81540576284169,11.080778243282111,0.29083271880517714,0.2633189297048375,0.23869067220948637,0.3715719565952895,0.12201190182531718,0.5464541122491937,0.08729246351867914,0.11688420762948226,0.3316644354199525,0.2234246241132496,1.4722870367622818,0.19922821725776885,1.09784614360251,0.15401778316299897,2.4552213436109014,0.8861439822358079,1.0219521531107603,0.9278622455094592,0.5322030488750897,0.5171663984947372,0.9184274011786329,1.2198606671590824,3.7231261426204583,3.139774549170397,4.879666500259191,1.4261289882124402,0.5670150104851928,0.32552690763259307,2.8470973148796475,1.0705022139736684,0.4261611411056947,0.11207063468464185,0.5856417893373873,1.0309807474259287,0.44738316984148696,0.2977876907461905,0.7520897642098134,0.08124175583361648,0.31015363677579444,0.7967624477023492,0.307151822024025,0.4017881426407257,0.3376104804192437,0.11214707922772504,2.0969804436317645,1.5110651231370866,0.2784480410628021,0.4169677657773718,0.756330635456834,0.29990204246132635,0.732151510019321,1.0119518271530978,1.966277697159967,0.5620957914215978,0.7261107125959825,0.0,0.00038821599446237087,0.036740326846484095,0.3512758399883751,175.50862920332293,0.9011770282086218,0.6216810821206309,0.308244069252396,153.58390196284745,152.37228685169248,0.08179871158790775,0.6262853192019975,3.320664190367097,0.21519758983049542,181.28675483135157,15.768890871157055,5.037510175272473,0.10255420906469226,0.3894050634553423,0.057107033469947055,265.32293557410594,12.060676430832245,12.378372948354809,9.819584005730576,0.440723362902645,1.5724443529397831,17.692570529761724,0.12355097956606187,1.6433133621540037,2.3670234417077154,29.237222624215065,10.644524126022588,0.9301041479338892,0.139734111216967,0.8247998035367345,2.2634018369572004,0.9226059501379495,0.3367047672654735,8.808111320911848,0.928681164237787,0.3411020180938067,0.2333936877985252,0.08547038353572134,0.6233828992699273,0.23284500055888202,0.521524624171434,0.08586729287344497,0.13770468642178457,0.35645849026332144,1.1385771773493616,2.5138253793411423,0.4574884383910103
serious,0.05874718764425779,0.060086144680099096,0.5573456651618471,0.9432901507752831,0.5547418412534171,1.3068591055634897,0.5655711014987901,2.2308004154838272,2.3518410189390124,8.081959451672446,10.304514605424629,0.2279486036277376,0.016833704212331213,0.8954492697739624,0.3086842745251488,1.3993595981883118,0.13125844852766022,0.24101910289027728,0.39272522289684275,1.6958706803416135,0.24014174449257553,0.3007596458119224,0.4176664210463059,0.16460180539434077,0.5409280893072719,0.5587245727874688,0.19584084317466477,0.16203697250603,0.034583755645144265,1.1356469908532745,1.1342529088542506,0.5643211068418168,0.19428083230741322,0.11590934921696316,0.4683480164712819,0.12918724168412155,0.16060638871203992,0.28606641624719487,0.08867062556237215,0.02052692994766403,0.20833748579752864,0.10720565496012568,0.19599454779017833,0.18513691022599232,0.07622150406314177,1.4946144613204524,2.214071582926408,0.26378597496659495,0.3932485725163133,0.17768285317288246,0.29196491539187264,0.3082257206115173,0.616959825878439,1.215605381581554,0.07915538733504945,0.057928298261685995,0.11141448088164907,0.09241225381538243,0.08188851333397906,0.4413387153726944,0.13520381474882015,0.19941280438069953,105.61830612053018,12.53212465400793,0.5826746198144974,0.16673497610463528,0.16400611783683416,0.146153252095246,0.14692213008675026,0.2278371012871503,0.26640899327685474,0.15140428921222338,0.14590647530349088,0.11393879959359765,0.15169979290658375,0.14847408093373815,0.1590013364329934,0.4256311522622127,0.09159006076515652,0.540865943657991,0.24569495942705544,0.12171020995447179,0.6452832374816353,0.2838777842189302,0.17092526195483515,0.2139319583402539,0.20376727133407257,0.9926598997808469,1.0067939204309369,0.4089970209861349,0.6619120552277309,0.20592489516639034,0.16620675361264148,2.7894531954589183,0.44973654577188427,0.07838567681028508,0.17928790106088854,0.27191495523948106,1.136040381879866,1.9718291990393482,1.0105572895845398,2.1222425622399896,0.05236509889073204,0.5400451336972765,0.5816267680420424,0.44592605403158814,0.14061528445927252,0.10176500892339391,0.18750672548776492,0.1331765527247626,0.18607824757054914,0.7994914083828917,0.8868439632060472,1.1292043937864946,0.1033400683045329,0.3497830949345371,0.14362650962357293,0.5202114559506299,0.4962570554780541,0.3001690450582828,0.0,0.0,0.003557923948392272,0.0,0.4348680208604492,0.3297716564629809,0.08281269731378416,0.038857880237628706,9.36883890282843,5.279057442494377,0.07645383069757372,0.13978502429381479,0.495138227892312,0.20128316021873616,10.934454034846567,3.0609380974565283,0.6971854825678747,0.1869374043890275,0.024944754906755406,0.060871806235809345,32.35030750298756,3.8442426605943183,2.927147289774439,4.242727158165508,0.1799157060086145,0.08928677996664192,0.9582090803523897,0.16600627180741867,0.30947945455409354,0.3828662507403351,2.2913237367993133,1.6458472227168386,0.1663805326606962,0.2365227561458596,0.12955621680157492,0.4448827358428389,0.9786388112188433,0.27000063063314883,2.6877161545126,3.7548035543368314,0.3436662754502322,0.14962443218246335,0.17524805391440168,0.39272968530531216,0.3043302422956913,0.26889879274676787,0.0750679584180034,0.1297378077688336,0.09195551267475821,0.2812891150788346,0.30429927450677496,0.24351431646209676
sharp,0.3332249516263346,0.5942015015370998,1.1413132024860317,0.4945600372611807,3.2554327836178345,1.36583923393664,2.80383821599321,0.8993616644338545,2.7706396412443155,9.721809622777982,10.50177201145209,0.7944424097369165,0.23947796333118276,1.815621820164779,0.8022842217038573,4.590314989168235,1.4555828356487837,1.2528130516766396,0.5269631642167951,1.0168519901972104,0.30231277457232864,0.8589696160524909,1.0893345102583964,0.47754441632650924,1.5255174296848963,1.116587176022847,0.3817562357355655,0.9452410426162032,0.5124667485865757,0.5668347129710583,1.2811814403690462,1.0018957503010921,0.6998055231744047,1.1999836746745132,2.6499691550106945,0.7889763857554044,0.5594958955121001,0.4111314298934303,0.17593905042758706,0.5384540553809529,0.3135942351295853,0.2361385500985307,0.6798077725946712,0.6378900954027245,0.30341120717002923,0.648616801742719,1.7626103832046738,0.6864402011742641,0.5790480495461452,0.33380760122781794,0.26508045991067775,0.3134234377366738,0.3546267736601294,1.24814710299961,0.10891120655574493,0.841107001509954,0.23105779365116064,0.3517761004991371,0.1069406073902428,0.41780076924260867,0.5165215320830612,0.24508583379861193,64.85235531027871,10.983491554102471,2.248419396550844,0.377534260212542,0.1863533134314821,0.0887097281295155,0.21453296587029058,0.11471572244045092,0.7877434876158986,0.3105284292623054,0.16950588126792354,0.18373669784602775,0.07116694878521912,0.24343753859452022,0.18517657190386672,2.4754271397146113,0.19125234609964537,7.725259308874229,2.710995056260799,4.612629116816436,0.3649395545768357,0.27971020655149914,0.9609402921608421,1.3082888804751747,0.8847129304076589,3.8001660204572545,3.1048945196171243,3.5706604939484237,0.40923820908213315,0.3754663941564935,0.5946780885880614,1.318030204518891,0.14704275921582166,0.1710027939513572,0.37051363086857236,0.6471848200875456,1.02211661026789,2.6196260138605454,4.762720472359433,4.868440792424053,0.14827147644064098,0.09910105898666188,0.2888106523926126,0.9680134429718521,0.11088666606519837,0.2021838391849542,0.21968682648707727,0.8184653028506546,0.17682631177910935,0.21602552933472907,0.5764126874494195,1.073299448524267,0.5299747628115483,0.48385190368628006,0.4075293319200455,0.3818018818128621,1.1172820165738813,0.17938540561317495,0.0,0.0,0.0,0.0,1.715563840057257,0.6774433548664547,0.2754598552137395,0.315436523476194,9.061570252570846,10.054793821589556,0.23061999795390875,0.710934909080521,2.7493186553983975,3.3522986018631684,13.881783216614789,0.6634172924300401,3.766683121798451,0.5751117247682114,0.6939370760503323,0.456012633330829,48.78341069167618,5.221730893943459,7.011586259676605,2.0523905997466727,0.1953641588408601,0.27736398681690844,2.8489132834995914,0.28815184577172204,0.5651805556408362,0.13557108809618512,3.847752700584465,1.6486898270704842,0.15650912015189533,0.5702168911672061,0.3259805111646301,0.08272918846341781,0.2349825241972212,0.1693906860982679,7.38398050373763,0.5422826407817354,0.19328595685237815,0.2930237548129071,0.19651197032817436,0.1170536843607865,0.45993676663903216,0.8703831744691982,0.26955597320784364,0.32086473764218226,0.1722269077108649,0.5154279258065912,1.3383328398945196,0.17765324785165149
slow,0.09708743170631351,0.08674632439215202,0.3417486134421779,2.9185272031463683,0.0320970697212033,0.30010612891055644,0.24557304251356982,0.3080931187214446,0.2810442356276326,1.4594842626102036,10.888841666230292,0.2561858521075919,0.21222478585332283,0.2184084385226015,0.6637438783945981,0.2866774505819194,1.1256808847247157,0.7962728996499209,0.2068785985757131,0.4360284319118364,0.6313785144739086,1.637144491163781,1.9619657169678248,0.15136312764661852,0.20307266964300652,0.2329331054497743,0.056183055392466486,0.1070149299048353,0.18354254391306313,0.6700152078119572,1.4822992704503122,0.029291185659531038,0.013573955133324489,0.043979495538224,0.2508780921343714,0.21564983614371158,0.29172453939099796,0.049250081385253,0.06916898860072251,0.26996564405271783,0.031472655820834916,0.090864928701194,0.12300802748359274,0.09890806407202035,0.24474876992462669,0.1400737467192812,0.1763284798944369,1.2881301969027845,1.4120094781828811,0.40970111172646284,0.1403399726114003,0.9025358902581502,0.3481085049570538,0.9337080918776337,0.08674614897972788,0.1632325741375098,0.22110528391203843,0.08780972198292147,0.31168318328855094,0.18767542353452882,0.10296972868673038,0.08467646921053529,153.589320637926,0.8199341531653772,0.11603410584211815,0.06759212519682478,0.09241698163532419,0.10844796568562742,0.05999668389267754,0.05169168708380312,0.21911218734749127,0.12025388632901013,0.1483182798983762,0.16256787383463234,0.12804039003094658,0.7269836050982121,0.10082885486190207,0.44015945951105095,0.04251156406098744,4.972181495395489,2.435696857057337,4.118330754092312,0.8632112069171853,0.12819097004830837,0.20782778583088657,0.5417411133239511,0.5183113288439927,2.0532439370363136,2.5034171701408923,3.675965260656085,0.28772617486538365,0.10088462199928472,0.3507609923253767,0.924700710864272,0.0769558104875614,0.06465907972597051,0.07427962018118706,0.35067948780488223,0.5540362014289713,0.5875327846224536,0.5855972301651491,0.8389765521787922,0.03208233638724778,0.13853618342545815,0.17440998734673485,0.1524591478955699,0.0760476025607204,0.08780649417894892,0.09383367435657419,0.1727902160564554,0.18192925947369076,0.2238369036349468,2.520640321461542,4.127028823349974,0.412009655017755,0.6732914443637128,0.5022823058243375,0.404079989035381,0.6226789815918892,0.3021309463074431,0.0,0.0,0.0007614499772898853,0.0,1.9602571803479805,0.31824837870226474,0.057565296767279506,0.18758893226186046,2.7136520851709065,0.891232480891631,0.03850801184307784,0.12006590627424885,0.42002537701046094,0.05828551838931162,2.0794160838995595,0.16486755514051765,6.20609364163829,0.24581727627082728,0.12508952985081123,0.25775372561474796,186.42826781536132,32.01703770698077,1.4039415202569216,0.2870922436704859,0.0842896655522054,0.11622030784928938,0.22879561608715449,0.21122899747570045,0.14903055745526217,0.6258131796348607,1.2828527632518671,0.409629321344255,0.033206022053491324,0.23502767847821815,0.5819768229848705,0.7819157677367912,0.38276188175586867,0.45773684772575507,4.666796817968134,3.215274486668932,0.10093065915862098,0.1609904982324224,0.1118183413927909,0.08608519053814234,0.4065027850738261,0.18843132894835435,0.12364116037497297,0.18945073582290206,0.6043663473246852,0.09057171572931111,0.4356362389808055,0.22582082300505135
smooth,0.1755568457483605,0.10237487527774647,0.27573563577607274,1.7829516870551743,0.24334751445348957,0.08822243553004228,0.027373104479920585,0.0946296369979791,0.1425542966235298,1.5538816327316454,4.301837554106896,0.3160483845276758,0.036459181108511984,1.0682791850704234,0.032291527328197844,0.07402595496387221,0.028279974241741,0.1820907284709392,0.6987670089292806,2.6651985154894646,0.1846675944107119,0.7099220828677062,0.8356975816132035,0.23631780974392314,0.1191899684490636,0.2517793846927816,0.38561309253782383,0.131017443312885,0.06345670158043504,0.9111587591469288,1.0164634807151742,1.639242568606278,0.21965705486945808,0.05622819985728711,0.10268060097587295,0.1050290327402763,0.04361424357193755,0.03603396608377807,0.010644848924130201,0.028039372577040922,0.015068107983097434,0.3401662710821256,0.06536883381340886,0.11707631133322138,0.3751482683583163,5.432856421037286,3.7814646163606085,0.23911488725570962,0.4864873122132849,0.715235929004848,0.1359701298060827,0.6540464966674335,0.14305198064539582,1.0349635594320716,0.053716265538241714,0.059075050172396004,0.23229655744580668,0.14848964556585997,0.02339502691756934,0.5495992865762673,0.2847530223953072,0.027958591759670526,265.89070386324966,87.46791121876595,0.22783678366977256,0.06724399054655805,0.17488488844537642,0.34953778322960716,0.1951210700062802,0.07043794391938718,0.5478796509778476,0.10737007130228449,0.051352573017538816,0.05014438935177168,0.3327773432029062,0.23975024336687056,0.20128920633578673,2.399079458671622,0.090554497543053,0.8045363092387561,0.6979120897121902,0.36768156481412007,1.7061371083909762,0.08541140013403492,0.042274221232219134,0.11787887557875365,0.17265074481838383,0.5359654313397186,1.4432578464620747,1.5523271933670912,0.40932856197468936,0.07239207916427404,0.4589679786149645,2.378867142411764,0.07279957787613967,0.3289100335750845,0.04484694421989843,0.06588245031889528,1.8094266381376656,1.0696778563906264,1.2767161876690807,0.8200236973498249,0.014739886479219422,0.08528387152182404,2.423415847326396,0.32193395658396184,0.047957699236576445,0.14635225204983726,0.13129621508414857,0.11346841996419244,0.16345592244761065,0.0840242859267164,0.4702983068127651,0.342269856519124,0.2956170269026188,0.4417458846228328,1.4450641763978638,1.053941206075251,2.4722964305401547,0.6110375431671855,0.0,0.0,0.000637007993645966,0.0,1.1958023048355244,0.2672266037989175,0.7150990508380346,0.099413332703989,11.12794734250383,7.096360475581605,0.023294197424547747,0.21285931117017753,0.4785394800856011,0.1299568896938581,43.196602804469876,24.754949727328494,2.8431569626409328,0.4732284583587898,0.03621292368916329,0.018867450824473053,4.349510039901361,5.312577707998571,7.445843538560439,8.201223809301155,0.03358162989025004,0.04891498188953847,0.47415614168858156,0.10682348610134795,1.0243208284518914,1.7510600081877783,0.4023884628768428,2.4811895547172753,0.02757318166550249,0.4448305312253069,0.5064574902644381,1.9204386972123757,1.6129128712491365,0.06299124562065117,1.5790063039021334,4.000545427843463,0.05589607339061331,1.460485482122749,0.044986224340391345,0.047495452759903856,0.0555438863375457,0.24996308803383727,0.09274253284092993,0.175772962415067,0.01657120896197739,0.4231687953288201,0.3064742063143058,0.06177675267099403
soft,0.04635362979024649,0.1077432211022824,0.18802337814122438,1.8561957320198417,2.692260809475556,0.33618060080334544,0.18895004549995065,0.5750414908397943,0.4353024822194129,2.5327944927848876,0.23057424882426858,0.2297413784544915,0.04280634084716439,0.6316572208888829,0.1850878968834877,0.1049528403673321,0.08768433099612594,1.9071298358030617,0.8790608553681523,0.7268322315067053,0.07401558104902506,0.946269930107519,0.3374114711768925,0.6973207155242562,0.648214514600113,0.9055808847770095,0.545881581492722,0.11020978912711143,0.06040159915573895,0.675005734199658,5.0648541687987745,3.2512713773176074,0.12302153278142214,0.312312577618286,0.030571320094168186,0.642222571419552,0.2490666505182162,0.2610052137169987,0.04306123033165932,0.14448949205689132,0.10311818961054087,0.3750675180926919,0.031013460364192724,0.12615264835767448,0.15372193953953683,0.6035606167279184,1.4685078612528741,0.4365606944775209,0.25388095946982503,0.36551625933498144,3.635668817907572,2.139962167479098,10.467917212983593,1.224149291869253,0.020393380196765065,0.12720999866724014,0.27423033909872174,0.2087519394699484,0.32650676905177534,0.14851684938184917,0.06383274029940367,0.0318456906825304,1158.3525779595366,20.4733168061357,1.9555927005130798,0.07052617112640291,0.22755283303558826,0.1377986592706293,0.22249711165204644,0.024184949696063995,0.18903420655988157,0.09117433009669185,0.07714329089503735,0.11737000057473779,0.08551257010549307,0.4964152192696929,0.07686817087233067,0.30650091101415455,0.026511809788644314,1.7735081049613655,0.8216255174484104,0.3194163106381893,0.5904069237876683,0.08608273905701935,0.13110511237755418,0.11275836080312729,0.43472240190021694,0.31588079454377294,1.9191805897280574,1.2461216249503195,0.9357162949163467,0.6253927473444492,0.13403566950000823,0.9879952853079885,0.10511535219848156,0.05074561131186783,0.1560810583177954,0.609966742573306,0.9458890329115093,0.696733684046194,0.6067166859284043,0.13351102056913078,0.06105767213739455,0.20559144904837012,0.7977496960666031,0.18640988017432392,0.04965365049429238,0.10210794932208955,0.11207017838023603,0.16458159149624407,0.1360294404439628,0.3172313724644482,0.1632214393466711,0.534647956257686,0.09567351150326431,0.4333890217822045,0.3071438476908952,0.8803317840211093,0.29934180807322264,0.27102108439430594,0.0,0.0,0.003145779948681593,0.0,3.537530646659434,0.30782869504764676,0.1829183876980096,0.2538566002622247,8.538545786519535,33.265603492734954,0.051909700501710176,0.274282363941893,0.0426577206235379,0.2709372825920582,31.09335936885327,0.14161702804267406,0.36974339559674263,0.07766265096142888,0.06502966117113829,0.020617459900677204,133.89418428670615,1.5881606373004615,6.106607164954767,5.876533002592623,0.03288444969803095,0.2494322913698852,0.1848732684738934,0.09277241979725659,0.5674887970089912,0.40134357509668916,2.236877605319023,0.2769955029943958,0.03369550034403801,0.12381483125500381,0.3023631679825485,1.2955703597981483,0.6060309938620776,0.1049075888004154,4.825749276438728,0.43950610992033035,0.24849733943119645,0.05151905072852969,0.2166020506992936,0.04901954927481711,0.06479474995285273,0.19175588246434927,0.07181367836892605,0.10786754195578396,0.5316617921926081,0.7588817363139242,0.7023937606718391,0.8758988776244223
soothing,0.026868705942305837,0.024528526203084766,0.07617066451535948,0.956365386979229,2.020764387195868,0.2946013342181004,0.01271692005082059,0.2564483814558116,0.1410677531633837,1.075327654190687,0.23548007505257829,0.03793262726239277,0.016652470553879084,0.0668945321305614,1.9393359055491146,0.6648093416824281,0.9808478637380631,0.43853812697091143,0.028369093411384938,0.5678726238508602,0.004449009882719679,0.053337276308241144,0.06705033950566985,0.05616724028340059,0.344803851600318,0.6176214015804362,0.19044418967615684,0.03318096202264087,0.017198113353060762,0.1431626973921425,3.424001926221308,0.2175556358216113,0.061690310321750985,0.029429705493555502,0.05989100461243879,0.01447977627216801,0.2423059238322196,0.2232579626199822,0.010154178090516552,0.01974569421497563,0.05320918285354992,0.005399776811373158,0.07480092303285346,0.023074550536705374,0.021102851685384394,0.04165061222715849,0.023254568273273435,0.005431489928469091,0.06570852002198535,0.40777727636327654,0.1188336362621385,0.39182400622348723,0.289100609165132,0.15989209412816763,0.015801389648032682,0.0354321504797781,0.1745139918691052,0.09952773350553912,0.013979179947341436,0.018503456943051333,0.03936971654334798,0.07611805613640854,413.8880550754965,6.62179784037869,3.675804895959402,0.08937803723330262,0.042167901133950636,0.05200212885466726,0.11863621987725992,0.023989340366412648,0.0314896321907554,0.02736529529715881,0.06054955123111938,0.028268350896837546,0.03872163106552762,0.1308811312339344,0.026162145387274904,0.04364832729818602,0.020853020782084286,0.09387747403616231,0.059764129519550124,0.03567401776678025,0.13840962297354054,0.05560473488428386,0.07217973739577133,0.03451354965761766,0.07432511622556603,0.4431256186403516,0.24139677892014788,0.5849339094789343,0.042927193258265106,0.02346554134757639,0.14963682579497117,0.14537991313912357,0.048341651542969544,0.12114048567360669,0.017382067666318335,0.2551612464089601,0.5602048249574949,0.22560673836841438,0.035787718904316534,0.11672943033971706,0.020052101666152566,0.03050954369072656,0.1783241644779423,0.06759605550809056,0.06341151535806944,0.04914041592257945,0.01339894194583735,0.027283061787386487,0.05036180677052471,0.050272004219436894,0.20571600010475777,0.3086677909116773,0.026362106306692112,0.05225469468882693,0.008933964294897123,0.021367668782261262,0.06415575437142707,0.02599417549942018,1.6415600839536637e-05,0.0,0.01109201907638635,0.008344698151176999,0.1196111345469717,0.05631846649083627,0.005763954815108718,0.036439950178362324,40.584446918327075,11.150355788553497,0.04997145215011756,0.10715235806208057,0.3662349830730136,0.05441281913977036,13.29718324301038,0.15267251291775352,0.10418689725111108,0.018731387168202218,0.0044525866864546515,0.004790894818540892,43.35516209230366,56.12612760694708,0.5142673783657301,0.3928743095691516,0.01132624613291,0.037739914879125536,0.1643504320263105,0.006889363747433208,0.25048899009038905,0.20667148141816938,10.177787804828824,0.12174031336647317,0.009448067975142749,0.03924591527629673,0.21836826837477474,0.27846165903787323,0.09152457387483537,0.11454911603217965,3.4263023189467106,0.1220743680950136,0.02590681410504203,0.014083894757021653,0.06139579810246687,0.03931244960008229,0.1059200459226588,0.06533589026338404,0.028561431976925178,0.024088313613262358,0.16992682315657248,0.29226156926370095,0.3266411096199704,0.12261247837669487
static,0.2839728398248553,0.2395270203705877,3.161375730764121,2.6890801035333425,0.20225859875790775,0.12770764983724803,0.21998201473616064,0.7815993106923997,5.229505219496787,81.49796037748456,109.40680471481755,3.2306334041059017,0.5136929183499888,5.584278246155009,2.1356623615138233,1.7582950233481824,3.8576152743771672,1.8972800681367517,0.4949265378527343,2.3472798974253237,6.057183271273971,4.939919665455818,1.34169776563067,0.28389034839347005,0.4176147188991308,0.5470153565984219,0.9849631150718778,0.399334762012586,1.2863208735361695,1.0878804582171142,1.7840832138899714,0.4981861317064613,0.11427823174744844,0.3452552006347105,5.8941316024865955,0.1617388881277293,0.17034102347679436,0.49859447311609983,0.09122585831210017,0.6077843210659921,0.3831391967833042,0.30901693319901824,0.8103695763275027,0.2777517148060724,0.11876997957006097,0.21804469043854624,0.8364709704183042,6.28807567525655,4.037295803660527,1.0203085049288347,0.2822975816670805,0.3650238969712518,0.3944287995691411,1.6362093857023865,0.2077536133583635,0.18753461446613073,0.2357595320791006,0.09408819070085883,0.09922140929847956,0.10886908893007785,0.11589250923134387,0.038619719445705414,45.38721189647913,8.989604172063991,2.5816622879356146,0.3583516078069806,0.2575114998035133,0.1003597512608394,0.1927963210036978,0.24198755831457675,0.5205872890073806,0.24557168898172677,0.13894746219739318,0.4343560665147379,0.41639566933736205,2.0007765168556944,0.2783897111658007,1.9875929440604523,0.3522689777892083,15.225286919856444,8.750189859420061,7.933957677334547,1.27277354686521,0.2674680494237691,0.6458146458026022,1.1877844682894647,1.1807165992213413,4.554819147568196,12.584391630953178,10.135305498261005,0.9217021116055548,0.08430694043636322,1.142307777889073,2.304182707797736,0.20230078080203384,0.10074000130407512,0.05597319104708731,0.2656062780879438,1.8820612359559163,5.793806986068375,6.177336669526994,7.834946645656601,0.046785210724920034,0.37981617846526206,0.9075684666167945,0.17246770742349327,0.533986683934927,0.1916923774406314,0.11534654954448342,0.3726952781435102,0.8508529488462955,0.6603005509823561,1.4285190347582102,8.510841539362445,1.5019939247285947,2.617498150561005,2.917929079849273,5.687521060695872,2.2685541631653905,0.23622211953625083,0.0,0.0,0.018641839735209942,0.0,4.240212617907673,3.602472832193598,0.33590480126440525,1.5610410198569298,4.79875226598233,1.878250994719565,0.1748200193978846,0.18767170002683997,1.1480068966047838,0.5194848547689617,1.6760760555043817,0.5116899707354605,9.212823566514999,0.28785369638353586,0.300248836632818,0.6161883589811623,99.99283068953082,72.03059122897685,1.9597457069903612,0.8183868883643299,0.5174326808191836,0.13687536027282476,1.1482052819337696,0.5860315675381571,5.891786598134786,2.831290904665366,1.124904882744886,0.6536031127907336,0.03566831047646701,1.0634444262832403,1.0073008835315704,0.996373108937405,3.197150898631662,0.43576149200089276,14.820871067466214,15.40064090047963,2.094517763471231,1.1976915947161615,0.21934569149743766,0.17726355022750795,0.7034340263344347,0.5626203147694468,0.16394831973593682,0.2674850528128445,0.23568527994211763,0.1320992298424244,1.1613335230504163,0.34130636299960315
unbalanced,0.09158202734397491,0.3303900726896245,1.0938735212766915,1.0363711887366662,1.0788056938326918,2.132043889374472,0.38283358127227984,1.1949989074782934,1.3489663105792715,1.5919252157618757,1.6021159328374779,0.11335473688086495,0.3829267915680248,0.23810176472761668,0.25965151775380946,0.1117656695714686,0.6347533063308219,0.2932750539184781,1.6287247888067213,1.0759059611445991,0.38457406617089873,1.2964574679353973,0.5027538706635823,0.6827844242252468,0.7676784738832794,2.071004441499099,0.6004807983408682,0.07934665900756954,0.21302842917430098,0.3475043457438005,2.655733624851564,9.677393054014829,0.9012007812088996,0.5725946749043942,0.06224530244799098,0.06750520050263731,0.9690954906691331,0.13260428640933242,0.12248502662987448,0.2437027313062572,0.26294319662702037,0.869179551351408,0.0610137346884585,0.0943127090431517,0.1693568489026802,2.6419898825406563,2.1664054687826138,0.24666744511705474,0.7486495217162883,1.1351479357108474,1.7322650060996239,4.663718672567484,1.7227702921372838,0.5027569694138947,0.11360397625685437,0.3070073470589705,0.26097420445876196,0.3866018740882282,0.030024401006812695,0.18503645986129413,0.028046746680047363,0.08378417729545617,412.4494809166463,34.47666754825332,1.5535757232501055,0.14691280821352848,0.11866642265158589,0.2095158282936609,0.2185205883179151,0.15054663983755745,0.23718264708440984,0.08683613721223082,0.0835121340896876,0.1646734587739047,0.07205158855140326,0.4762876442509878,0.2856547491719539,0.5588434352175682,0.13215332852996653,1.517059643229004,0.9650222136951925,0.37118079211359145,0.4100996475899592,0.09463312858861173,0.30478462567043607,0.4384429310230189,0.30364993735565804,0.6584003173120436,1.7991615461651236,1.1292981572478311,1.10505421293783,0.38618771554683917,0.14154980541934492,2.990586809202796,0.2133496482465489,0.32548788104759296,0.21709869780170266,0.2663088915505796,1.2687437852291623,1.2209518222589395,2.0882862687285524,0.8511888364701008,0.03570143726392416,0.3462899675068911,0.6135915898630628,0.4045284184576303,0.2349793391476851,0.2365436421969207,0.09389836672926322,0.24030136389046675,0.08542128176850383,0.314954913679685,0.30977239477215335,0.44331181526649743,0.23722579031891655,0.4700323487268179,0.6126330225451966,1.238639434450306,0.3797699897804705,0.27949023761902936,0.0,0.0012795700458809733,0.02263007769943215,0.01542558382061543,6.751185840679682,0.5244746455209679,0.35502862989960704,0.1877007961484196,15.445177069152123,47.39846365331323,0.035742045532970224,0.33269455395202385,1.2621264910849277,0.16130018661351642,123.29918805212219,2.054478251848195,2.706067643041024,0.8934942096457235,0.05715928444988094,0.02966390550864162,17.76554589263833,7.114221190742683,8.105076747509884,3.8176299000733707,0.032510738899873104,0.38254480843170313,0.20412813291841303,0.1375664390361635,0.7386032202339265,0.6735830652905861,0.5046337903477252,1.6810056248723413,0.08749457500380231,0.11086058467117255,0.35744660242198734,1.134558890498738,0.7003241353413614,0.17569852144879405,5.509972409035981,2.078450179378706,0.07224946831775014,0.12014256467227824,0.20092093307539471,0.06511476576997666,0.23552030156861292,0.31986333277018275,0.07032226834417088,0.1466803625698958,0.34544343020388624,0.5165071457086015,0.23767478250374552,0.3599108389535104
uncomfortable,0.0,0.0,0.02017785474890843,0.7245017285458744,0.9142811232086387,0.05186207139195176,0.052034630556590855,0.06744272780451865,0.009886569809168577,0.00897914997767657,0.012279200367629528,0.003033980028703809,0.3236089013516903,0.0,0.0,0.0,0.0,0.001461439998820424,0.3890825118869543,2.067873283755034,0.16752303787507117,0.0005748880212195218,0.2878376456355909,0.015301969717256725,0.656153145711869,0.15538250131066889,1.4970303801819682,0.03959290124475956,0.0,0.4101007721037604,1.9168813492287882,2.311305419570999,0.19021105533465743,0.08493158419150859,0.0,0.016165899112820625,0.0,0.0,0.0,0.008347499882802367,0.0,0.0,0.0,0.0,0.0,1.2500267028808594,2.1103990832343698,0.16122139990329742,0.15668025583727285,0.43527261447161436,3.1982143267523497,0.1813143182080239,2.9298030138015747,2.589055384276435,0.0,0.0,0.0,0.0,0.0,0.0,0.051999300718307495,0.0,575.953042877637,12.234015538590029,0.5397436646744609,0.018603499978780746,0.028948400169610977,0.07009996753185987,0.019637899473309517,0.1361234998330474,0.0,0.0,0.056849739979952574,0.0516589789185673,0.03422387037426233,0.23756104812491685,0.0,1.5155220446176827,0.1557387989014387,0.8739669274073094,0.07646549679338932,0.09177708276547492,0.0,0.0,0.04102509841322899,0.0,0.09845520183444023,0.24958036985481158,1.0463048558449373,0.9753700249275425,0.0,0.0,0.0,0.4446733486784069,0.028395390254445374,0.0,0.0,0.34631460532546043,0.3735449423547834,0.0934036010876298,0.0,0.0,0.0,0.0,0.15723750858160201,0.004924539942294359,0.05030580051243305,0.12108159810304642,0.0,0.0,0.09613330289721489,0.01409232965670526,0.0,0.0,0.003393509890884161,0.08152530586812645,0.13751431989658158,0.14448465954046696,0.4983809086322708,0.0,0.0,0.0,0.0,0.0,8.547309212764958,0.04914860054850578,0.0,0.0,12.731528271455318,31.35449556234562,0.019713599234819412,0.16365611006040126,0.0,0.23073399811983109,161.70062107918784,0.018876399844884872,0.07227810099720955,0.0,0.009686239995062351,0.0,9.80524179758504,11.851356081198901,3.239035605743993,0.8369541855136049,0.0,0.0,0.0,0.029725687578320503,0.17464250326156616,0.0,0.012623874165001325,0.15968020306900144,0.11445869877934456,0.0,0.06545999646186829,0.0,0.29269909719005227,0.0,0.7687525907531381,0.6170917467679828,0.0,0.0,0.0,0.0,0.0763102793134749,0.09273604862391949,0.0,0.0,0.0,0.024429450277239084,0.41168603766709566,0.0
wet,0.12547344411723316,0.14013354323105887,0.6875978292373475,3.486966901091364,1.0448284404992592,0.3355391070799669,0.4194102814217331,0.7680506247706944,0.9312735479325056,1.9142237199121155,1.8045849259688111,1.4775504015706247,0.037473707663593814,0.4734843692567665,0.07399017275020014,0.13048220274504274,0.22250748857914004,0.07148715801304206,0.9907721914350986,0.6513587830413599,0.030167283919581678,0.15220482216682285,1.943749529978959,1.326312008081004,0.9287728300841991,0.5123931050184183,1.4935777396021876,0.14815133786396473,0.20403208714560606,0.4162733393313829,1.3061682275510975,0.41532978815666866,0.4666775998484809,0.03153779912099708,0.052562374679837376,0.17449803900672123,0.1980079690401908,0.09843860732507892,0.045307151551241986,0.08569478639401495,0.08410190846188925,0.07967145851580426,0.043607296771369874,0.05262138950638473,0.06265204648661893,0.1503349181584781,0.22545413457555696,0.10633870442688931,0.4800503525984823,0.05191870662383735,0.9372657151398016,1.9392915439093485,1.6377919046208262,0.9882485749112675,0.050784171267878264,0.10404204380029114,0.10017563379369676,0.12979091711167712,0.051336296630324796,0.2499678047715861,0.15058568870881572,0.04483840228203917,154.09340193631942,25.904728959241766,0.9186248155019712,0.24176250064920168,0.09982251511246432,0.14627958775963634,0.16821085500123445,0.031284102849895135,0.06740252245799638,0.08865587486798177,0.2674635932635283,0.16181191090436187,0.03922240303654689,0.13524000441248063,0.05273982745711692,0.23667713384202216,0.06904264073818922,0.5691745579715644,0.19079303913167678,0.27407486973970663,0.24255880462442292,0.08926276942293043,0.21376126039103838,0.25514941498840926,0.2919519192655571,0.3800471784634283,0.6869764572038548,1.0207825061588665,0.3148285066417884,0.06608520062582102,0.3269285278292955,0.5698671253630891,0.22392417970695533,0.27076187467901036,0.16821780466125347,0.44673025120573584,0.47107251967827324,0.565735590265831,0.571942164824577,0.635436732256494,0.11700464048044523,0.31116052287688944,0.2795303322491236,0.1960755252657691,0.0855923515628092,0.05672107120335568,0.03847111998766195,0.06540829072764609,0.09852020698599517,0.036938505654688925,0.5525229130726075,0.4152738570992369,0.08005467445764225,0.1426968285231851,0.20926645447616465,0.24411733075976372,0.14296881393238436,0.09751282427168917,0.0,0.0,0.0,0.00014812299923505634,0.1308530811802484,0.13330083612527233,0.5620610865298659,0.4841633350297343,9.495366322655173,10.823821452533593,0.08018766799068544,0.2490011504432914,0.27410909021273255,0.11415050114010228,15.914231284637935,0.9501105044037104,2.07425550246262,0.02940132205549162,0.018629080906976014,0.026727063501311932,19.23934156386531,4.787042894706246,0.6203912718192441,0.4886733737657778,0.04580572375198244,0.3034033742005704,0.25321211814298294,0.13464245057548396,0.05120618247019593,0.2304612856823951,0.901329501386499,1.0041313508263556,0.11322330680559389,0.0908554661218659,0.07578483040560968,0.5011456976062618,0.25645745458314195,0.10488470410200534,6.648412598100549,2.2842934945656452,0.6201654100586893,0.6001674783765338,0.09923700531362556,0.16621213626785902,0.2123493477993179,0.1877169177023461,0.09311253036139533,0.21810704458039254,0.39808902231015963,0.4728885332297068,0.25645598431583494,0.4704245678076404
